[debug] [2026-08-21T23:45:19.550Z] ----------------------------------------------------------------------
[debug] [2026-08-21T23:45:19.554Z] Command:       /usr/local/bin/node /usr/local/bin/firebase deploy --only hosting
[debug] [2026-08-21T23:45:19.554Z] CLI Version:   15.28.1
[debug] [2026-08-21T23:45:19.554Z] Platform:      darwin
[debug] [2026-08-21T23:45:19.554Z] Node Version:  v24.19.0
[debug] [2026-08-21T23:45:19.554Z] Detected Agent: codex_cli
[debug] [2026-08-21T23:45:19.554Z] Time:          Fri Aug 21 2026 16:45:19 GMT-0700 (Mountain Standard Time)
[debug] [2026-08-21T23:45:19.554Z] ----------------------------------------------------------------------
[debug] 
[debug] [2026-08-21T23:45:20.010Z] > command requires scopes: ["email","openid","https://www.googleapis.com/auth/cloudplatformprojects.readonly","https://www.googleapis.com/auth/firebase","https://www.googleapis.com/auth/cloud-platform"]
[debug] [2026-08-21T23:45:20.011Z] > authorizing via signed-in user (sandiepietz@gmail.com)
[debug] [2026-08-21T23:45:20.011Z] [iam] checking project hours-tracker-505617 for permissions ["firebase.projects.get","firebasehosting.sites.update"]
[debug] [2026-08-21T23:45:20.017Z] Checked if tokens are valid: false, expires at: 1787356550421
[debug] [2026-08-21T23:45:20.017Z] Checked if tokens are valid: false, expires at: 1787356550421
[debug] [2026-08-21T23:45:20.017Z] > refreshing access token with scopes: []
[debug] [2026-08-21T23:45:20.018Z] >>> [apiv2][query] POST https://www.googleapis.com/oauth2/v3/token [none]
[debug] [2026-08-21T23:45:20.018Z] >>> [apiv2][body] POST https://www.googleapis.com/oauth2/v3/token [omitted]
[debug] [2026-08-21T23:45:20.030Z] *** [apiv2] error from fetch(https://www.googleapis.com/oauth2/v3/token, {"headers":{},"method":"POST","body":{"type":"Buffer","data":[45,45,45,45,45,45,45,45,45,45,45,45,45,45,45,45,45,45,45,45,45,45,45,45,45,45,45,45,101,99,101,102,57,101,50,54,56,98,54,49,102,97,50,49,53,98,101,54,51,50,52,48,13,10,67,111,110,116,101,110,116,45,68,105,115,112,111,115,105,116,105,111,110,58,32,102,111,114,109,45,100,97,116,97,59,32,110,97,109,101,61,34,114,101,102,114,101,115,104,95,116,111,107,101,110,34,13,10,13,10,49,47,47,48,54,66,115,102,79,56,113,120,116,106,115,57,67,103,89,73,65,82,65,65,71,65,89,83,78,119,70,45,76,57,73,114,102,75,52,97,110,106,114,78,48,72,121,103,74,55,122,69,55,65,53,121,73,80,95,86,68,122,68,81,121,65,111,69,79,116,120,71,66,90,83,103,88,56,68,115,73,84,69,103,114,105,89,69,83,99,86,81,111,71,79,70,70,68,121,51,67,85,69,13,10,45,45,45,45,45,45,45,45,45,45,45,45,45,45,45,45,45,45,45,45,45,45,45,45,45,45,45,45,101,99,101,102,57,101,50,54,56,98,54,49,102,97,50,49,53,98,101,54,51,50,52,48,13,10,67,111,110,116,101,110,116,45,68,105,115,112,111,115,105,116,105,111,110,58,32,102,111,114,109,45,100,97,116,97,59,32,110,97,109,101,61,34,99,108,105,101,110,116,95,105,100,34,13,10,13,10,53,54,51,53,56,52,51,51,53,56,54,57,45,102,103,114,104,103,109,100,52,55,98,113,110,101,107,105,106,53,105,56,98,53,112,114,48,51,104,111,56,52,57,101,54,46,97,112,112,115,46,103,111,111,103,108,101,117,115,101,114,99,111,110,116,101,110,116,46,99,111,109,13,10,45,45,45,45,45,45,45,45,45,45,45,45,45,45,45,45,45,45,45,45,45,45,45,45,45,45,45,45,101,99,101,102,57,101,50,54,56,98,54,49,102,97,50,49,53,98,101,54,51,50,52,48,13,10,67,111,110,116,101,110,116,45,68,105,115,112,111,115,105,116,105,111,110,58,32,102,111,114,109,45,100,97,116,97,59,32,110,97,109,101,61,34,99,108,105,101,110,116,95,115,101,99,114,101,116,34,13,10,13,10,106,57,105,86,90,102,83,56,107,107,67,69,70,85,80,97,65,101,74,86,48,115,65,105,13,10,45,45,45,45,45,45,45,45,45,45,45,45,45,45,45,45,45,45,45,45,45,45,45,45,45,45,45,45,101,99,101,102,57,101,50,54,56,98,54,49,102,97,50,49,53,98,101,54,51,50,52,48,13,10,67,111,110,116,101,110,116,45,68,105,115,112,111,115,105,116,105,111,110,58,32,102,111,114,109,45,100,97,116,97,59,32,110,97,109,101,61,34,103,114,97,110,116,95,116,121,112,101,34,13,10,13,10,114,101,102,114,101,115,104,95,116,111,107,101,110,13,10,45,45,45,45,45,45,45,45,45,45,45,45,45,45,45,45,45,45,45,45,45,45,45,45,45,45,45,45,101,99,101,102,57,101,50,54,56,98,54,49,102,97,50,49,53,98,101,54,51,50,52,48,13,10,67,111,110,116,101,110,116,45,68,105,115,112,111,115,105,116,105,111,110,58,32,102,111,114,109,45,100,97,116,97,59,32,110,97,109,101,61,34,115,99,111,112,101,34,13,10,13,10,13,10,45,45,45,45,45,45,45,45,45,45,45,45,45,45,45,45,45,45,45,45,45,45,45,45,45,45,45,45,101,99,101,102,57,101,50,54,56,98,54,49,102,97,50,49,53,98,101,54,51,50,52,48,45,45,13,10]}}): Error: getaddrinfo ENOTFOUND www.googleapis.com
[error] Authentication Error: Your credentials are no longer valid. Please run firebase login --reauth

For CI servers and headless environments, generate a new token with firebase login:ci
[debug] [2026-08-21T23:45:20.031Z] [iam] error while checking permissions, command may fail: Authentication Error: Your credentials are no longer valid. Please run firebase login --reauth

For CI servers and headless environments, generate a new token with firebase login:ci
[debug] [2026-08-21T23:45:20.031Z] Checked if tokens are valid: false, expires at: 1787356550421
[debug] [2026-08-21T23:45:20.031Z] Checked if tokens are valid: false, expires at: 1787356550421
[debug] [2026-08-21T23:45:20.031Z] > refreshing access token with scopes: []
[debug] [2026-08-21T23:45:20.032Z] >>> [apiv2][query] POST https://www.googleapis.com/oauth2/v3/token [none]
[debug] [2026-08-21T23:45:20.032Z] >>> [apiv2][body] POST https://www.googleapis.com/oauth2/v3/token [omitted]
[debug] [2026-08-21T23:45:20.033Z] *** [apiv2] error from fetch(https://www.googleapis.com/oauth2/v3/token, {"headers":{},"method":"POST","body":{"type":"Buffer","data":[45,45,45,45,45,45,45,45,45,45,45,45,45,45,45,45,45,45,45,45,45,45,45,45,45,45,45,45,56,53,99,55,48,52,102,101,50,97,100,51,48,50,49,99,99,101,99,100,102,48,51,102,13,10,67,111,110,116,101,110,116,45,68,105,115,112,111,115,105,116,105,111,110,58,32,102,111,114,109,45,100,97,116,97,59,32,110,97,109,101,61,34,114,101,102,114,101,115,104,95,116,111,107,101,110,34,13,10,13,10,49,47,47,48,54,66,115,102,79,56,113,120,116,106,115,57,67,103,89,73,65,82,65,65,71,65,89,83,78,119,70,45,76,57,73,114,102,75,52,97,110,106,114,78,48,72,121,103,74,55,122,69,55,65,53,121,73,80,95,86,68,122,68,81,121,65,111,69,79,116,120,71,66,90,83,103,88,56,68,115,73,84,69,103,114,105,89,69,83,99,86,81,111,71,79,70,70,68,121,51,67,85,69,13,10,45,45,45,45,45,45,45,45,45,45,45,45,45,45,45,45,45,45,45,45,45,45,45,45,45,45,45,45,56,53,99,55,48,52,102,101,50,97,100,51,48,50,49,99,99,101,99,100,102,48,51,102,13,10,67,111,110,116,101,110,116,45,68,105,115,112,111,115,105,116,105,111,110,58,32,102,111,114,109,45,100,97,116,97,59,32,110,97,109,101,61,34,99,108,105,101,110,116,95,105,100,34,13,10,13,10,53,54,51,53,56,52,51,51,53,56,54,57,45,102,103,114,104,103,109,100,52,55,98,113,110,101,107,105,106,53,105,56,98,53,112,114,48,51,104,111,56,52,57,101,54,46,97,112,112,115,46,103,111,111,103,108,101,117,115,101,114,99,111,110,116,101,110,116,46,99,111,109,13,10,45,45,45,45,45,45,45,45,45,45,45,45,45,45,45,45,45,45,45,45,45,45,45,45,45,45,45,45,56,53,99,55,48,52,102,101,50,97,100,51,48,50,49,99,99,101,99,100,102,48,51,102,13,10,67,111,110,116,101,110,116,45,68,105,115,112,111,115,105,116,105,111,110,58,32,102,111,114,109,45,100,97,116,97,59,32,110,97,109,101,61,34,99,108,105,101,110,116,95,115,101,99,114,101,116,34,13,10,13,10,106,57,105,86,90,102,83,56,107,107,67,69,70,85,80,97,65,101,74,86,48,115,65,105,13,10,45,45,45,45,45,45,45,45,45,45,45,45,45,45,45,45,45,45,45,45,45,45,45,45,45,45,45,45,56,53,99,55,48,52,102,101,50,97,100,51,48,50,49,99,99,101,99,100,102,48,51,102,13,10,67,111,110,116,101,110,116,45,68,105,115,112,111,115,105,116,105,111,110,58,32,102,111,114,109,45,100,97,116,97,59,32,110,97,109,101,61,34,103,114,97,110,116,95,116,121,112,101,34,13,10,13,10,114,101,102,114,101,115,104,95,116,111,107,101,110,13,10,45,45,45,45,45,45,45,45,45,45,45,45,45,45,45,45,45,45,45,45,45,45,45,45,45,45,45,45,56,53,99,55,48,52,102,101,50,97,100,51,48,50,49,99,99,101,99,100,102,48,51,102,13,10,67,111,110,116,101,110,116,45,68,105,115,112,111,115,105,116,105,111,110,58,32,102,111,114,109,45,100,97,116,97,59,32,110,97,109,101,61,34,115,99,111,112,101,34,13,10,13,10,13,10,45,45,45,45,45,45,45,45,45,45,45,45,45,45,45,45,45,45,45,45,45,45,45,45,45,45,45,45,56,53,99,55,48,52,102,101,50,97,100,51,48,50,49,99,99,101,99,100,102,48,51,102,45,45,13,10]}}): Error: getaddrinfo ENOTFOUND www.googleapis.com
[error] Authentication Error: Your credentials are no longer valid. Please run firebase login --reauth

For CI servers and headless environments, generate a new token with firebase login:ci
[debug] [2026-08-21T23:45:20.033Z] Authentication Error: Your credentials are no longer valid. Please run firebase login --reauth

For CI servers and headless environments, generate a new token with firebase login:ci
[error] 
[error] Error: Assertion failed: resolving hosting target of a site with no site name or target name. This should have caused an error earlier
[debug] [2026-08-21T23:45:20.305Z] Error: EPERM: operation not permitted, open '/Users/sandiepietz/.config/configstore/firebase-tools.json.469409683'
    at Object.openSync (node:fs:622:18)
    at writeFile.writeFileSync [as sync] (/usr/local/lib/node_modules/firebase-tools/node_modules/write-file-atomic/index.js:205:13)
    at set all (/usr/local/lib/node_modules/firebase-tools/node_modules/configstore/index.js:61:20)
    at Configstore.delete (/usr/local/lib/node_modules/firebase-tools/node_modules/configstore/index.js:101:12)
    at process.<anonymous> (/usr/local/lib/node_modules/firebase-tools/lib/bin/cli.js:95:45)
    at process.emit (node:events:521:24)
    at process.exit (node:internal/process/per_thread:236:15)
    at Timeout._onTimeout (/usr/local/lib/node_modules/firebase-tools/lib/errorOut.js:20:17)
    at listOnTimeout (node:internal/timers:635:17)
    at process.processTimers (node:internal/timers:571:7)
[error] 
[error] Error: An unexpected error has occurred.
[debug] [2026-08-21T23:45:37.189Z] ----------------------------------------------------------------------
[debug] [2026-08-21T23:45:37.190Z] Command:       /usr/local/bin/node /usr/local/bin/firebase deploy --only hosting
[debug] [2026-08-21T23:45:37.190Z] CLI Version:   15.28.1
[debug] [2026-08-21T23:45:37.190Z] Platform:      darwin
[debug] [2026-08-21T23:45:37.190Z] Node Version:  v24.19.0
[debug] [2026-08-21T23:45:37.190Z] Detected Agent: codex_cli
[debug] [2026-08-21T23:45:37.191Z] Time:          Fri Aug 21 2026 16:45:37 GMT-0700 (Mountain Standard Time)
[debug] [2026-08-21T23:45:37.191Z] ----------------------------------------------------------------------
[debug] 
[debug] [2026-08-21T23:45:37.488Z] > command requires scopes: ["email","openid","https://www.googleapis.com/auth/cloudplatformprojects.readonly","https://www.googleapis.com/auth/firebase","https://www.googleapis.com/auth/cloud-platform"]
[debug] [2026-08-21T23:45:37.488Z] > authorizing via signed-in user (sandiepietz@gmail.com)
[debug] [2026-08-21T23:45:37.488Z] [iam] checking project hours-tracker-505617 for permissions ["firebase.projects.get","firebasehosting.sites.update"]
[debug] [2026-08-21T23:45:37.492Z] Checked if tokens are valid: false, expires at: 1787356550421
[debug] [2026-08-21T23:45:37.492Z] Checked if tokens are valid: false, expires at: 1787356550421
[debug] [2026-08-21T23:45:37.493Z] > refreshing access token with scopes: []
[debug] [2026-08-21T23:45:37.494Z] >>> [apiv2][query] POST https://www.googleapis.com/oauth2/v3/token [none]
[debug] [2026-08-21T23:45:37.494Z] >>> [apiv2][body] POST https://www.googleapis.com/oauth2/v3/token [omitted]
[debug] [2026-08-21T23:45:37.714Z] <<< [apiv2][status] POST https://www.googleapis.com/oauth2/v3/token 200
[debug] [2026-08-21T23:45:37.714Z] <<< [apiv2][body] POST https://www.googleapis.com/oauth2/v3/token [omitted]
[debug] [2026-08-21T23:45:37.725Z] >>> [apiv2][query] POST https://cloudresourcemanager.googleapis.com/v1/projects/hours-tracker-505617:testIamPermissions [none]
[debug] [2026-08-21T23:45:37.725Z] >>> [apiv2][(partial)header] POST https://cloudresourcemanager.googleapis.com/v1/projects/hours-tracker-505617:testIamPermissions  x-goog-user-project=hours-tracker-505617
[debug] [2026-08-21T23:45:37.725Z] >>> [apiv2][body] POST https://cloudresourcemanager.googleapis.com/v1/projects/hours-tracker-505617:testIamPermissions {"permissions":["firebase.projects.get","firebasehosting.sites.update"]}
[debug] [2026-08-21T23:45:38.068Z] <<< [apiv2][status] POST https://cloudresourcemanager.googleapis.com/v1/projects/hours-tracker-505617:testIamPermissions 200
[debug] [2026-08-21T23:45:38.068Z] <<< [apiv2][body] POST https://cloudresourcemanager.googleapis.com/v1/projects/hours-tracker-505617:testIamPermissions {"permissions":["firebase.projects.get","firebasehosting.sites.update"]}
[debug] [2026-08-21T23:45:38.069Z] Checked if tokens are valid: true, expires at: 1787359536714
[debug] [2026-08-21T23:45:38.069Z] Checked if tokens are valid: true, expires at: 1787359536714
[debug] [2026-08-21T23:45:38.070Z] >>> [apiv2][query] GET https://firebase.googleapis.com/v1beta1/projects/hours-tracker-505617 [none]
[debug] [2026-08-21T23:45:38.336Z] <<< [apiv2][status] GET https://firebase.googleapis.com/v1beta1/projects/hours-tracker-505617 200
[debug] [2026-08-21T23:45:38.336Z] <<< [apiv2][body] GET https://firebase.googleapis.com/v1beta1/projects/hours-tracker-505617 {"projectId":"hours-tracker-505617","projectNumber":"1053801277711","displayName":"Hours Tracker","name":"projects/hours-tracker-505617","resources":{"hostingSite":"hours-tracker-505617"},"state":"ACTIVE","labels":{"firebase":"enabled"},"etag":"1_9b67e5f4-0d64-458f-acc0-b5264089e54e"}
[info] 
[info] === Deploying to 'hours-tracker-505617'...
[info] 
[info] i  deploying hosting 
[debug] [2026-08-21T23:45:38.340Z] Checked if tokens are valid: true, expires at: 1787359536714
[debug] [2026-08-21T23:45:38.340Z] Checked if tokens are valid: true, expires at: 1787359536714
[debug] [2026-08-21T23:45:38.340Z] >>> [apiv2][query] GET https://firebasehosting.googleapis.com/v1beta1/projects/hours-tracker-505617/sites/hours-tracker-505617 [none]
[debug] [2026-08-21T23:45:38.924Z] <<< [apiv2][status] GET https://firebasehosting.googleapis.com/v1beta1/projects/hours-tracker-505617/sites/hours-tracker-505617 200
[debug] [2026-08-21T23:45:38.924Z] <<< [apiv2][body] GET https://firebasehosting.googleapis.com/v1beta1/projects/hours-tracker-505617/sites/hours-tracker-505617 {"name":"projects/hours-tracker-505617/sites/hours-tracker-505617","defaultUrl":"https://hours-tracker-505617.web.app","appId":"1:1053801277711:web:4ef9a62303536bf2bc367a","type":"DEFAULT_SITE"}
[debug] [2026-08-21T23:45:38.925Z] Checked if tokens are valid: true, expires at: 1787359536714
[debug] [2026-08-21T23:45:38.925Z] Checked if tokens are valid: true, expires at: 1787359536714
[debug] [2026-08-21T23:45:38.926Z] >>> [apiv2][query] POST https://firebasehosting.googleapis.com/v1beta1/projects/-/sites/hours-tracker-505617/versions [none]
[debug] [2026-08-21T23:45:38.926Z] >>> [apiv2][body] POST https://firebasehosting.googleapis.com/v1beta1/projects/-/sites/hours-tracker-505617/versions {"status":"CREATED","labels":{"deployment-tool":"cli-firebase"}}
[debug] [2026-08-21T23:45:39.576Z] <<< [apiv2][status] POST https://firebasehosting.googleapis.com/v1beta1/projects/-/sites/hours-tracker-505617/versions 200
[debug] [2026-08-21T23:45:39.576Z] <<< [apiv2][body] POST https://firebasehosting.googleapis.com/v1beta1/projects/-/sites/hours-tracker-505617/versions {"name":"projects/1053801277711/sites/hours-tracker-505617/versions/1299937d6d4dc50e","status":"CREATED","config":{},"labels":{"deployment-tool":"cli-firebase"}}
[info] i  hosting[hours-tracker-505617]: beginning deploy... 
[info] i  hosting[hours-tracker-505617]: found 7 files in firebase-dist 
[debug] [2026-08-21T23:45:39.589Z] [hosting] uploading with 200 concurrency
[debug] [2026-08-21T23:45:39.634Z] Checked if tokens are valid: true, expires at: 1787359536714
[debug] [2026-08-21T23:45:39.634Z] Checked if tokens are valid: true, expires at: 1787359536714
[debug] [2026-08-21T23:45:39.635Z] [hosting] hash cache [ZmlyZWJhc2UtZGlzdA] stored for 7 files
[debug] [2026-08-21T23:45:39.635Z] [hosting][hash queue][FINAL] {"max":43,"min":2,"avg":8.714285714285714,"active":0,"complete":7,"success":7,"errored":0,"retried":0,"total":7,"elapsed":46}
[debug] [2026-08-21T23:45:39.635Z] >>> [apiv2][query] POST https://firebasehosting.googleapis.com/v1beta1/projects/1053801277711/sites/hours-tracker-505617/versions/1299937d6d4dc50e:populateFiles [none]
[debug] [2026-08-21T23:45:39.635Z] >>> [apiv2][body] POST https://firebasehosting.googleapis.com/v1beta1/projects/1053801277711/sites/hours-tracker-505617/versions/1299937d6d4dc50e:populateFiles {"files":{"/window.svg":"32ea868a4067b3f236353dc7f0851952d02ecb0515826d1dd2590e61159b146a","/globe.svg":"a89af50fbe7023054a59f733eab7cc4c89605387c9decd9701536e081f5b607f","/file.svg":"0d4c6b6999e2d6106f033135f4b32598029367bd331608c34c4e4a072ea0b469","/index.html":"5364de71bf8461a1c2d1febf91fdc676c14c60c81b0ab96f3812548bfe27d5e0","/favicon.svg":"f0fc09166d474aacd631f1d6cd9560d37843a8a233ad37eac785909c18823406","/assets/index-B3A5AJiX.css":"e649ba7bb13b484a0842acde03ddc641509f958143ce0bc697927b0a201582a5","/assets/index-tT16tZ1S.js":"05e071750e8467fa5e8af66a4760c27e5c957e628225b1b41ff57a1214e52855"}}
[debug] [2026-08-21T23:45:39.952Z] <<< [apiv2][status] POST https://firebasehosting.googleapis.com/v1beta1/projects/1053801277711/sites/hours-tracker-505617/versions/1299937d6d4dc50e:populateFiles 200
[debug] [2026-08-21T23:45:39.953Z] <<< [apiv2][body] POST https://firebasehosting.googleapis.com/v1beta1/projects/1053801277711/sites/hours-tracker-505617/versions/1299937d6d4dc50e:populateFiles {"uploadRequiredHashes":["32ea868a4067b3f236353dc7f0851952d02ecb0515826d1dd2590e61159b146a","a89af50fbe7023054a59f733eab7cc4c89605387c9decd9701536e081f5b607f","0d4c6b6999e2d6106f033135f4b32598029367bd331608c34c4e4a072ea0b469","5364de71bf8461a1c2d1febf91fdc676c14c60c81b0ab96f3812548bfe27d5e0","f0fc09166d474aacd631f1d6cd9560d37843a8a233ad37eac785909c18823406","e649ba7bb13b484a0842acde03ddc641509f958143ce0bc697927b0a201582a5","05e071750e8467fa5e8af66a4760c27e5c957e628225b1b41ff57a1214e52855"],"uploadUrl":"https://upload-firebasehosting.googleapis.com/upload/sites/hours-tracker-505617/versions/1299937d6d4dc50e/files"}
[debug] [2026-08-21T23:45:39.953Z] Checked if tokens are valid: true, expires at: 1787359536714
[debug] [2026-08-21T23:45:39.954Z] Checked if tokens are valid: true, expires at: 1787359536714
[debug] [2026-08-21T23:45:39.954Z] Checked if tokens are valid: true, expires at: 1787359536714
[debug] [2026-08-21T23:45:39.954Z] Checked if tokens are valid: true, expires at: 1787359536714
[debug] [2026-08-21T23:45:39.954Z] Checked if tokens are valid: true, expires at: 1787359536714
[debug] [2026-08-21T23:45:39.955Z] Checked if tokens are valid: true, expires at: 1787359536714
[debug] [2026-08-21T23:45:39.955Z] Checked if tokens are valid: true, expires at: 1787359536714
[debug] [2026-08-21T23:45:39.955Z] Checked if tokens are valid: true, expires at: 1787359536714
[debug] [2026-08-21T23:45:39.955Z] Checked if tokens are valid: true, expires at: 1787359536714
[debug] [2026-08-21T23:45:39.955Z] Checked if tokens are valid: true, expires at: 1787359536714
[debug] [2026-08-21T23:45:39.956Z] Checked if tokens are valid: true, expires at: 1787359536714
[debug] [2026-08-21T23:45:39.956Z] Checked if tokens are valid: true, expires at: 1787359536714
[debug] [2026-08-21T23:45:39.956Z] Checked if tokens are valid: true, expires at: 1787359536714
[debug] [2026-08-21T23:45:39.956Z] Checked if tokens are valid: true, expires at: 1787359536714
[debug] [2026-08-21T23:45:39.956Z] >>> [apiv2][query] POST https://upload-firebasehosting.googleapis.com/upload/sites/hours-tracker-505617/versions/1299937d6d4dc50e/files/32ea868a4067b3f236353dc7f0851952d02ecb0515826d1dd2590e61159b146a [none]
[debug] [2026-08-21T23:45:39.956Z] >>> [apiv2][body] POST https://upload-firebasehosting.googleapis.com/upload/sites/hours-tracker-505617/versions/1299937d6d4dc50e/files/32ea868a4067b3f236353dc7f0851952d02ecb0515826d1dd2590e61159b146a [stream]
[debug] [2026-08-21T23:45:39.966Z] >>> [apiv2][query] POST https://upload-firebasehosting.googleapis.com/upload/sites/hours-tracker-505617/versions/1299937d6d4dc50e/files/a89af50fbe7023054a59f733eab7cc4c89605387c9decd9701536e081f5b607f [none]
[debug] [2026-08-21T23:45:39.966Z] >>> [apiv2][body] POST https://upload-firebasehosting.googleapis.com/upload/sites/hours-tracker-505617/versions/1299937d6d4dc50e/files/a89af50fbe7023054a59f733eab7cc4c89605387c9decd9701536e081f5b607f [stream]
[debug] [2026-08-21T23:45:39.969Z] >>> [apiv2][query] POST https://upload-firebasehosting.googleapis.com/upload/sites/hours-tracker-505617/versions/1299937d6d4dc50e/files/0d4c6b6999e2d6106f033135f4b32598029367bd331608c34c4e4a072ea0b469 [none]
[debug] [2026-08-21T23:45:39.969Z] >>> [apiv2][body] POST https://upload-firebasehosting.googleapis.com/upload/sites/hours-tracker-505617/versions/1299937d6d4dc50e/files/0d4c6b6999e2d6106f033135f4b32598029367bd331608c34c4e4a072ea0b469 [stream]
[debug] [2026-08-21T23:45:39.969Z] >>> [apiv2][query] POST https://upload-firebasehosting.googleapis.com/upload/sites/hours-tracker-505617/versions/1299937d6d4dc50e/files/5364de71bf8461a1c2d1febf91fdc676c14c60c81b0ab96f3812548bfe27d5e0 [none]
[debug] [2026-08-21T23:45:39.969Z] >>> [apiv2][body] POST https://upload-firebasehosting.googleapis.com/upload/sites/hours-tracker-505617/versions/1299937d6d4dc50e/files/5364de71bf8461a1c2d1febf91fdc676c14c60c81b0ab96f3812548bfe27d5e0 [stream]
[debug] [2026-08-21T23:45:39.969Z] >>> [apiv2][query] POST https://upload-firebasehosting.googleapis.com/upload/sites/hours-tracker-505617/versions/1299937d6d4dc50e/files/f0fc09166d474aacd631f1d6cd9560d37843a8a233ad37eac785909c18823406 [none]
[debug] [2026-08-21T23:45:39.970Z] >>> [apiv2][body] POST https://upload-firebasehosting.googleapis.com/upload/sites/hours-tracker-505617/versions/1299937d6d4dc50e/files/f0fc09166d474aacd631f1d6cd9560d37843a8a233ad37eac785909c18823406 [stream]
[debug] [2026-08-21T23:45:39.970Z] >>> [apiv2][query] POST https://upload-firebasehosting.googleapis.com/upload/sites/hours-tracker-505617/versions/1299937d6d4dc50e/files/e649ba7bb13b484a0842acde03ddc641509f958143ce0bc697927b0a201582a5 [none]
[debug] [2026-08-21T23:45:39.970Z] >>> [apiv2][body] POST https://upload-firebasehosting.googleapis.com/upload/sites/hours-tracker-505617/versions/1299937d6d4dc50e/files/e649ba7bb13b484a0842acde03ddc641509f958143ce0bc697927b0a201582a5 [stream]
[debug] [2026-08-21T23:45:39.970Z] >>> [apiv2][query] POST https://upload-firebasehosting.googleapis.com/upload/sites/hours-tracker-505617/versions/1299937d6d4dc50e/files/05e071750e8467fa5e8af66a4760c27e5c957e628225b1b41ff57a1214e52855 [none]
[debug] [2026-08-21T23:45:39.970Z] >>> [apiv2][body] POST https://upload-firebasehosting.googleapis.com/upload/sites/hours-tracker-505617/versions/1299937d6d4dc50e/files/05e071750e8467fa5e8af66a4760c27e5c957e628225b1b41ff57a1214e52855 [stream]
[debug] [2026-08-21T23:45:39.976Z] [hosting][populate queue][FINAL] {"max":322,"min":322,"avg":322,"active":0,"complete":1,"success":1,"errored":0,"retried":0,"total":1,"elapsed":342}
[debug] [2026-08-21T23:45:39.976Z] [hosting] uploads queued: 7
[debug] [2026-08-21T23:45:41.013Z] <<< [apiv2][status] POST https://upload-firebasehosting.googleapis.com/upload/sites/hours-tracker-505617/versions/1299937d6d4dc50e/files/32ea868a4067b3f236353dc7f0851952d02ecb0515826d1dd2590e61159b146a 200
[debug] [2026-08-21T23:45:41.013Z] <<< [apiv2][body] POST https://upload-firebasehosting.googleapis.com/upload/sites/hours-tracker-505617/versions/1299937d6d4dc50e/files/32ea868a4067b3f236353dc7f0851952d02ecb0515826d1dd2590e61159b146a [stream]
[debug] [2026-08-21T23:45:41.141Z] <<< [apiv2][status] POST https://upload-firebasehosting.googleapis.com/upload/sites/hours-tracker-505617/versions/1299937d6d4dc50e/files/e649ba7bb13b484a0842acde03ddc641509f958143ce0bc697927b0a201582a5 200
[debug] [2026-08-21T23:45:41.142Z] <<< [apiv2][body] POST https://upload-firebasehosting.googleapis.com/upload/sites/hours-tracker-505617/versions/1299937d6d4dc50e/files/e649ba7bb13b484a0842acde03ddc641509f958143ce0bc697927b0a201582a5 [stream]
[debug] [2026-08-21T23:45:41.143Z] <<< [apiv2][status] POST https://upload-firebasehosting.googleapis.com/upload/sites/hours-tracker-505617/versions/1299937d6d4dc50e/files/05e071750e8467fa5e8af66a4760c27e5c957e628225b1b41ff57a1214e52855 200
[debug] [2026-08-21T23:45:41.143Z] <<< [apiv2][body] POST https://upload-firebasehosting.googleapis.com/upload/sites/hours-tracker-505617/versions/1299937d6d4dc50e/files/05e071750e8467fa5e8af66a4760c27e5c957e628225b1b41ff57a1214e52855 [stream]
[debug] [2026-08-21T23:45:41.198Z] <<< [apiv2][status] POST https://upload-firebasehosting.googleapis.com/upload/sites/hours-tracker-505617/versions/1299937d6d4dc50e/files/5364de71bf8461a1c2d1febf91fdc676c14c60c81b0ab96f3812548bfe27d5e0 200
[debug] [2026-08-21T23:45:41.199Z] <<< [apiv2][body] POST https://upload-firebasehosting.googleapis.com/upload/sites/hours-tracker-505617/versions/1299937d6d4dc50e/files/5364de71bf8461a1c2d1febf91fdc676c14c60c81b0ab96f3812548bfe27d5e0 [stream]
[debug] [2026-08-21T23:45:41.209Z] <<< [apiv2][status] POST https://upload-firebasehosting.googleapis.com/upload/sites/hours-tracker-505617/versions/1299937d6d4dc50e/files/f0fc09166d474aacd631f1d6cd9560d37843a8a233ad37eac785909c18823406 200
[debug] [2026-08-21T23:45:41.210Z] <<< [apiv2][body] POST https://upload-firebasehosting.googleapis.com/upload/sites/hours-tracker-505617/versions/1299937d6d4dc50e/files/f0fc09166d474aacd631f1d6cd9560d37843a8a233ad37eac785909c18823406 [stream]
[debug] [2026-08-21T23:45:41.245Z] <<< [apiv2][status] POST https://upload-firebasehosting.googleapis.com/upload/sites/hours-tracker-505617/versions/1299937d6d4dc50e/files/a89af50fbe7023054a59f733eab7cc4c89605387c9decd9701536e081f5b607f 200
[debug] [2026-08-21T23:45:41.245Z] <<< [apiv2][body] POST https://upload-firebasehosting.googleapis.com/upload/sites/hours-tracker-505617/versions/1299937d6d4dc50e/files/a89af50fbe7023054a59f733eab7cc4c89605387c9decd9701536e081f5b607f [stream]
[debug] [2026-08-21T23:45:41.253Z] <<< [apiv2][status] POST https://upload-firebasehosting.googleapis.com/upload/sites/hours-tracker-505617/versions/1299937d6d4dc50e/files/0d4c6b6999e2d6106f033135f4b32598029367bd331608c34c4e4a072ea0b469 200
[debug] [2026-08-21T23:45:41.253Z] <<< [apiv2][body] POST https://upload-firebasehosting.googleapis.com/upload/sites/hours-tracker-505617/versions/1299937d6d4dc50e/files/0d4c6b6999e2d6106f033135f4b32598029367bd331608c34c4e4a072ea0b469 [stream]
[debug] [2026-08-21T23:45:41.253Z] [hosting][upload queue][FINAL] {"max":1299,"min":1060,"avg":1217.7142857142858,"active":0,"complete":7,"success":7,"errored":0,"retried":0,"total":7,"elapsed":1300}
[info] i  hosting: upload complete 
[info] ✔  hosting[hours-tracker-505617]: file upload complete 
[debug] [2026-08-21T23:45:41.254Z] [hosting] deploy completed after 1675ms
[debug] [2026-08-21T23:45:41.254Z] [
  {
    "config": {
      "public": "firebase-dist",
      "ignore": [
        "firebase.json",
        "**/.*",
        "**/node_modules/**"
      ],
      "rewrites": [
        {
          "source": "**",
          "destination": "/index.html"
        }
      ],
      "site": "hours-tracker-505617"
    },
    "version": "projects/1053801277711/sites/hours-tracker-505617/versions/1299937d6d4dc50e"
  }
]
[info] i  hosting[hours-tracker-505617]: finalizing version... 
[debug] [2026-08-21T23:45:41.256Z] Checked if tokens are valid: true, expires at: 1787359536714
[debug] [2026-08-21T23:45:41.256Z] Checked if tokens are valid: true, expires at: 1787359536714
[debug] [2026-08-21T23:45:41.256Z] >>> [apiv2][query] PATCH https://firebasehosting.googleapis.com/v1beta1/projects/-/sites/hours-tracker-505617/versions/1299937d6d4dc50e updateMask=status%2Cconfig
[debug] [2026-08-21T23:45:41.256Z] >>> [apiv2][body] PATCH https://firebasehosting.googleapis.com/v1beta1/projects/-/sites/hours-tracker-505617/versions/1299937d6d4dc50e {"status":"FINALIZED","config":{"rewrites":[{"glob":"**","path":"/index.html"}]}}
[debug] [2026-08-21T23:45:41.669Z] <<< [apiv2][status] PATCH https://firebasehosting.googleapis.com/v1beta1/projects/-/sites/hours-tracker-505617/versions/1299937d6d4dc50e 200
[debug] [2026-08-21T23:45:41.669Z] <<< [apiv2][body] PATCH https://firebasehosting.googleapis.com/v1beta1/projects/-/sites/hours-tracker-505617/versions/1299937d6d4dc50e {"name":"projects/1053801277711/sites/hours-tracker-505617/versions/1299937d6d4dc50e","status":"FINALIZED","config":{"rewrites":[{"glob":"**","path":"/index.html"}]},"labels":{"deployment-tool":"cli-firebase"},"createTime":"2026-08-21T23:45:39.079614Z","createUser":{"email":"sandiepietz@gmail.com"},"finalizeTime":"2026-08-21T23:45:41.519913Z","finalizeUser":{"email":"sandiepietz@gmail.com"}}
[debug] [2026-08-21T23:45:41.669Z] [hosting] finalized version for hours-tracker-505617:[object Object]
[info] ✔  hosting[hours-tracker-505617]: version finalized 
[info] i  hosting[hours-tracker-505617]: releasing new version... 
[debug] [2026-08-21T23:45:41.670Z] Checked if tokens are valid: true, expires at: 1787359536714
[debug] [2026-08-21T23:45:41.670Z] Checked if tokens are valid: true, expires at: 1787359536714
[debug] [2026-08-21T23:45:41.670Z] >>> [apiv2][query] POST https://firebasehosting.googleapis.com/v1beta1/projects/-/sites/hours-tracker-505617/channels/live/releases versionName=projects%2F1053801277711%2Fsites%2Fhours-tracker-505617%2Fversions%2F1299937d6d4dc50e
[debug] [2026-08-21T23:45:41.670Z] >>> [apiv2][body] POST https://firebasehosting.googleapis.com/v1beta1/projects/-/sites/hours-tracker-505617/channels/live/releases {}
[debug] [2026-08-21T23:45:41.993Z] <<< [apiv2][status] POST https://firebasehosting.googleapis.com/v1beta1/projects/-/sites/hours-tracker-505617/channels/live/releases 200
[debug] [2026-08-21T23:49:06.852Z] ----------------------------------------------------------------------
[debug] [2026-08-21T23:49:06.857Z] Command:       /usr/local/bin/node /usr/local/bin/firebase deploy --only hosting
[debug] [2026-08-21T23:49:06.857Z] CLI Version:   15.28.1
[debug] [2026-08-21T23:49:06.857Z] Platform:      darwin
[debug] [2026-08-21T23:49:06.857Z] Node Version:  v24.19.0
[debug] [2026-08-21T23:49:06.857Z] Detected Agent: codex_cli
[debug] [2026-08-21T23:49:06.857Z] Time:          Fri Aug 21 2026 16:49:06 GMT-0700 (Mountain Standard Time)
[debug] [2026-08-21T23:49:06.857Z] ----------------------------------------------------------------------
[debug] 
[debug] [2026-08-21T23:49:07.290Z] > command requires scopes: ["email","openid","https://www.googleapis.com/auth/cloudplatformprojects.readonly","https://www.googleapis.com/auth/firebase","https://www.googleapis.com/auth/cloud-platform"]
[debug] [2026-08-21T23:49:07.290Z] > authorizing via signed-in user (sandiepietz@gmail.com)
[debug] [2026-08-21T23:49:07.290Z] [iam] checking project hours-tracker-505617 for permissions ["firebase.projects.get","firebasehosting.sites.update"]
[debug] [2026-08-21T23:49:07.298Z] Checked if tokens are valid: true, expires at: 1787359536714
[debug] [2026-08-21T23:49:07.298Z] Checked if tokens are valid: true, expires at: 1787359536714
[debug] [2026-08-21T23:49:07.298Z] >>> [apiv2][query] POST https://cloudresourcemanager.googleapis.com/v1/projects/hours-tracker-505617:testIamPermissions [none]
[debug] [2026-08-21T23:49:07.298Z] >>> [apiv2][(partial)header] POST https://cloudresourcemanager.googleapis.com/v1/projects/hours-tracker-505617:testIamPermissions  x-goog-user-project=hours-tracker-505617
[debug] [2026-08-21T23:49:07.299Z] >>> [apiv2][body] POST https://cloudresourcemanager.googleapis.com/v1/projects/hours-tracker-505617:testIamPermissions {"permissions":["firebase.projects.get","firebasehosting.sites.update"]}
[debug] [2026-08-21T23:49:07.721Z] <<< [apiv2][status] POST https://cloudresourcemanager.googleapis.com/v1/projects/hours-tracker-505617:testIamPermissions 200
[debug] [2026-08-21T23:49:07.721Z] <<< [apiv2][body] POST https://cloudresourcemanager.googleapis.com/v1/projects/hours-tracker-505617:testIamPermissions {"permissions":["firebase.projects.get","firebasehosting.sites.update"]}
[debug] [2026-08-21T23:49:07.722Z] Checked if tokens are valid: true, expires at: 1787359536714
[debug] [2026-08-21T23:49:07.722Z] Checked if tokens are valid: true, expires at: 1787359536714
[debug] [2026-08-21T23:49:07.722Z] >>> [apiv2][query] GET https://firebase.googleapis.com/v1beta1/projects/hours-tracker-505617 [none]
[debug] [2026-08-21T23:49:07.966Z] <<< [apiv2][status] GET https://firebase.googleapis.com/v1beta1/projects/hours-tracker-505617 200
[debug] [2026-08-21T23:49:07.967Z] <<< [apiv2][body] GET https://firebase.googleapis.com/v1beta1/projects/hours-tracker-505617 {"projectId":"hours-tracker-505617","projectNumber":"1053801277711","displayName":"Hours Tracker","name":"projects/hours-tracker-505617","resources":{"hostingSite":"hours-tracker-505617"},"state":"ACTIVE","labels":{"firebase":"enabled"},"etag":"1_9b67e5f4-0d64-458f-acc0-b5264089e54e"}
[info] 
[info] === Deploying to 'hours-tracker-505617'...
[info] 
[info] i  deploying hosting 
[debug] [2026-08-21T23:49:07.969Z] Checked if tokens are valid: true, expires at: 1787359536714
[debug] [2026-08-21T23:49:07.970Z] Checked if tokens are valid: true, expires at: 1787359536714
[debug] [2026-08-21T23:49:07.970Z] >>> [apiv2][query] GET https://firebasehosting.googleapis.com/v1beta1/projects/hours-tracker-505617/sites/hours-tracker-505617 [none]
[debug] [2026-08-21T23:49:08.576Z] <<< [apiv2][status] GET https://firebasehosting.googleapis.com/v1beta1/projects/hours-tracker-505617/sites/hours-tracker-505617 200
[debug] [2026-08-21T23:49:08.576Z] <<< [apiv2][body] GET https://firebasehosting.googleapis.com/v1beta1/projects/hours-tracker-505617/sites/hours-tracker-505617 {"name":"projects/hours-tracker-505617/sites/hours-tracker-505617","defaultUrl":"https://hours-tracker-505617.web.app","appId":"1:1053801277711:web:4ef9a62303536bf2bc367a","type":"DEFAULT_SITE"}
[debug] [2026-08-21T23:49:08.577Z] Checked if tokens are valid: true, expires at: 1787359536714
[debug] [2026-08-21T23:49:08.577Z] Checked if tokens are valid: true, expires at: 1787359536714
[debug] [2026-08-21T23:49:08.578Z] >>> [apiv2][query] POST https://firebasehosting.googleapis.com/v1beta1/projects/-/sites/hours-tracker-505617/versions [none]
[debug] [2026-08-21T23:49:08.578Z] >>> [apiv2][body] POST https://firebasehosting.googleapis.com/v1beta1/projects/-/sites/hours-tracker-505617/versions {"status":"CREATED","labels":{"deployment-tool":"cli-firebase"}}
[debug] [2026-08-21T23:49:09.174Z] <<< [apiv2][status] POST https://firebasehosting.googleapis.com/v1beta1/projects/-/sites/hours-tracker-505617/versions 200
[debug] [2026-08-21T23:49:09.175Z] <<< [apiv2][body] POST https://firebasehosting.googleapis.com/v1beta1/projects/-/sites/hours-tracker-505617/versions {"name":"projects/1053801277711/sites/hours-tracker-505617/versions/92d5faff64199bb8","status":"CREATED","config":{},"labels":{"deployment-tool":"cli-firebase"}}
[info] i  hosting[hours-tracker-505617]: beginning deploy... 
[info] i  hosting[hours-tracker-505617]: found 7 files in firebase-dist 
[debug] [2026-08-21T23:49:09.183Z] [hosting] uploading with 200 concurrency
[debug] [2026-08-21T23:49:09.187Z] Checked if tokens are valid: true, expires at: 1787359536714
[debug] [2026-08-21T23:49:09.187Z] Checked if tokens are valid: true, expires at: 1787359536714
[debug] [2026-08-21T23:49:09.188Z] [hosting] hash cache [ZmlyZWJhc2UtZGlzdA] stored for 7 files
[debug] [2026-08-21T23:49:09.188Z] [hosting][hash queue][FINAL] {"max":3,"min":0,"avg":0.42857142857142855,"active":0,"complete":7,"success":7,"errored":0,"retried":0,"total":7,"elapsed":4}
[debug] [2026-08-21T23:49:09.188Z] >>> [apiv2][query] POST https://firebasehosting.googleapis.com/v1beta1/projects/1053801277711/sites/hours-tracker-505617/versions/92d5faff64199bb8:populateFiles [none]
[debug] [2026-08-21T23:49:09.188Z] >>> [apiv2][body] POST https://firebasehosting.googleapis.com/v1beta1/projects/1053801277711/sites/hours-tracker-505617/versions/92d5faff64199bb8:populateFiles {"files":{"/window.svg":"32ea868a4067b3f236353dc7f0851952d02ecb0515826d1dd2590e61159b146a","/globe.svg":"a89af50fbe7023054a59f733eab7cc4c89605387c9decd9701536e081f5b607f","/file.svg":"0d4c6b6999e2d6106f033135f4b32598029367bd331608c34c4e4a072ea0b469","/favicon.svg":"f0fc09166d474aacd631f1d6cd9560d37843a8a233ad37eac785909c18823406","/assets/index-tT16tZ1S.js":"05e071750e8467fa5e8af66a4760c27e5c957e628225b1b41ff57a1214e52855","/assets/index-B3A5AJiX.css":"e649ba7bb13b484a0842acde03ddc641509f958143ce0bc697927b0a201582a5","/index.html":"05ac8009719ad2d9c5de7d1e8e8dc860bd295b78732f52954f7eb60344920a35"}}
[debug] [2026-08-21T23:49:09.722Z] <<< [apiv2][status] POST https://firebasehosting.googleapis.com/v1beta1/projects/1053801277711/sites/hours-tracker-505617/versions/92d5faff64199bb8:populateFiles 200
[debug] [2026-08-21T23:49:09.723Z] <<< [apiv2][body] POST https://firebasehosting.googleapis.com/v1beta1/projects/1053801277711/sites/hours-tracker-505617/versions/92d5faff64199bb8:populateFiles {"uploadRequiredHashes":["05ac8009719ad2d9c5de7d1e8e8dc860bd295b78732f52954f7eb60344920a35"],"uploadUrl":"https://upload-firebasehosting.googleapis.com/upload/sites/hours-tracker-505617/versions/92d5faff64199bb8/files"}
[debug] [2026-08-21T23:49:09.724Z] Checked if tokens are valid: true, expires at: 1787359536714
[debug] [2026-08-21T23:49:09.724Z] Checked if tokens are valid: true, expires at: 1787359536714
[debug] [2026-08-21T23:49:09.724Z] >>> [apiv2][query] POST https://upload-firebasehosting.googleapis.com/upload/sites/hours-tracker-505617/versions/92d5faff64199bb8/files/05ac8009719ad2d9c5de7d1e8e8dc860bd295b78732f52954f7eb60344920a35 [none]
[debug] [2026-08-21T23:49:09.724Z] >>> [apiv2][body] POST https://upload-firebasehosting.googleapis.com/upload/sites/hours-tracker-505617/versions/92d5faff64199bb8/files/05ac8009719ad2d9c5de7d1e8e8dc860bd295b78732f52954f7eb60344920a35 [stream]
[debug] [2026-08-21T23:49:09.727Z] [hosting][populate queue][FINAL] {"max":537,"min":537,"avg":537,"active":0,"complete":1,"success":1,"errored":0,"retried":0,"total":1,"elapsed":540}
[debug] [2026-08-21T23:49:09.727Z] [hosting] uploads queued: 1
[debug] [2026-08-21T23:49:10.932Z] <<< [apiv2][status] POST https://upload-firebasehosting.googleapis.com/upload/sites/hours-tracker-505617/versions/92d5faff64199bb8/files/05ac8009719ad2d9c5de7d1e8e8dc860bd295b78732f52954f7eb60344920a35 200
[debug] [2026-08-21T23:49:10.932Z] <<< [apiv2][body] POST https://upload-firebasehosting.googleapis.com/upload/sites/hours-tracker-505617/versions/92d5faff64199bb8/files/05ac8009719ad2d9c5de7d1e8e8dc860bd295b78732f52954f7eb60344920a35 [stream]
[debug] [2026-08-21T23:49:10.932Z] [hosting][upload queue][FINAL] {"max":1209,"min":1209,"avg":1209,"active":0,"complete":1,"success":1,"errored":0,"retried":0,"total":1,"elapsed":1209}
[info] i  hosting: upload complete 
[info] ✔  hosting[hours-tracker-505617]: file upload complete 
[debug] [2026-08-21T23:49:10.932Z] [hosting] deploy completed after 1756ms
[debug] [2026-08-21T23:49:10.932Z] [
  {
    "config": {
      "public": "firebase-dist",
      "ignore": [
        "firebase.json",
        "**/.*",
        "**/node_modules/**"
      ],
      "rewrites": [
        {
          "source": "**",
          "destination": "/index.html"
        }
      ],
      "site": "hours-tracker-505617"
    },
    "version": "projects/1053801277711/sites/hours-tracker-505617/versions/92d5faff64199bb8"
  }
]
[info] i  hosting[hours-tracker-505617]: finalizing version... 
[debug] [2026-08-21T23:49:10.935Z] Checked if tokens are valid: true, expires at: 1787359536714
[debug] [2026-08-21T23:49:10.935Z] Checked if tokens are valid: true, expires at: 1787359536714
[debug] [2026-08-21T23:49:10.935Z] >>> [apiv2][query] PATCH https://firebasehosting.googleapis.com/v1beta1/projects/-/sites/hours-tracker-505617/versions/92d5faff64199bb8 updateMask=status%2Cconfig
[debug] [2026-08-21T23:49:10.935Z] >>> [apiv2][body] PATCH https://firebasehosting.googleapis.com/v1beta1/projects/-/sites/hours-tracker-505617/versions/92d5faff64199bb8 {"status":"FINALIZED","config":{"rewrites":[{"glob":"**","path":"/index.html"}]}}
[debug] [2026-08-21T23:49:11.433Z] <<< [apiv2][status] PATCH https://firebasehosting.googleapis.com/v1beta1/projects/-/sites/hours-tracker-505617/versions/92d5faff64199bb8 200
[debug] [2026-08-21T23:49:11.433Z] <<< [apiv2][body] PATCH https://firebasehosting.googleapis.com/v1beta1/projects/-/sites/hours-tracker-505617/versions/92d5faff64199bb8 {"name":"projects/1053801277711/sites/hours-tracker-505617/versions/92d5faff64199bb8","status":"FINALIZED","config":{"rewrites":[{"glob":"**","path":"/index.html"}]},"labels":{"deployment-tool":"cli-firebase"},"createTime":"2026-08-21T23:49:08.735233Z","createUser":{"email":"sandiepietz@gmail.com"},"finalizeTime":"2026-08-21T23:49:11.173345Z","finalizeUser":{"email":"sandiepietz@gmail.com"}}
[debug] [2026-08-21T23:49:11.433Z] [hosting] finalized version for hours-tracker-505617:[object Object]
[info] ✔  hosting[hours-tracker-505617]: version finalized 
[info] i  hosting[hours-tracker-505617]: releasing new version... 
[debug] [2026-08-21T23:49:11.434Z] Checked if tokens are valid: true, expires at: 1787359536714
[debug] [2026-08-21T23:49:11.434Z] Checked if tokens are valid: true, expires at: 1787359536714
[debug] [2026-08-21T23:49:11.434Z] >>> [apiv2][query] POST https://firebasehosting.googleapis.com/v1beta1/projects/-/sites/hours-tracker-505617/channels/live/releases versionName=projects%2F1053801277711%2Fsites%2Fhours-tracker-505617%2Fversions%2F92d5faff64199bb8
[debug] [2026-08-21T23:49:11.434Z] >>> [apiv2][body] POST https://firebasehosting.googleapis.com/v1beta1/projects/-/sites/hours-tracker-505617/channels/live/releases {}
[debug] [2026-08-21T23:49:11.784Z] <<< [apiv2][status] POST https://firebasehosting.googleapis.com/v1beta1/projects/-/sites/hours-tracker-505617/channels/live/releases 200
[debug] [2026-08-21T23:57:07.721Z] ----------------------------------------------------------------------
[debug] [2026-08-21T23:57:07.723Z] Command:       /usr/local/bin/node /usr/local/bin/firebase deploy --only hosting
[debug] [2026-08-21T23:57:07.723Z] CLI Version:   15.28.1
[debug] [2026-08-21T23:57:07.723Z] Platform:      darwin
[debug] [2026-08-21T23:57:07.723Z] Node Version:  v24.19.0
[debug] [2026-08-21T23:57:07.723Z] Detected Agent: codex_cli
[debug] [2026-08-21T23:57:07.723Z] Time:          Fri Aug 21 2026 16:57:07 GMT-0700 (Mountain Standard Time)
[debug] [2026-08-21T23:57:07.723Z] ----------------------------------------------------------------------
[debug] 
[debug] [2026-08-21T23:57:08.134Z] > command requires scopes: ["email","openid","https://www.googleapis.com/auth/cloudplatformprojects.readonly","https://www.googleapis.com/auth/firebase","https://www.googleapis.com/auth/cloud-platform"]
[debug] [2026-08-21T23:57:08.134Z] > authorizing via signed-in user (sandiepietz@gmail.com)
[debug] [2026-08-21T23:57:08.134Z] [iam] checking project hours-tracker-505617 for permissions ["firebase.projects.get","firebasehosting.sites.update"]
[debug] [2026-08-21T23:57:08.138Z] Checked if tokens are valid: true, expires at: 1787359536714
[debug] [2026-08-21T23:57:08.139Z] Checked if tokens are valid: true, expires at: 1787359536714
[debug] [2026-08-21T23:57:08.139Z] >>> [apiv2][query] POST https://cloudresourcemanager.googleapis.com/v1/projects/hours-tracker-505617:testIamPermissions [none]
[debug] [2026-08-21T23:57:08.139Z] >>> [apiv2][(partial)header] POST https://cloudresourcemanager.googleapis.com/v1/projects/hours-tracker-505617:testIamPermissions  x-goog-user-project=hours-tracker-505617
[debug] [2026-08-21T23:57:08.139Z] >>> [apiv2][body] POST https://cloudresourcemanager.googleapis.com/v1/projects/hours-tracker-505617:testIamPermissions {"permissions":["firebase.projects.get","firebasehosting.sites.update"]}
[debug] [2026-08-21T23:57:08.509Z] <<< [apiv2][status] POST https://cloudresourcemanager.googleapis.com/v1/projects/hours-tracker-505617:testIamPermissions 200
[debug] [2026-08-21T23:57:08.509Z] <<< [apiv2][body] POST https://cloudresourcemanager.googleapis.com/v1/projects/hours-tracker-505617:testIamPermissions {"permissions":["firebase.projects.get","firebasehosting.sites.update"]}
[debug] [2026-08-21T23:57:08.509Z] Checked if tokens are valid: true, expires at: 1787359536714
[debug] [2026-08-21T23:57:08.510Z] Checked if tokens are valid: true, expires at: 1787359536714
[debug] [2026-08-21T23:57:08.510Z] >>> [apiv2][query] GET https://firebase.googleapis.com/v1beta1/projects/hours-tracker-505617 [none]
[debug] [2026-08-21T23:57:08.772Z] <<< [apiv2][status] GET https://firebase.googleapis.com/v1beta1/projects/hours-tracker-505617 200
[debug] [2026-08-21T23:57:08.772Z] <<< [apiv2][body] GET https://firebase.googleapis.com/v1beta1/projects/hours-tracker-505617 {"projectId":"hours-tracker-505617","projectNumber":"1053801277711","displayName":"Hours Tracker","name":"projects/hours-tracker-505617","resources":{"hostingSite":"hours-tracker-505617"},"state":"ACTIVE","labels":{"firebase":"enabled"},"etag":"1_9b67e5f4-0d64-458f-acc0-b5264089e54e"}
[info] 
[info] === Deploying to 'hours-tracker-505617'...
[info] 
[info] i  deploying hosting 
[debug] [2026-08-21T23:57:08.775Z] Checked if tokens are valid: true, expires at: 1787359536714
[debug] [2026-08-21T23:57:08.775Z] Checked if tokens are valid: true, expires at: 1787359536714
[debug] [2026-08-21T23:57:08.775Z] >>> [apiv2][query] GET https://firebasehosting.googleapis.com/v1beta1/projects/hours-tracker-505617/sites/hours-tracker-505617 [none]
[debug] [2026-08-21T23:57:09.311Z] <<< [apiv2][status] GET https://firebasehosting.googleapis.com/v1beta1/projects/hours-tracker-505617/sites/hours-tracker-505617 200
[debug] [2026-08-21T23:57:09.311Z] <<< [apiv2][body] GET https://firebasehosting.googleapis.com/v1beta1/projects/hours-tracker-505617/sites/hours-tracker-505617 {"name":"projects/hours-tracker-505617/sites/hours-tracker-505617","defaultUrl":"https://hours-tracker-505617.web.app","appId":"1:1053801277711:web:4ef9a62303536bf2bc367a","type":"DEFAULT_SITE"}
[debug] [2026-08-21T23:57:09.312Z] Checked if tokens are valid: true, expires at: 1787359536714
[debug] [2026-08-21T23:57:09.312Z] Checked if tokens are valid: true, expires at: 1787359536714
[debug] [2026-08-21T23:57:09.313Z] >>> [apiv2][query] POST https://firebasehosting.googleapis.com/v1beta1/projects/-/sites/hours-tracker-505617/versions [none]
[debug] [2026-08-21T23:57:09.313Z] >>> [apiv2][body] POST https://firebasehosting.googleapis.com/v1beta1/projects/-/sites/hours-tracker-505617/versions {"status":"CREATED","labels":{"deployment-tool":"cli-firebase"}}
[debug] [2026-08-21T23:57:09.878Z] <<< [apiv2][status] POST https://firebasehosting.googleapis.com/v1beta1/projects/-/sites/hours-tracker-505617/versions 200
[debug] [2026-08-21T23:57:09.878Z] <<< [apiv2][body] POST https://firebasehosting.googleapis.com/v1beta1/projects/-/sites/hours-tracker-505617/versions {"name":"projects/1053801277711/sites/hours-tracker-505617/versions/43d7a211c5d305a0","status":"CREATED","config":{},"labels":{"deployment-tool":"cli-firebase"}}
[info] i  hosting[hours-tracker-505617]: beginning deploy... 
[info] i  hosting[hours-tracker-505617]: found 7 files in firebase-dist 
[debug] [2026-08-21T23:57:09.891Z] [hosting] uploading with 200 concurrency
[debug] [2026-08-21T23:57:09.938Z] Checked if tokens are valid: true, expires at: 1787359536714
[debug] [2026-08-21T23:57:09.938Z] Checked if tokens are valid: true, expires at: 1787359536714
[debug] [2026-08-21T23:57:09.938Z] [hosting] hash cache [ZmlyZWJhc2UtZGlzdA] stored for 7 files
[debug] [2026-08-21T23:57:09.938Z] [hosting][hash queue][FINAL] {"max":44,"min":0,"avg":7,"active":0,"complete":7,"success":7,"errored":0,"retried":0,"total":7,"elapsed":46}
[debug] [2026-08-21T23:57:09.938Z] >>> [apiv2][query] POST https://firebasehosting.googleapis.com/v1beta1/projects/1053801277711/sites/hours-tracker-505617/versions/43d7a211c5d305a0:populateFiles [none]
[debug] [2026-08-21T23:57:09.938Z] >>> [apiv2][body] POST https://firebasehosting.googleapis.com/v1beta1/projects/1053801277711/sites/hours-tracker-505617/versions/43d7a211c5d305a0:populateFiles {"files":{"/window.svg":"32ea868a4067b3f236353dc7f0851952d02ecb0515826d1dd2590e61159b146a","/globe.svg":"a89af50fbe7023054a59f733eab7cc4c89605387c9decd9701536e081f5b607f","/file.svg":"0d4c6b6999e2d6106f033135f4b32598029367bd331608c34c4e4a072ea0b469","/favicon.svg":"f0fc09166d474aacd631f1d6cd9560d37843a8a233ad37eac785909c18823406","/index.html":"df39ed2a598a205f4af53e3a7677b8cbab432001bdb64cf35475fcf0d01fbf5d","/assets/index-B3A5AJiX.css":"d70095d5ca8bc8aeaedbe8365780a34ed31fc02932357c3b39bfd498dfb302c4","/assets/index-tT16tZ1S.js":"446554422df0ff055699f17e6c48048b73cea4b7bbe00d248545fc05b1ad9a98"}}
[debug] [2026-08-21T23:57:10.485Z] <<< [apiv2][status] POST https://firebasehosting.googleapis.com/v1beta1/projects/1053801277711/sites/hours-tracker-505617/versions/43d7a211c5d305a0:populateFiles 200
[debug] [2026-08-21T23:57:10.485Z] <<< [apiv2][body] POST https://firebasehosting.googleapis.com/v1beta1/projects/1053801277711/sites/hours-tracker-505617/versions/43d7a211c5d305a0:populateFiles {"uploadRequiredHashes":["df39ed2a598a205f4af53e3a7677b8cbab432001bdb64cf35475fcf0d01fbf5d","d70095d5ca8bc8aeaedbe8365780a34ed31fc02932357c3b39bfd498dfb302c4","446554422df0ff055699f17e6c48048b73cea4b7bbe00d248545fc05b1ad9a98"],"uploadUrl":"https://upload-firebasehosting.googleapis.com/upload/sites/hours-tracker-505617/versions/43d7a211c5d305a0/files"}
[debug] [2026-08-21T23:57:10.486Z] Checked if tokens are valid: true, expires at: 1787359536714
[debug] [2026-08-21T23:57:10.486Z] Checked if tokens are valid: true, expires at: 1787359536714
[debug] [2026-08-21T23:57:10.487Z] Checked if tokens are valid: true, expires at: 1787359536714
[debug] [2026-08-21T23:57:10.487Z] Checked if tokens are valid: true, expires at: 1787359536714
[debug] [2026-08-21T23:57:10.487Z] Checked if tokens are valid: true, expires at: 1787359536714
[debug] [2026-08-21T23:57:10.487Z] Checked if tokens are valid: true, expires at: 1787359536714
[debug] [2026-08-21T23:57:10.487Z] >>> [apiv2][query] POST https://upload-firebasehosting.googleapis.com/upload/sites/hours-tracker-505617/versions/43d7a211c5d305a0/files/df39ed2a598a205f4af53e3a7677b8cbab432001bdb64cf35475fcf0d01fbf5d [none]
[debug] [2026-08-21T23:57:10.487Z] >>> [apiv2][body] POST https://upload-firebasehosting.googleapis.com/upload/sites/hours-tracker-505617/versions/43d7a211c5d305a0/files/df39ed2a598a205f4af53e3a7677b8cbab432001bdb64cf35475fcf0d01fbf5d [stream]
[debug] [2026-08-21T23:57:10.489Z] >>> [apiv2][query] POST https://upload-firebasehosting.googleapis.com/upload/sites/hours-tracker-505617/versions/43d7a211c5d305a0/files/d70095d5ca8bc8aeaedbe8365780a34ed31fc02932357c3b39bfd498dfb302c4 [none]
[debug] [2026-08-21T23:57:10.489Z] >>> [apiv2][body] POST https://upload-firebasehosting.googleapis.com/upload/sites/hours-tracker-505617/versions/43d7a211c5d305a0/files/d70095d5ca8bc8aeaedbe8365780a34ed31fc02932357c3b39bfd498dfb302c4 [stream]
[debug] [2026-08-21T23:57:10.490Z] >>> [apiv2][query] POST https://upload-firebasehosting.googleapis.com/upload/sites/hours-tracker-505617/versions/43d7a211c5d305a0/files/446554422df0ff055699f17e6c48048b73cea4b7bbe00d248545fc05b1ad9a98 [none]
[debug] [2026-08-21T23:57:10.490Z] >>> [apiv2][body] POST https://upload-firebasehosting.googleapis.com/upload/sites/hours-tracker-505617/versions/43d7a211c5d305a0/files/446554422df0ff055699f17e6c48048b73cea4b7bbe00d248545fc05b1ad9a98 [stream]
[debug] [2026-08-21T23:57:10.493Z] [hosting][populate queue][FINAL] {"max":550,"min":550,"avg":550,"active":0,"complete":1,"success":1,"errored":0,"retried":0,"total":1,"elapsed":556}
[debug] [2026-08-21T23:57:10.493Z] [hosting] uploads queued: 3
[debug] [2026-08-21T23:57:11.636Z] <<< [apiv2][status] POST https://upload-firebasehosting.googleapis.com/upload/sites/hours-tracker-505617/versions/43d7a211c5d305a0/files/d70095d5ca8bc8aeaedbe8365780a34ed31fc02932357c3b39bfd498dfb302c4 200
[debug] [2026-08-21T23:57:11.636Z] <<< [apiv2][body] POST https://upload-firebasehosting.googleapis.com/upload/sites/hours-tracker-505617/versions/43d7a211c5d305a0/files/d70095d5ca8bc8aeaedbe8365780a34ed31fc02932357c3b39bfd498dfb302c4 [stream]
[debug] [2026-08-21T23:57:11.637Z] <<< [apiv2][status] POST https://upload-firebasehosting.googleapis.com/upload/sites/hours-tracker-505617/versions/43d7a211c5d305a0/files/df39ed2a598a205f4af53e3a7677b8cbab432001bdb64cf35475fcf0d01fbf5d 200
[debug] [2026-08-21T23:57:11.637Z] <<< [apiv2][body] POST https://upload-firebasehosting.googleapis.com/upload/sites/hours-tracker-505617/versions/43d7a211c5d305a0/files/df39ed2a598a205f4af53e3a7677b8cbab432001bdb64cf35475fcf0d01fbf5d [stream]
[info] i  hosting: uploading new files [2/3] (66%) 
[debug] [2026-08-21T23:57:11.948Z] <<< [apiv2][status] POST https://upload-firebasehosting.googleapis.com/upload/sites/hours-tracker-505617/versions/43d7a211c5d305a0/files/446554422df0ff055699f17e6c48048b73cea4b7bbe00d248545fc05b1ad9a98 200
[debug] [2026-08-21T23:57:11.948Z] <<< [apiv2][body] POST https://upload-firebasehosting.googleapis.com/upload/sites/hours-tracker-505617/versions/43d7a211c5d305a0/files/446554422df0ff055699f17e6c48048b73cea4b7bbe00d248545fc05b1ad9a98 [stream]
[debug] [2026-08-21T23:57:11.948Z] [hosting][upload queue][FINAL] {"max":1461,"min":1151,"avg":1254.6666666666667,"active":0,"complete":3,"success":3,"errored":0,"retried":0,"total":3,"elapsed":1463}
[info] i  hosting: upload complete 
[info] ✔  hosting[hours-tracker-505617]: file upload complete 
[debug] [2026-08-21T23:57:11.949Z] [hosting] deploy completed after 2068ms
[debug] [2026-08-21T23:57:11.950Z] [
  {
    "config": {
      "public": "firebase-dist",
      "ignore": [
        "firebase.json",
        "**/.*",
        "**/node_modules/**"
      ],
      "rewrites": [
        {
          "source": "**",
          "destination": "/index.html"
        }
      ],
      "site": "hours-tracker-505617"
    },
    "version": "projects/1053801277711/sites/hours-tracker-505617/versions/43d7a211c5d305a0"
  }
]
[info] i  hosting[hours-tracker-505617]: finalizing version... 
[debug] [2026-08-21T23:57:11.952Z] Checked if tokens are valid: true, expires at: 1787359536714
[debug] [2026-08-21T23:57:11.952Z] Checked if tokens are valid: true, expires at: 1787359536714
[debug] [2026-08-21T23:57:11.953Z] >>> [apiv2][query] PATCH https://firebasehosting.googleapis.com/v1beta1/projects/-/sites/hours-tracker-505617/versions/43d7a211c5d305a0 updateMask=status%2Cconfig
[debug] [2026-08-21T23:57:11.953Z] >>> [apiv2][body] PATCH https://firebasehosting.googleapis.com/v1beta1/projects/-/sites/hours-tracker-505617/versions/43d7a211c5d305a0 {"status":"FINALIZED","config":{"rewrites":[{"glob":"**","path":"/index.html"}]}}
[debug] [2026-08-21T23:57:12.321Z] <<< [apiv2][status] PATCH https://firebasehosting.googleapis.com/v1beta1/projects/-/sites/hours-tracker-505617/versions/43d7a211c5d305a0 200
[debug] [2026-08-21T23:57:12.321Z] <<< [apiv2][body] PATCH https://firebasehosting.googleapis.com/v1beta1/projects/-/sites/hours-tracker-505617/versions/43d7a211c5d305a0 {"name":"projects/1053801277711/sites/hours-tracker-505617/versions/43d7a211c5d305a0","status":"FINALIZED","config":{"rewrites":[{"glob":"**","path":"/index.html"}]},"labels":{"deployment-tool":"cli-firebase"},"createTime":"2026-08-21T23:57:09.475883Z","createUser":{"email":"sandiepietz@gmail.com"},"finalizeTime":"2026-08-21T23:57:12.220440Z","finalizeUser":{"email":"sandiepietz@gmail.com"}}
[debug] [2026-08-21T23:57:12.321Z] [hosting] finalized version for hours-tracker-505617:[object Object]
[info] ✔  hosting[hours-tracker-505617]: version finalized 
[info] i  hosting[hours-tracker-505617]: releasing new version... 
[debug] [2026-08-21T23:57:12.321Z] Checked if tokens are valid: true, expires at: 1787359536714
[debug] [2026-08-21T23:57:12.322Z] Checked if tokens are valid: true, expires at: 1787359536714
[debug] [2026-08-21T23:57:12.322Z] >>> [apiv2][query] POST https://firebasehosting.googleapis.com/v1beta1/projects/-/sites/hours-tracker-505617/channels/live/releases versionName=projects%2F1053801277711%2Fsites%2Fhours-tracker-505617%2Fversions%2F43d7a211c5d305a0
[debug] [2026-08-21T23:57:12.322Z] >>> [apiv2][body] POST https://firebasehosting.googleapis.com/v1beta1/projects/-/sites/hours-tracker-505617/channels/live/releases {}
[debug] [2026-08-21T23:57:12.688Z] <<< [apiv2][status] POST https://firebasehosting.googleapis.com/v1beta1/projects/-/sites/hours-tracker-505617/channels/live/releases 200
[debug] [2026-08-22T00:07:53.201Z] ----------------------------------------------------------------------
[debug] [2026-08-22T00:07:53.204Z] Command:       /usr/local/bin/node /usr/local/bin/firebase deploy --only hosting
[debug] [2026-08-22T00:07:53.204Z] CLI Version:   15.28.1
[debug] [2026-08-22T00:07:53.204Z] Platform:      darwin
[debug] [2026-08-22T00:07:53.204Z] Node Version:  v24.19.0
[debug] [2026-08-22T00:07:53.204Z] Detected Agent: codex_cli
[debug] [2026-08-22T00:07:53.204Z] Time:          Fri Aug 21 2026 17:07:53 GMT-0700 (Mountain Standard Time)
[debug] [2026-08-22T00:07:53.204Z] ----------------------------------------------------------------------
[debug] 
[debug] [2026-08-22T00:07:53.656Z] > command requires scopes: ["email","openid","https://www.googleapis.com/auth/cloudplatformprojects.readonly","https://www.googleapis.com/auth/firebase","https://www.googleapis.com/auth/cloud-platform"]
[debug] [2026-08-22T00:07:53.656Z] > authorizing via signed-in user (sandiepietz@gmail.com)
[debug] [2026-08-22T00:07:53.656Z] [iam] checking project hours-tracker-505617 for permissions ["firebase.projects.get","firebasehosting.sites.update"]
[debug] [2026-08-22T00:07:53.661Z] Checked if tokens are valid: true, expires at: 1787359536714
[debug] [2026-08-22T00:07:53.661Z] Checked if tokens are valid: true, expires at: 1787359536714
[debug] [2026-08-22T00:07:53.661Z] >>> [apiv2][query] POST https://cloudresourcemanager.googleapis.com/v1/projects/hours-tracker-505617:testIamPermissions [none]
[debug] [2026-08-22T00:07:53.661Z] >>> [apiv2][(partial)header] POST https://cloudresourcemanager.googleapis.com/v1/projects/hours-tracker-505617:testIamPermissions  x-goog-user-project=hours-tracker-505617
[debug] [2026-08-22T00:07:53.661Z] >>> [apiv2][body] POST https://cloudresourcemanager.googleapis.com/v1/projects/hours-tracker-505617:testIamPermissions {"permissions":["firebase.projects.get","firebasehosting.sites.update"]}
[debug] [2026-08-22T00:07:53.972Z] <<< [apiv2][status] POST https://cloudresourcemanager.googleapis.com/v1/projects/hours-tracker-505617:testIamPermissions 200
[debug] [2026-08-22T00:07:53.972Z] <<< [apiv2][body] POST https://cloudresourcemanager.googleapis.com/v1/projects/hours-tracker-505617:testIamPermissions {"permissions":["firebase.projects.get","firebasehosting.sites.update"]}
[debug] [2026-08-22T00:07:53.973Z] Checked if tokens are valid: true, expires at: 1787359536714
[debug] [2026-08-22T00:07:53.973Z] Checked if tokens are valid: true, expires at: 1787359536714
[debug] [2026-08-22T00:07:53.973Z] >>> [apiv2][query] GET https://firebase.googleapis.com/v1beta1/projects/hours-tracker-505617 [none]
[debug] [2026-08-22T00:07:54.234Z] <<< [apiv2][status] GET https://firebase.googleapis.com/v1beta1/projects/hours-tracker-505617 200
[debug] [2026-08-22T00:07:54.234Z] <<< [apiv2][body] GET https://firebase.googleapis.com/v1beta1/projects/hours-tracker-505617 {"projectId":"hours-tracker-505617","projectNumber":"1053801277711","displayName":"Hours Tracker","name":"projects/hours-tracker-505617","resources":{"hostingSite":"hours-tracker-505617"},"state":"ACTIVE","labels":{"firebase":"enabled"},"etag":"1_9b67e5f4-0d64-458f-acc0-b5264089e54e"}
[info] 
[info] === Deploying to 'hours-tracker-505617'...
[info] 
[info] i  deploying hosting 
[debug] [2026-08-22T00:07:54.237Z] Checked if tokens are valid: true, expires at: 1787359536714
[debug] [2026-08-22T00:07:54.237Z] Checked if tokens are valid: true, expires at: 1787359536714
[debug] [2026-08-22T00:07:54.237Z] >>> [apiv2][query] GET https://firebasehosting.googleapis.com/v1beta1/projects/hours-tracker-505617/sites/hours-tracker-505617 [none]
[debug] [2026-08-22T00:07:54.901Z] <<< [apiv2][status] GET https://firebasehosting.googleapis.com/v1beta1/projects/hours-tracker-505617/sites/hours-tracker-505617 200
[debug] [2026-08-22T00:07:54.901Z] <<< [apiv2][body] GET https://firebasehosting.googleapis.com/v1beta1/projects/hours-tracker-505617/sites/hours-tracker-505617 {"name":"projects/hours-tracker-505617/sites/hours-tracker-505617","defaultUrl":"https://hours-tracker-505617.web.app","appId":"1:1053801277711:web:4ef9a62303536bf2bc367a","type":"DEFAULT_SITE"}
[debug] [2026-08-22T00:07:54.902Z] Checked if tokens are valid: true, expires at: 1787359536714
[debug] [2026-08-22T00:07:54.902Z] Checked if tokens are valid: true, expires at: 1787359536714
[debug] [2026-08-22T00:07:54.902Z] >>> [apiv2][query] POST https://firebasehosting.googleapis.com/v1beta1/projects/-/sites/hours-tracker-505617/versions [none]
[debug] [2026-08-22T00:07:54.902Z] >>> [apiv2][body] POST https://firebasehosting.googleapis.com/v1beta1/projects/-/sites/hours-tracker-505617/versions {"status":"CREATED","labels":{"deployment-tool":"cli-firebase"}}
[debug] [2026-08-22T00:07:55.421Z] <<< [apiv2][status] POST https://firebasehosting.googleapis.com/v1beta1/projects/-/sites/hours-tracker-505617/versions 200
[debug] [2026-08-22T00:07:55.422Z] <<< [apiv2][body] POST https://firebasehosting.googleapis.com/v1beta1/projects/-/sites/hours-tracker-505617/versions {"name":"projects/1053801277711/sites/hours-tracker-505617/versions/994af082bb5d55a1","status":"CREATED","config":{},"labels":{"deployment-tool":"cli-firebase"}}
[info] i  hosting[hours-tracker-505617]: beginning deploy... 
[info] i  hosting[hours-tracker-505617]: found 7 files in firebase-dist 
[debug] [2026-08-22T00:07:55.436Z] [hosting] uploading with 200 concurrency
[debug] [2026-08-22T00:07:55.484Z] Checked if tokens are valid: true, expires at: 1787359536714
[debug] [2026-08-22T00:07:55.484Z] Checked if tokens are valid: true, expires at: 1787359536714
[debug] [2026-08-22T00:07:55.484Z] [hosting] hash cache [ZmlyZWJhc2UtZGlzdA] stored for 7 files
[debug] [2026-08-22T00:07:55.484Z] [hosting][hash queue][FINAL] {"max":45,"min":1,"avg":8.714285714285714,"active":0,"complete":7,"success":7,"errored":0,"retried":0,"total":7,"elapsed":48}
[debug] [2026-08-22T00:07:55.484Z] >>> [apiv2][query] POST https://firebasehosting.googleapis.com/v1beta1/projects/1053801277711/sites/hours-tracker-505617/versions/994af082bb5d55a1:populateFiles [none]
[debug] [2026-08-22T00:07:55.485Z] >>> [apiv2][body] POST https://firebasehosting.googleapis.com/v1beta1/projects/1053801277711/sites/hours-tracker-505617/versions/994af082bb5d55a1:populateFiles {"files":{"/window.svg":"32ea868a4067b3f236353dc7f0851952d02ecb0515826d1dd2590e61159b146a","/globe.svg":"a89af50fbe7023054a59f733eab7cc4c89605387c9decd9701536e081f5b607f","/file.svg":"0d4c6b6999e2d6106f033135f4b32598029367bd331608c34c4e4a072ea0b469","/favicon.svg":"f0fc09166d474aacd631f1d6cd9560d37843a8a233ad37eac785909c18823406","/index.html":"97e4677d2295cbbd5eb996d511ee4c5f6f07e0f0f1ea14258ca77d646ea83aa3","/assets/index-B3A5AJiX.css":"23ba5c3746208614d91a52606fc35f8900559de1c509d256f31cff27ad29305a","/assets/index-tT16tZ1S.js":"9f3334fdb648c0c4fb1148efa4975e664a6dc12f4eb8803fe517a9897bcbbe95"}}
[debug] [2026-08-22T00:07:55.985Z] <<< [apiv2][status] POST https://firebasehosting.googleapis.com/v1beta1/projects/1053801277711/sites/hours-tracker-505617/versions/994af082bb5d55a1:populateFiles 200
[debug] [2026-08-22T00:07:55.985Z] <<< [apiv2][body] POST https://firebasehosting.googleapis.com/v1beta1/projects/1053801277711/sites/hours-tracker-505617/versions/994af082bb5d55a1:populateFiles {"uploadRequiredHashes":["97e4677d2295cbbd5eb996d511ee4c5f6f07e0f0f1ea14258ca77d646ea83aa3","23ba5c3746208614d91a52606fc35f8900559de1c509d256f31cff27ad29305a","9f3334fdb648c0c4fb1148efa4975e664a6dc12f4eb8803fe517a9897bcbbe95"],"uploadUrl":"https://upload-firebasehosting.googleapis.com/upload/sites/hours-tracker-505617/versions/994af082bb5d55a1/files"}
[debug] [2026-08-22T00:07:55.986Z] Checked if tokens are valid: true, expires at: 1787359536714
[debug] [2026-08-22T00:07:55.986Z] Checked if tokens are valid: true, expires at: 1787359536714
[debug] [2026-08-22T00:07:55.986Z] Checked if tokens are valid: true, expires at: 1787359536714
[debug] [2026-08-22T00:07:55.987Z] Checked if tokens are valid: true, expires at: 1787359536714
[debug] [2026-08-22T00:07:55.987Z] Checked if tokens are valid: true, expires at: 1787359536714
[debug] [2026-08-22T00:07:55.987Z] Checked if tokens are valid: true, expires at: 1787359536714
[debug] [2026-08-22T00:07:55.987Z] >>> [apiv2][query] POST https://upload-firebasehosting.googleapis.com/upload/sites/hours-tracker-505617/versions/994af082bb5d55a1/files/97e4677d2295cbbd5eb996d511ee4c5f6f07e0f0f1ea14258ca77d646ea83aa3 [none]
[debug] [2026-08-22T00:07:55.987Z] >>> [apiv2][body] POST https://upload-firebasehosting.googleapis.com/upload/sites/hours-tracker-505617/versions/994af082bb5d55a1/files/97e4677d2295cbbd5eb996d511ee4c5f6f07e0f0f1ea14258ca77d646ea83aa3 [stream]
[debug] [2026-08-22T00:07:55.989Z] >>> [apiv2][query] POST https://upload-firebasehosting.googleapis.com/upload/sites/hours-tracker-505617/versions/994af082bb5d55a1/files/23ba5c3746208614d91a52606fc35f8900559de1c509d256f31cff27ad29305a [none]
[debug] [2026-08-22T00:07:55.989Z] >>> [apiv2][body] POST https://upload-firebasehosting.googleapis.com/upload/sites/hours-tracker-505617/versions/994af082bb5d55a1/files/23ba5c3746208614d91a52606fc35f8900559de1c509d256f31cff27ad29305a [stream]
[debug] [2026-08-22T00:07:55.990Z] >>> [apiv2][query] POST https://upload-firebasehosting.googleapis.com/upload/sites/hours-tracker-505617/versions/994af082bb5d55a1/files/9f3334fdb648c0c4fb1148efa4975e664a6dc12f4eb8803fe517a9897bcbbe95 [none]
[debug] [2026-08-22T00:07:55.990Z] >>> [apiv2][body] POST https://upload-firebasehosting.googleapis.com/upload/sites/hours-tracker-505617/versions/994af082bb5d55a1/files/9f3334fdb648c0c4fb1148efa4975e664a6dc12f4eb8803fe517a9897bcbbe95 [stream]
[debug] [2026-08-22T00:07:55.992Z] [hosting][populate queue][FINAL] {"max":503,"min":503,"avg":503,"active":0,"complete":1,"success":1,"errored":0,"retried":0,"total":1,"elapsed":508}
[debug] [2026-08-22T00:07:55.992Z] [hosting] uploads queued: 3
[debug] [2026-08-22T00:07:57.001Z] <<< [apiv2][status] POST https://upload-firebasehosting.googleapis.com/upload/sites/hours-tracker-505617/versions/994af082bb5d55a1/files/23ba5c3746208614d91a52606fc35f8900559de1c509d256f31cff27ad29305a 200
[debug] [2026-08-22T00:07:57.001Z] <<< [apiv2][body] POST https://upload-firebasehosting.googleapis.com/upload/sites/hours-tracker-505617/versions/994af082bb5d55a1/files/23ba5c3746208614d91a52606fc35f8900559de1c509d256f31cff27ad29305a [stream]
[debug] [2026-08-22T00:07:57.010Z] <<< [apiv2][status] POST https://upload-firebasehosting.googleapis.com/upload/sites/hours-tracker-505617/versions/994af082bb5d55a1/files/97e4677d2295cbbd5eb996d511ee4c5f6f07e0f0f1ea14258ca77d646ea83aa3 200
[debug] [2026-08-22T00:07:57.010Z] <<< [apiv2][body] POST https://upload-firebasehosting.googleapis.com/upload/sites/hours-tracker-505617/versions/994af082bb5d55a1/files/97e4677d2295cbbd5eb996d511ee4c5f6f07e0f0f1ea14258ca77d646ea83aa3 [stream]
[debug] [2026-08-22T00:07:57.144Z] <<< [apiv2][status] POST https://upload-firebasehosting.googleapis.com/upload/sites/hours-tracker-505617/versions/994af082bb5d55a1/files/9f3334fdb648c0c4fb1148efa4975e664a6dc12f4eb8803fe517a9897bcbbe95 200
[debug] [2026-08-22T00:07:57.144Z] <<< [apiv2][body] POST https://upload-firebasehosting.googleapis.com/upload/sites/hours-tracker-505617/versions/994af082bb5d55a1/files/9f3334fdb648c0c4fb1148efa4975e664a6dc12f4eb8803fe517a9897bcbbe95 [stream]
[debug] [2026-08-22T00:07:57.144Z] [hosting][upload queue][FINAL] {"max":1157,"min":1015,"avg":1065.6666666666667,"active":0,"complete":3,"success":3,"errored":0,"retried":0,"total":3,"elapsed":1159}
[info] i  hosting: upload complete 
[info] ✔  hosting[hours-tracker-505617]: file upload complete 
[debug] [2026-08-22T00:07:57.145Z] [hosting] deploy completed after 1720ms
[debug] [2026-08-22T00:07:57.145Z] [
  {
    "config": {
      "public": "firebase-dist",
      "ignore": [
        "firebase.json",
        "**/.*",
        "**/node_modules/**"
      ],
      "rewrites": [
        {
          "source": "**",
          "destination": "/index.html"
        }
      ],
      "site": "hours-tracker-505617"
    },
    "version": "projects/1053801277711/sites/hours-tracker-505617/versions/994af082bb5d55a1"
  }
]
[info] i  hosting[hours-tracker-505617]: finalizing version... 
[debug] [2026-08-22T00:07:57.147Z] Checked if tokens are valid: true, expires at: 1787359536714
[debug] [2026-08-22T00:07:57.147Z] Checked if tokens are valid: true, expires at: 1787359536714
[debug] [2026-08-22T00:07:57.147Z] >>> [apiv2][query] PATCH https://firebasehosting.googleapis.com/v1beta1/projects/-/sites/hours-tracker-505617/versions/994af082bb5d55a1 updateMask=status%2Cconfig
[debug] [2026-08-22T00:07:57.147Z] >>> [apiv2][body] PATCH https://firebasehosting.googleapis.com/v1beta1/projects/-/sites/hours-tracker-505617/versions/994af082bb5d55a1 {"status":"FINALIZED","config":{"rewrites":[{"glob":"**","path":"/index.html"}]}}
[debug] [2026-08-22T00:07:57.633Z] <<< [apiv2][status] PATCH https://firebasehosting.googleapis.com/v1beta1/projects/-/sites/hours-tracker-505617/versions/994af082bb5d55a1 200
[debug] [2026-08-22T00:07:57.633Z] <<< [apiv2][body] PATCH https://firebasehosting.googleapis.com/v1beta1/projects/-/sites/hours-tracker-505617/versions/994af082bb5d55a1 {"name":"projects/1053801277711/sites/hours-tracker-505617/versions/994af082bb5d55a1","status":"FINALIZED","config":{"rewrites":[{"glob":"**","path":"/index.html"}]},"labels":{"deployment-tool":"cli-firebase"},"createTime":"2026-08-22T00:07:55.074432Z","createUser":{"email":"sandiepietz@gmail.com"},"finalizeTime":"2026-08-22T00:07:57.591678Z","finalizeUser":{"email":"sandiepietz@gmail.com"}}
[debug] [2026-08-22T00:07:57.633Z] [hosting] finalized version for hours-tracker-505617:[object Object]
[info] ✔  hosting[hours-tracker-505617]: version finalized 
[info] i  hosting[hours-tracker-505617]: releasing new version... 
[debug] [2026-08-22T00:07:57.634Z] Checked if tokens are valid: true, expires at: 1787359536714
[debug] [2026-08-22T00:07:57.634Z] Checked if tokens are valid: true, expires at: 1787359536714
[debug] [2026-08-22T00:07:57.634Z] >>> [apiv2][query] POST https://firebasehosting.googleapis.com/v1beta1/projects/-/sites/hours-tracker-505617/channels/live/releases versionName=projects%2F1053801277711%2Fsites%2Fhours-tracker-505617%2Fversions%2F994af082bb5d55a1
[debug] [2026-08-22T00:07:57.634Z] >>> [apiv2][body] POST https://firebasehosting.googleapis.com/v1beta1/projects/-/sites/hours-tracker-505617/channels/live/releases {}
[debug] [2026-08-22T00:07:58.047Z] <<< [apiv2][status] POST https://firebasehosting.googleapis.com/v1beta1/projects/-/sites/hours-tracker-505617/channels/live/releases 200
[debug] [2026-08-22T00:16:57.031Z] ----------------------------------------------------------------------
[debug] [2026-08-22T00:16:57.035Z] Command:       /usr/local/bin/node /usr/local/bin/firebase deploy --only hosting
[debug] [2026-08-22T00:16:57.035Z] CLI Version:   15.28.1
[debug] [2026-08-22T00:16:57.035Z] Platform:      darwin
[debug] [2026-08-22T00:16:57.036Z] Node Version:  v24.19.0
[debug] [2026-08-22T00:16:57.036Z] Detected Agent: codex_cli
[debug] [2026-08-22T00:16:57.036Z] Time:          Fri Aug 21 2026 17:16:57 GMT-0700 (Mountain Standard Time)
[debug] [2026-08-22T00:16:57.036Z] ----------------------------------------------------------------------
[debug] 
[debug] [2026-08-22T00:16:57.434Z] > command requires scopes: ["email","openid","https://www.googleapis.com/auth/cloudplatformprojects.readonly","https://www.googleapis.com/auth/firebase","https://www.googleapis.com/auth/cloud-platform"]
[debug] [2026-08-22T00:16:57.434Z] > authorizing via signed-in user (sandiepietz@gmail.com)
[debug] [2026-08-22T00:16:57.435Z] [iam] checking project hours-tracker-505617 for permissions ["firebase.projects.get","firebasehosting.sites.update"]
[debug] [2026-08-22T00:16:57.442Z] Checked if tokens are valid: true, expires at: 1787359536714
[debug] [2026-08-22T00:16:57.442Z] Checked if tokens are valid: true, expires at: 1787359536714
[debug] [2026-08-22T00:16:57.443Z] >>> [apiv2][query] POST https://cloudresourcemanager.googleapis.com/v1/projects/hours-tracker-505617:testIamPermissions [none]
[debug] [2026-08-22T00:16:57.443Z] >>> [apiv2][(partial)header] POST https://cloudresourcemanager.googleapis.com/v1/projects/hours-tracker-505617:testIamPermissions  x-goog-user-project=hours-tracker-505617
[debug] [2026-08-22T00:16:57.443Z] >>> [apiv2][body] POST https://cloudresourcemanager.googleapis.com/v1/projects/hours-tracker-505617:testIamPermissions {"permissions":["firebase.projects.get","firebasehosting.sites.update"]}
[debug] [2026-08-22T00:16:57.902Z] <<< [apiv2][status] POST https://cloudresourcemanager.googleapis.com/v1/projects/hours-tracker-505617:testIamPermissions 200
[debug] [2026-08-22T00:16:57.903Z] <<< [apiv2][body] POST https://cloudresourcemanager.googleapis.com/v1/projects/hours-tracker-505617:testIamPermissions {"permissions":["firebase.projects.get","firebasehosting.sites.update"]}
[debug] [2026-08-22T00:16:57.903Z] Checked if tokens are valid: true, expires at: 1787359536714
[debug] [2026-08-22T00:16:57.903Z] Checked if tokens are valid: true, expires at: 1787359536714
[debug] [2026-08-22T00:16:57.904Z] >>> [apiv2][query] GET https://firebase.googleapis.com/v1beta1/projects/hours-tracker-505617 [none]
[debug] [2026-08-22T00:16:58.249Z] <<< [apiv2][status] GET https://firebase.googleapis.com/v1beta1/projects/hours-tracker-505617 200
[debug] [2026-08-22T00:16:58.249Z] <<< [apiv2][body] GET https://firebase.googleapis.com/v1beta1/projects/hours-tracker-505617 {"projectId":"hours-tracker-505617","projectNumber":"1053801277711","displayName":"Hours Tracker","name":"projects/hours-tracker-505617","resources":{"hostingSite":"hours-tracker-505617"},"state":"ACTIVE","labels":{"firebase":"enabled"},"etag":"1_9b67e5f4-0d64-458f-acc0-b5264089e54e"}
[info] 
[info] === Deploying to 'hours-tracker-505617'...
[info] 
[info] i  deploying hosting 
[debug] [2026-08-22T00:16:58.253Z] Checked if tokens are valid: true, expires at: 1787359536714
[debug] [2026-08-22T00:16:58.253Z] Checked if tokens are valid: true, expires at: 1787359536714
[debug] [2026-08-22T00:16:58.253Z] >>> [apiv2][query] GET https://firebasehosting.googleapis.com/v1beta1/projects/hours-tracker-505617/sites/hours-tracker-505617 [none]
[debug] [2026-08-22T00:16:58.818Z] <<< [apiv2][status] GET https://firebasehosting.googleapis.com/v1beta1/projects/hours-tracker-505617/sites/hours-tracker-505617 200
[debug] [2026-08-22T00:16:58.818Z] <<< [apiv2][body] GET https://firebasehosting.googleapis.com/v1beta1/projects/hours-tracker-505617/sites/hours-tracker-505617 {"name":"projects/hours-tracker-505617/sites/hours-tracker-505617","defaultUrl":"https://hours-tracker-505617.web.app","appId":"1:1053801277711:web:4ef9a62303536bf2bc367a","type":"DEFAULT_SITE"}
[debug] [2026-08-22T00:16:58.819Z] Checked if tokens are valid: true, expires at: 1787359536714
[debug] [2026-08-22T00:16:58.820Z] Checked if tokens are valid: true, expires at: 1787359536714
[debug] [2026-08-22T00:16:58.820Z] >>> [apiv2][query] POST https://firebasehosting.googleapis.com/v1beta1/projects/-/sites/hours-tracker-505617/versions [none]
[debug] [2026-08-22T00:16:58.820Z] >>> [apiv2][body] POST https://firebasehosting.googleapis.com/v1beta1/projects/-/sites/hours-tracker-505617/versions {"status":"CREATED","labels":{"deployment-tool":"cli-firebase"}}
[debug] [2026-08-22T00:16:59.328Z] <<< [apiv2][status] POST https://firebasehosting.googleapis.com/v1beta1/projects/-/sites/hours-tracker-505617/versions 200
[debug] [2026-08-22T00:16:59.328Z] <<< [apiv2][body] POST https://firebasehosting.googleapis.com/v1beta1/projects/-/sites/hours-tracker-505617/versions {"name":"projects/1053801277711/sites/hours-tracker-505617/versions/29b3f889300b4fa6","status":"CREATED","config":{},"labels":{"deployment-tool":"cli-firebase"}}
[info] i  hosting[hours-tracker-505617]: beginning deploy... 
[info] i  hosting[hours-tracker-505617]: found 7 files in firebase-dist 
[debug] [2026-08-22T00:16:59.342Z] [hosting] uploading with 200 concurrency
[debug] [2026-08-22T00:16:59.344Z] Checked if tokens are valid: true, expires at: 1787359536714
[debug] [2026-08-22T00:16:59.344Z] Checked if tokens are valid: true, expires at: 1787359536714
[debug] [2026-08-22T00:16:59.345Z] [hosting] hash cache [ZmlyZWJhc2UtZGlzdA] stored for 7 files
[debug] [2026-08-22T00:16:59.345Z] [hosting][hash queue][FINAL] {"max":1,"min":0,"avg":0,"active":0,"complete":7,"success":7,"errored":0,"retried":0,"total":7,"elapsed":2}
[debug] [2026-08-22T00:16:59.345Z] >>> [apiv2][query] POST https://firebasehosting.googleapis.com/v1beta1/projects/1053801277711/sites/hours-tracker-505617/versions/29b3f889300b4fa6:populateFiles [none]
[debug] [2026-08-22T00:16:59.345Z] >>> [apiv2][body] POST https://firebasehosting.googleapis.com/v1beta1/projects/1053801277711/sites/hours-tracker-505617/versions/29b3f889300b4fa6:populateFiles {"files":{"/window.svg":"32ea868a4067b3f236353dc7f0851952d02ecb0515826d1dd2590e61159b146a","/index.html":"97e4677d2295cbbd5eb996d511ee4c5f6f07e0f0f1ea14258ca77d646ea83aa3","/globe.svg":"a89af50fbe7023054a59f733eab7cc4c89605387c9decd9701536e081f5b607f","/file.svg":"0d4c6b6999e2d6106f033135f4b32598029367bd331608c34c4e4a072ea0b469","/favicon.svg":"f0fc09166d474aacd631f1d6cd9560d37843a8a233ad37eac785909c18823406","/assets/index-tT16tZ1S.js":"9f3334fdb648c0c4fb1148efa4975e664a6dc12f4eb8803fe517a9897bcbbe95","/assets/index-B3A5AJiX.css":"23ba5c3746208614d91a52606fc35f8900559de1c509d256f31cff27ad29305a"}}
[debug] [2026-08-22T00:16:59.721Z] <<< [apiv2][status] POST https://firebasehosting.googleapis.com/v1beta1/projects/1053801277711/sites/hours-tracker-505617/versions/29b3f889300b4fa6:populateFiles 200
[debug] [2026-08-22T00:16:59.721Z] <<< [apiv2][body] POST https://firebasehosting.googleapis.com/v1beta1/projects/1053801277711/sites/hours-tracker-505617/versions/29b3f889300b4fa6:populateFiles {"uploadUrl":"https://upload-firebasehosting.googleapis.com/upload/sites/hours-tracker-505617/versions/29b3f889300b4fa6/files"}
[debug] [2026-08-22T00:16:59.722Z] [hosting][populate queue][FINAL] {"max":378,"min":378,"avg":378,"active":0,"complete":1,"success":1,"errored":0,"retried":0,"total":1,"elapsed":378}
[debug] [2026-08-22T00:16:59.722Z] [hosting] uploads queued: 0
[debug] [2026-08-22T00:16:59.722Z] [hosting][upload queue][FINAL] {"max":0,"min":9999999999,"avg":0,"active":0,"complete":0,"success":0,"errored":0,"retried":0,"total":0,"elapsed":1787357819722}
[info] i  hosting: upload complete 
[info] ✔  hosting[hours-tracker-505617]: file upload complete 
[debug] [2026-08-22T00:16:59.722Z] [hosting] deploy completed after 391ms
[debug] [2026-08-22T00:16:59.723Z] [
  {
    "config": {
      "public": "firebase-dist",
      "ignore": [
        "firebase.json",
        "**/.*",
        "**/node_modules/**"
      ],
      "headers": [
        {
          "source": "**/*.html",
          "headers": [
            {
              "key": "Cache-Control",
              "value": "no-cache, no-store, must-revalidate"
            }
          ]
        },
        {
          "source": "assets/**",
          "headers": [
            {
              "key": "Cache-Control",
              "value": "no-cache, must-revalidate"
            }
          ]
        }
      ],
      "rewrites": [
        {
          "source": "**",
          "destination": "/index.html"
        }
      ],
      "site": "hours-tracker-505617"
    },
    "version": "projects/1053801277711/sites/hours-tracker-505617/versions/29b3f889300b4fa6"
  }
]
[info] i  hosting[hours-tracker-505617]: finalizing version... 
[debug] [2026-08-22T00:16:59.726Z] Checked if tokens are valid: true, expires at: 1787359536714
[debug] [2026-08-22T00:16:59.726Z] Checked if tokens are valid: true, expires at: 1787359536714
[debug] [2026-08-22T00:16:59.726Z] >>> [apiv2][query] PATCH https://firebasehosting.googleapis.com/v1beta1/projects/-/sites/hours-tracker-505617/versions/29b3f889300b4fa6 updateMask=status%2Cconfig
[debug] [2026-08-22T00:16:59.727Z] >>> [apiv2][body] PATCH https://firebasehosting.googleapis.com/v1beta1/projects/-/sites/hours-tracker-505617/versions/29b3f889300b4fa6 {"status":"FINALIZED","config":{"rewrites":[{"glob":"**","path":"/index.html"}],"headers":[{"glob":"**/*.html","headers":{"Cache-Control":"no-cache, no-store, must-revalidate"}},{"glob":"assets/**","headers":{"Cache-Control":"no-cache, must-revalidate"}}]}}
[debug] [2026-08-22T00:17:00.036Z] <<< [apiv2][status] PATCH https://firebasehosting.googleapis.com/v1beta1/projects/-/sites/hours-tracker-505617/versions/29b3f889300b4fa6 200
[debug] [2026-08-22T00:17:00.037Z] <<< [apiv2][body] PATCH https://firebasehosting.googleapis.com/v1beta1/projects/-/sites/hours-tracker-505617/versions/29b3f889300b4fa6 {"name":"projects/1053801277711/sites/hours-tracker-505617/versions/29b3f889300b4fa6","status":"FINALIZED","config":{"headers":[{"headers":{"Cache-Control":"no-cache, no-store, must-revalidate"},"glob":"**/*.html"},{"headers":{"Cache-Control":"no-cache, must-revalidate"},"glob":"assets/**"}],"rewrites":[{"glob":"**","path":"/index.html"}]},"labels":{"deployment-tool":"cli-firebase"},"createTime":"2026-08-22T00:16:59.011165Z","createUser":{"email":"sandiepietz@gmail.com"},"finalizeTime":"2026-08-22T00:17:00.005914Z","finalizeUser":{"email":"sandiepietz@gmail.com"}}
[debug] [2026-08-22T00:17:00.037Z] [hosting] finalized version for hours-tracker-505617:[object Object]
[info] ✔  hosting[hours-tracker-505617]: version finalized 
[info] i  hosting[hours-tracker-505617]: releasing new version... 
[debug] [2026-08-22T00:17:00.037Z] Checked if tokens are valid: true, expires at: 1787359536714
[debug] [2026-08-22T00:17:00.038Z] Checked if tokens are valid: true, expires at: 1787359536714
[debug] [2026-08-22T00:17:00.038Z] >>> [apiv2][query] POST https://firebasehosting.googleapis.com/v1beta1/projects/-/sites/hours-tracker-505617/channels/live/releases versionName=projects%2F1053801277711%2Fsites%2Fhours-tracker-505617%2Fversions%2F29b3f889300b4fa6
[debug] [2026-08-22T00:17:00.038Z] >>> [apiv2][body] POST https://firebasehosting.googleapis.com/v1beta1/projects/-/sites/hours-tracker-505617/channels/live/releases {}
[debug] [2026-08-22T00:17:00.455Z] <<< [apiv2][status] POST https://firebasehosting.googleapis.com/v1beta1/projects/-/sites/hours-tracker-505617/channels/live/releases 200
[debug] [2026-08-22T00:17:23.390Z] ----------------------------------------------------------------------
[debug] [2026-08-22T00:17:23.392Z] Command:       /usr/local/bin/node /usr/local/bin/firebase deploy --only hosting
[debug] [2026-08-22T00:17:23.392Z] CLI Version:   15.28.1
[debug] [2026-08-22T00:17:23.392Z] Platform:      darwin
[debug] [2026-08-22T00:17:23.392Z] Node Version:  v24.19.0
[debug] [2026-08-22T00:17:23.392Z] Detected Agent: codex_cli
[debug] [2026-08-22T00:17:23.392Z] Time:          Fri Aug 21 2026 17:17:23 GMT-0700 (Mountain Standard Time)
[debug] [2026-08-22T00:17:23.392Z] ----------------------------------------------------------------------
[debug] 
[debug] [2026-08-22T00:17:23.618Z] > command requires scopes: ["email","openid","https://www.googleapis.com/auth/cloudplatformprojects.readonly","https://www.googleapis.com/auth/firebase","https://www.googleapis.com/auth/cloud-platform"]
[debug] [2026-08-22T00:17:23.618Z] > authorizing via signed-in user (sandiepietz@gmail.com)
[debug] [2026-08-22T00:17:23.618Z] [iam] checking project hours-tracker-505617 for permissions ["firebase.projects.get","firebasehosting.sites.update"]
[debug] [2026-08-22T00:17:23.623Z] Checked if tokens are valid: true, expires at: 1787359536714
[debug] [2026-08-22T00:17:23.623Z] Checked if tokens are valid: true, expires at: 1787359536714
[debug] [2026-08-22T00:17:23.623Z] >>> [apiv2][query] POST https://cloudresourcemanager.googleapis.com/v1/projects/hours-tracker-505617:testIamPermissions [none]
[debug] [2026-08-22T00:17:23.623Z] >>> [apiv2][(partial)header] POST https://cloudresourcemanager.googleapis.com/v1/projects/hours-tracker-505617:testIamPermissions  x-goog-user-project=hours-tracker-505617
[debug] [2026-08-22T00:17:23.623Z] >>> [apiv2][body] POST https://cloudresourcemanager.googleapis.com/v1/projects/hours-tracker-505617:testIamPermissions {"permissions":["firebase.projects.get","firebasehosting.sites.update"]}
[debug] [2026-08-22T00:17:24.117Z] <<< [apiv2][status] POST https://cloudresourcemanager.googleapis.com/v1/projects/hours-tracker-505617:testIamPermissions 200
[debug] [2026-08-22T00:17:24.118Z] <<< [apiv2][body] POST https://cloudresourcemanager.googleapis.com/v1/projects/hours-tracker-505617:testIamPermissions {"permissions":["firebase.projects.get","firebasehosting.sites.update"]}
[debug] [2026-08-22T00:17:24.118Z] Checked if tokens are valid: true, expires at: 1787359536714
[debug] [2026-08-22T00:17:24.119Z] Checked if tokens are valid: true, expires at: 1787359536714
[debug] [2026-08-22T00:17:24.119Z] >>> [apiv2][query] GET https://firebase.googleapis.com/v1beta1/projects/hours-tracker-505617 [none]
[debug] [2026-08-22T00:17:24.421Z] <<< [apiv2][status] GET https://firebase.googleapis.com/v1beta1/projects/hours-tracker-505617 200
[debug] [2026-08-22T00:17:24.422Z] <<< [apiv2][body] GET https://firebase.googleapis.com/v1beta1/projects/hours-tracker-505617 {"projectId":"hours-tracker-505617","projectNumber":"1053801277711","displayName":"Hours Tracker","name":"projects/hours-tracker-505617","resources":{"hostingSite":"hours-tracker-505617"},"state":"ACTIVE","labels":{"firebase":"enabled"},"etag":"1_9b67e5f4-0d64-458f-acc0-b5264089e54e"}
[info] 
[info] === Deploying to 'hours-tracker-505617'...
[info] 
[info] i  deploying hosting 
[debug] [2026-08-22T00:17:24.425Z] Checked if tokens are valid: true, expires at: 1787359536714
[debug] [2026-08-22T00:17:24.426Z] Checked if tokens are valid: true, expires at: 1787359536714
[debug] [2026-08-22T00:17:24.426Z] >>> [apiv2][query] GET https://firebasehosting.googleapis.com/v1beta1/projects/hours-tracker-505617/sites/hours-tracker-505617 [none]
[debug] [2026-08-22T00:17:24.898Z] <<< [apiv2][status] GET https://firebasehosting.googleapis.com/v1beta1/projects/hours-tracker-505617/sites/hours-tracker-505617 200
[debug] [2026-08-22T00:17:24.898Z] <<< [apiv2][body] GET https://firebasehosting.googleapis.com/v1beta1/projects/hours-tracker-505617/sites/hours-tracker-505617 {"name":"projects/hours-tracker-505617/sites/hours-tracker-505617","defaultUrl":"https://hours-tracker-505617.web.app","appId":"1:1053801277711:web:4ef9a62303536bf2bc367a","type":"DEFAULT_SITE"}
[debug] [2026-08-22T00:17:24.899Z] Checked if tokens are valid: true, expires at: 1787359536714
[debug] [2026-08-22T00:17:24.899Z] Checked if tokens are valid: true, expires at: 1787359536714
[debug] [2026-08-22T00:17:24.899Z] >>> [apiv2][query] POST https://firebasehosting.googleapis.com/v1beta1/projects/-/sites/hours-tracker-505617/versions [none]
[debug] [2026-08-22T00:17:24.899Z] >>> [apiv2][body] POST https://firebasehosting.googleapis.com/v1beta1/projects/-/sites/hours-tracker-505617/versions {"status":"CREATED","labels":{"deployment-tool":"cli-firebase"}}
[debug] [2026-08-22T00:17:25.544Z] <<< [apiv2][status] POST https://firebasehosting.googleapis.com/v1beta1/projects/-/sites/hours-tracker-505617/versions 200
[debug] [2026-08-22T00:17:25.544Z] <<< [apiv2][body] POST https://firebasehosting.googleapis.com/v1beta1/projects/-/sites/hours-tracker-505617/versions {"name":"projects/1053801277711/sites/hours-tracker-505617/versions/831b570b2332512e","status":"CREATED","config":{},"labels":{"deployment-tool":"cli-firebase"}}
[info] i  hosting[hours-tracker-505617]: beginning deploy... 
[info] i  hosting[hours-tracker-505617]: found 7 files in firebase-dist 
[debug] [2026-08-22T00:17:25.554Z] [hosting] uploading with 200 concurrency
[debug] [2026-08-22T00:17:25.556Z] Checked if tokens are valid: true, expires at: 1787359536714
[debug] [2026-08-22T00:17:25.556Z] Checked if tokens are valid: true, expires at: 1787359536714
[debug] [2026-08-22T00:17:25.557Z] [hosting] hash cache [ZmlyZWJhc2UtZGlzdA] stored for 7 files
[debug] [2026-08-22T00:17:25.557Z] [hosting][hash queue][FINAL] {"max":1,"min":0,"avg":0,"active":0,"complete":7,"success":7,"errored":0,"retried":0,"total":7,"elapsed":2}
[debug] [2026-08-22T00:17:25.557Z] >>> [apiv2][query] POST https://firebasehosting.googleapis.com/v1beta1/projects/1053801277711/sites/hours-tracker-505617/versions/831b570b2332512e:populateFiles [none]
[debug] [2026-08-22T00:17:25.557Z] >>> [apiv2][body] POST https://firebasehosting.googleapis.com/v1beta1/projects/1053801277711/sites/hours-tracker-505617/versions/831b570b2332512e:populateFiles {"files":{"/window.svg":"32ea868a4067b3f236353dc7f0851952d02ecb0515826d1dd2590e61159b146a","/index.html":"97e4677d2295cbbd5eb996d511ee4c5f6f07e0f0f1ea14258ca77d646ea83aa3","/globe.svg":"a89af50fbe7023054a59f733eab7cc4c89605387c9decd9701536e081f5b607f","/file.svg":"0d4c6b6999e2d6106f033135f4b32598029367bd331608c34c4e4a072ea0b469","/favicon.svg":"f0fc09166d474aacd631f1d6cd9560d37843a8a233ad37eac785909c18823406","/assets/index-tT16tZ1S.js":"9f3334fdb648c0c4fb1148efa4975e664a6dc12f4eb8803fe517a9897bcbbe95","/assets/index-B3A5AJiX.css":"23ba5c3746208614d91a52606fc35f8900559de1c509d256f31cff27ad29305a"}}
[debug] [2026-08-22T00:17:25.911Z] <<< [apiv2][status] POST https://firebasehosting.googleapis.com/v1beta1/projects/1053801277711/sites/hours-tracker-505617/versions/831b570b2332512e:populateFiles 200
[debug] [2026-08-22T00:17:25.911Z] <<< [apiv2][body] POST https://firebasehosting.googleapis.com/v1beta1/projects/1053801277711/sites/hours-tracker-505617/versions/831b570b2332512e:populateFiles {"uploadUrl":"https://upload-firebasehosting.googleapis.com/upload/sites/hours-tracker-505617/versions/831b570b2332512e/files"}
[debug] [2026-08-22T00:17:25.912Z] [hosting][populate queue][FINAL] {"max":356,"min":356,"avg":356,"active":0,"complete":1,"success":1,"errored":0,"retried":0,"total":1,"elapsed":356}
[debug] [2026-08-22T00:17:25.912Z] [hosting] uploads queued: 0
[debug] [2026-08-22T00:17:25.912Z] [hosting][upload queue][FINAL] {"max":0,"min":9999999999,"avg":0,"active":0,"complete":0,"success":0,"errored":0,"retried":0,"total":0,"elapsed":1787357845912}
[info] i  hosting: upload complete 
[info] ✔  hosting[hours-tracker-505617]: file upload complete 
[debug] [2026-08-22T00:17:25.913Z] [hosting] deploy completed after 366ms
[debug] [2026-08-22T00:17:25.913Z] [
  {
    "config": {
      "public": "firebase-dist",
      "ignore": [
        "firebase.json",
        "**/.*",
        "**/node_modules/**"
      ],
      "headers": [
        {
          "source": "/",
          "headers": [
            {
              "key": "Cache-Control",
              "value": "no-cache, no-store, must-revalidate"
            }
          ]
        },
        {
          "source": "**/*.html",
          "headers": [
            {
              "key": "Cache-Control",
              "value": "no-cache, no-store, must-revalidate"
            }
          ]
        },
        {
          "source": "assets/**",
          "headers": [
            {
              "key": "Cache-Control",
              "value": "no-cache, must-revalidate"
            }
          ]
        }
      ],
      "rewrites": [
        {
          "source": "**",
          "destination": "/index.html"
        }
      ],
      "site": "hours-tracker-505617"
    },
    "version": "projects/1053801277711/sites/hours-tracker-505617/versions/831b570b2332512e"
  }
]
[info] i  hosting[hours-tracker-505617]: finalizing version... 
[debug] [2026-08-22T00:17:25.915Z] Checked if tokens are valid: true, expires at: 1787359536714
[debug] [2026-08-22T00:17:25.915Z] Checked if tokens are valid: true, expires at: 1787359536714
[debug] [2026-08-22T00:17:25.915Z] >>> [apiv2][query] PATCH https://firebasehosting.googleapis.com/v1beta1/projects/-/sites/hours-tracker-505617/versions/831b570b2332512e updateMask=status%2Cconfig
[debug] [2026-08-22T00:17:25.915Z] >>> [apiv2][body] PATCH https://firebasehosting.googleapis.com/v1beta1/projects/-/sites/hours-tracker-505617/versions/831b570b2332512e {"status":"FINALIZED","config":{"rewrites":[{"glob":"**","path":"/index.html"}],"headers":[{"glob":"/","headers":{"Cache-Control":"no-cache, no-store, must-revalidate"}},{"glob":"**/*.html","headers":{"Cache-Control":"no-cache, no-store, must-revalidate"}},{"glob":"assets/**","headers":{"Cache-Control":"no-cache, must-revalidate"}}]}}
[debug] [2026-08-22T00:17:26.279Z] <<< [apiv2][status] PATCH https://firebasehosting.googleapis.com/v1beta1/projects/-/sites/hours-tracker-505617/versions/831b570b2332512e 200
[debug] [2026-08-22T00:17:26.279Z] <<< [apiv2][body] PATCH https://firebasehosting.googleapis.com/v1beta1/projects/-/sites/hours-tracker-505617/versions/831b570b2332512e {"name":"projects/1053801277711/sites/hours-tracker-505617/versions/831b570b2332512e","status":"FINALIZED","config":{"headers":[{"headers":{"Cache-Control":"no-cache, no-store, must-revalidate"},"glob":"/"},{"headers":{"Cache-Control":"no-cache, no-store, must-revalidate"},"glob":"**/*.html"},{"headers":{"Cache-Control":"no-cache, must-revalidate"},"glob":"assets/**"}],"rewrites":[{"glob":"**","path":"/index.html"}]},"labels":{"deployment-tool":"cli-firebase"},"createTime":"2026-08-22T00:17:25.059185Z","createUser":{"email":"sandiepietz@gmail.com"},"finalizeTime":"2026-08-22T00:17:26.236811Z","finalizeUser":{"email":"sandiepietz@gmail.com"}}
[debug] [2026-08-22T00:17:26.279Z] [hosting] finalized version for hours-tracker-505617:[object Object]
[info] ✔  hosting[hours-tracker-505617]: version finalized 
[info] i  hosting[hours-tracker-505617]: releasing new version... 
[debug] [2026-08-22T00:17:26.280Z] Checked if tokens are valid: true, expires at: 1787359536714
[debug] [2026-08-22T00:17:26.280Z] Checked if tokens are valid: true, expires at: 1787359536714
[debug] [2026-08-22T00:17:26.280Z] >>> [apiv2][query] POST https://firebasehosting.googleapis.com/v1beta1/projects/-/sites/hours-tracker-505617/channels/live/releases versionName=projects%2F1053801277711%2Fsites%2Fhours-tracker-505617%2Fversions%2F831b570b2332512e
[debug] [2026-08-22T00:17:26.281Z] >>> [apiv2][body] POST https://firebasehosting.googleapis.com/v1beta1/projects/-/sites/hours-tracker-505617/channels/live/releases {}
[debug] [2026-08-22T00:17:26.774Z] <<< [apiv2][status] POST https://firebasehosting.googleapis.com/v1beta1/projects/-/sites/hours-tracker-505617/channels/live/releases 200
[debug] [2026-08-22T00:24:27.756Z] ----------------------------------------------------------------------
[debug] [2026-08-22T00:24:27.757Z] Command:       /usr/local/bin/node /usr/local/bin/firebase deploy --only hosting
[debug] [2026-08-22T00:24:27.757Z] CLI Version:   15.28.1
[debug] [2026-08-22T00:24:27.757Z] Platform:      darwin
[debug] [2026-08-22T00:24:27.758Z] Node Version:  v24.19.0
[debug] [2026-08-22T00:24:27.758Z] Detected Agent: codex_cli
[debug] [2026-08-22T00:24:27.758Z] Time:          Fri Aug 21 2026 17:24:27 GMT-0700 (Mountain Standard Time)
[debug] [2026-08-22T00:24:27.758Z] ----------------------------------------------------------------------
[debug] 
[debug] [2026-08-22T00:24:28.003Z] > command requires scopes: ["email","openid","https://www.googleapis.com/auth/cloudplatformprojects.readonly","https://www.googleapis.com/auth/firebase","https://www.googleapis.com/auth/cloud-platform"]
[debug] [2026-08-22T00:24:28.003Z] > authorizing via signed-in user (sandiepietz@gmail.com)
[debug] [2026-08-22T00:24:28.003Z] [iam] checking project hours-tracker-505617 for permissions ["firebase.projects.get","firebasehosting.sites.update"]
[debug] [2026-08-22T00:24:28.007Z] Checked if tokens are valid: true, expires at: 1787359536714
[debug] [2026-08-22T00:24:28.007Z] Checked if tokens are valid: true, expires at: 1787359536714
[debug] [2026-08-22T00:24:28.007Z] >>> [apiv2][query] POST https://cloudresourcemanager.googleapis.com/v1/projects/hours-tracker-505617:testIamPermissions [none]
[debug] [2026-08-22T00:24:28.007Z] >>> [apiv2][(partial)header] POST https://cloudresourcemanager.googleapis.com/v1/projects/hours-tracker-505617:testIamPermissions  x-goog-user-project=hours-tracker-505617
[debug] [2026-08-22T00:24:28.007Z] >>> [apiv2][body] POST https://cloudresourcemanager.googleapis.com/v1/projects/hours-tracker-505617:testIamPermissions {"permissions":["firebase.projects.get","firebasehosting.sites.update"]}
[debug] [2026-08-22T00:24:28.415Z] <<< [apiv2][status] POST https://cloudresourcemanager.googleapis.com/v1/projects/hours-tracker-505617:testIamPermissions 200
[debug] [2026-08-22T00:24:28.416Z] <<< [apiv2][body] POST https://cloudresourcemanager.googleapis.com/v1/projects/hours-tracker-505617:testIamPermissions {"permissions":["firebase.projects.get","firebasehosting.sites.update"]}
[debug] [2026-08-22T00:24:28.416Z] Checked if tokens are valid: true, expires at: 1787359536714
[debug] [2026-08-22T00:24:28.416Z] Checked if tokens are valid: true, expires at: 1787359536714
[debug] [2026-08-22T00:24:28.416Z] >>> [apiv2][query] GET https://firebase.googleapis.com/v1beta1/projects/hours-tracker-505617 [none]
[debug] [2026-08-22T00:24:28.709Z] <<< [apiv2][status] GET https://firebase.googleapis.com/v1beta1/projects/hours-tracker-505617 200
[debug] [2026-08-22T00:24:28.710Z] <<< [apiv2][body] GET https://firebase.googleapis.com/v1beta1/projects/hours-tracker-505617 {"projectId":"hours-tracker-505617","projectNumber":"1053801277711","displayName":"Hours Tracker","name":"projects/hours-tracker-505617","resources":{"hostingSite":"hours-tracker-505617"},"state":"ACTIVE","labels":{"firebase":"enabled"},"etag":"1_9b67e5f4-0d64-458f-acc0-b5264089e54e"}
[info] 
[info] === Deploying to 'hours-tracker-505617'...
[info] 
[info] i  deploying hosting 
[debug] [2026-08-22T00:24:28.713Z] Checked if tokens are valid: true, expires at: 1787359536714
[debug] [2026-08-22T00:24:28.713Z] Checked if tokens are valid: true, expires at: 1787359536714
[debug] [2026-08-22T00:24:28.713Z] >>> [apiv2][query] GET https://firebasehosting.googleapis.com/v1beta1/projects/hours-tracker-505617/sites/hours-tracker-505617 [none]
[debug] [2026-08-22T00:24:29.267Z] <<< [apiv2][status] GET https://firebasehosting.googleapis.com/v1beta1/projects/hours-tracker-505617/sites/hours-tracker-505617 200
[debug] [2026-08-22T00:24:29.268Z] <<< [apiv2][body] GET https://firebasehosting.googleapis.com/v1beta1/projects/hours-tracker-505617/sites/hours-tracker-505617 {"name":"projects/hours-tracker-505617/sites/hours-tracker-505617","defaultUrl":"https://hours-tracker-505617.web.app","appId":"1:1053801277711:web:4ef9a62303536bf2bc367a","type":"DEFAULT_SITE"}
[debug] [2026-08-22T00:24:29.269Z] Checked if tokens are valid: true, expires at: 1787359536714
[debug] [2026-08-22T00:24:29.269Z] Checked if tokens are valid: true, expires at: 1787359536714
[debug] [2026-08-22T00:24:29.269Z] >>> [apiv2][query] POST https://firebasehosting.googleapis.com/v1beta1/projects/-/sites/hours-tracker-505617/versions [none]
[debug] [2026-08-22T00:24:29.269Z] >>> [apiv2][body] POST https://firebasehosting.googleapis.com/v1beta1/projects/-/sites/hours-tracker-505617/versions {"status":"CREATED","labels":{"deployment-tool":"cli-firebase"}}
[debug] [2026-08-22T00:24:29.776Z] <<< [apiv2][status] POST https://firebasehosting.googleapis.com/v1beta1/projects/-/sites/hours-tracker-505617/versions 200
[debug] [2026-08-22T00:24:29.776Z] <<< [apiv2][body] POST https://firebasehosting.googleapis.com/v1beta1/projects/-/sites/hours-tracker-505617/versions {"name":"projects/1053801277711/sites/hours-tracker-505617/versions/4452a84bcf980d66","status":"CREATED","config":{},"labels":{"deployment-tool":"cli-firebase"}}
[info] i  hosting[hours-tracker-505617]: beginning deploy... 
[info] i  hosting[hours-tracker-505617]: found 7 files in firebase-dist 
[debug] [2026-08-22T00:24:29.787Z] [hosting] uploading with 200 concurrency
[debug] [2026-08-22T00:24:29.836Z] Checked if tokens are valid: true, expires at: 1787359536714
[debug] [2026-08-22T00:24:29.836Z] Checked if tokens are valid: true, expires at: 1787359536714
[debug] [2026-08-22T00:24:29.836Z] [hosting] hash cache [ZmlyZWJhc2UtZGlzdA] stored for 7 files
[debug] [2026-08-22T00:24:29.836Z] [hosting][hash queue][FINAL] {"max":47,"min":0,"avg":8.285714285714286,"active":0,"complete":7,"success":7,"errored":0,"retried":0,"total":7,"elapsed":48}
[debug] [2026-08-22T00:24:29.836Z] >>> [apiv2][query] POST https://firebasehosting.googleapis.com/v1beta1/projects/1053801277711/sites/hours-tracker-505617/versions/4452a84bcf980d66:populateFiles [none]
[debug] [2026-08-22T00:24:29.836Z] >>> [apiv2][body] POST https://firebasehosting.googleapis.com/v1beta1/projects/1053801277711/sites/hours-tracker-505617/versions/4452a84bcf980d66:populateFiles {"files":{"/window.svg":"32ea868a4067b3f236353dc7f0851952d02ecb0515826d1dd2590e61159b146a","/globe.svg":"a89af50fbe7023054a59f733eab7cc4c89605387c9decd9701536e081f5b607f","/file.svg":"0d4c6b6999e2d6106f033135f4b32598029367bd331608c34c4e4a072ea0b469","/favicon.svg":"f0fc09166d474aacd631f1d6cd9560d37843a8a233ad37eac785909c18823406","/index.html":"d85ce01805a998ea96761760770f1bd2a9939ef670e16e8d51acd2367d0f11b4","/assets/index-B3A5AJiX.css":"aa53c2bf0e2618ee1f6f37131370570c934ab100e8741b524121b87f16418d4d","/assets/index-tT16tZ1S.js":"5be62831c23cc273fd1c138ef7b6284df85f00272c9d92d44e6b5d2f53f3e94c"}}
[debug] [2026-08-22T00:24:30.289Z] <<< [apiv2][status] POST https://firebasehosting.googleapis.com/v1beta1/projects/1053801277711/sites/hours-tracker-505617/versions/4452a84bcf980d66:populateFiles 200
[debug] [2026-08-22T00:24:30.289Z] <<< [apiv2][body] POST https://firebasehosting.googleapis.com/v1beta1/projects/1053801277711/sites/hours-tracker-505617/versions/4452a84bcf980d66:populateFiles {"uploadRequiredHashes":["aa53c2bf0e2618ee1f6f37131370570c934ab100e8741b524121b87f16418d4d","5be62831c23cc273fd1c138ef7b6284df85f00272c9d92d44e6b5d2f53f3e94c","d85ce01805a998ea96761760770f1bd2a9939ef670e16e8d51acd2367d0f11b4"],"uploadUrl":"https://upload-firebasehosting.googleapis.com/upload/sites/hours-tracker-505617/versions/4452a84bcf980d66/files"}
[debug] [2026-08-22T00:24:30.290Z] Checked if tokens are valid: true, expires at: 1787359536714
[debug] [2026-08-22T00:24:30.290Z] Checked if tokens are valid: true, expires at: 1787359536714
[debug] [2026-08-22T00:24:30.291Z] Checked if tokens are valid: true, expires at: 1787359536714
[debug] [2026-08-22T00:24:30.291Z] Checked if tokens are valid: true, expires at: 1787359536714
[debug] [2026-08-22T00:24:30.292Z] Checked if tokens are valid: true, expires at: 1787359536714
[debug] [2026-08-22T00:24:30.292Z] Checked if tokens are valid: true, expires at: 1787359536714
[debug] [2026-08-22T00:24:30.292Z] >>> [apiv2][query] POST https://upload-firebasehosting.googleapis.com/upload/sites/hours-tracker-505617/versions/4452a84bcf980d66/files/aa53c2bf0e2618ee1f6f37131370570c934ab100e8741b524121b87f16418d4d [none]
[debug] [2026-08-22T00:24:30.292Z] >>> [apiv2][body] POST https://upload-firebasehosting.googleapis.com/upload/sites/hours-tracker-505617/versions/4452a84bcf980d66/files/aa53c2bf0e2618ee1f6f37131370570c934ab100e8741b524121b87f16418d4d [stream]
[debug] [2026-08-22T00:24:30.293Z] >>> [apiv2][query] POST https://upload-firebasehosting.googleapis.com/upload/sites/hours-tracker-505617/versions/4452a84bcf980d66/files/5be62831c23cc273fd1c138ef7b6284df85f00272c9d92d44e6b5d2f53f3e94c [none]
[debug] [2026-08-22T00:24:30.293Z] >>> [apiv2][body] POST https://upload-firebasehosting.googleapis.com/upload/sites/hours-tracker-505617/versions/4452a84bcf980d66/files/5be62831c23cc273fd1c138ef7b6284df85f00272c9d92d44e6b5d2f53f3e94c [stream]
[debug] [2026-08-22T00:24:30.294Z] >>> [apiv2][query] POST https://upload-firebasehosting.googleapis.com/upload/sites/hours-tracker-505617/versions/4452a84bcf980d66/files/d85ce01805a998ea96761760770f1bd2a9939ef670e16e8d51acd2367d0f11b4 [none]
[debug] [2026-08-22T00:24:30.294Z] >>> [apiv2][body] POST https://upload-firebasehosting.googleapis.com/upload/sites/hours-tracker-505617/versions/4452a84bcf980d66/files/d85ce01805a998ea96761760770f1bd2a9939ef670e16e8d51acd2367d0f11b4 [stream]
[debug] [2026-08-22T00:24:30.296Z] [hosting][populate queue][FINAL] {"max":456,"min":456,"avg":456,"active":0,"complete":1,"success":1,"errored":0,"retried":0,"total":1,"elapsed":460}
[debug] [2026-08-22T00:24:30.296Z] [hosting] uploads queued: 3
[debug] [2026-08-22T00:24:31.316Z] <<< [apiv2][status] POST https://upload-firebasehosting.googleapis.com/upload/sites/hours-tracker-505617/versions/4452a84bcf980d66/files/d85ce01805a998ea96761760770f1bd2a9939ef670e16e8d51acd2367d0f11b4 200
[debug] [2026-08-22T00:24:31.316Z] <<< [apiv2][body] POST https://upload-firebasehosting.googleapis.com/upload/sites/hours-tracker-505617/versions/4452a84bcf980d66/files/d85ce01805a998ea96761760770f1bd2a9939ef670e16e8d51acd2367d0f11b4 [stream]
[debug] [2026-08-22T00:24:31.414Z] <<< [apiv2][status] POST https://upload-firebasehosting.googleapis.com/upload/sites/hours-tracker-505617/versions/4452a84bcf980d66/files/aa53c2bf0e2618ee1f6f37131370570c934ab100e8741b524121b87f16418d4d 200
[debug] [2026-08-22T00:24:31.414Z] <<< [apiv2][body] POST https://upload-firebasehosting.googleapis.com/upload/sites/hours-tracker-505617/versions/4452a84bcf980d66/files/aa53c2bf0e2618ee1f6f37131370570c934ab100e8741b524121b87f16418d4d [stream]
[debug] [2026-08-22T00:24:31.445Z] <<< [apiv2][status] POST https://upload-firebasehosting.googleapis.com/upload/sites/hours-tracker-505617/versions/4452a84bcf980d66/files/5be62831c23cc273fd1c138ef7b6284df85f00272c9d92d44e6b5d2f53f3e94c 200
[debug] [2026-08-22T00:24:31.445Z] <<< [apiv2][body] POST https://upload-firebasehosting.googleapis.com/upload/sites/hours-tracker-505617/versions/4452a84bcf980d66/files/5be62831c23cc273fd1c138ef7b6284df85f00272c9d92d44e6b5d2f53f3e94c [stream]
[debug] [2026-08-22T00:24:31.446Z] [hosting][upload queue][FINAL] {"max":1155,"min":1025,"avg":1101.6666666666667,"active":0,"complete":3,"success":3,"errored":0,"retried":0,"total":3,"elapsed":1157}
[info] i  hosting: upload complete 
[info] ✔  hosting[hours-tracker-505617]: file upload complete 
[debug] [2026-08-22T00:24:31.447Z] [hosting] deploy completed after 1668ms
[debug] [2026-08-22T00:24:31.448Z] [
  {
    "config": {
      "public": "firebase-dist",
      "ignore": [
        "firebase.json",
        "**/.*",
        "**/node_modules/**"
      ],
      "headers": [
        {
          "source": "/",
          "headers": [
            {
              "key": "Cache-Control",
              "value": "no-cache, no-store, must-revalidate"
            }
          ]
        },
        {
          "source": "**/*.html",
          "headers": [
            {
              "key": "Cache-Control",
              "value": "no-cache, no-store, must-revalidate"
            }
          ]
        },
        {
          "source": "assets/**",
          "headers": [
            {
              "key": "Cache-Control",
              "value": "no-cache, must-revalidate"
            }
          ]
        }
      ],
      "rewrites": [
        {
          "source": "**",
          "destination": "/index.html"
        }
      ],
      "site": "hours-tracker-505617"
    },
    "version": "projects/1053801277711/sites/hours-tracker-505617/versions/4452a84bcf980d66"
  }
]
[info] i  hosting[hours-tracker-505617]: finalizing version... 
[debug] [2026-08-22T00:24:31.451Z] Checked if tokens are valid: true, expires at: 1787359536714
[debug] [2026-08-22T00:24:31.451Z] Checked if tokens are valid: true, expires at: 1787359536714
[debug] [2026-08-22T00:24:31.451Z] >>> [apiv2][query] PATCH https://firebasehosting.googleapis.com/v1beta1/projects/-/sites/hours-tracker-505617/versions/4452a84bcf980d66 updateMask=status%2Cconfig
[debug] [2026-08-22T00:24:31.451Z] >>> [apiv2][body] PATCH https://firebasehosting.googleapis.com/v1beta1/projects/-/sites/hours-tracker-505617/versions/4452a84bcf980d66 {"status":"FINALIZED","config":{"rewrites":[{"glob":"**","path":"/index.html"}],"headers":[{"glob":"/","headers":{"Cache-Control":"no-cache, no-store, must-revalidate"}},{"glob":"**/*.html","headers":{"Cache-Control":"no-cache, no-store, must-revalidate"}},{"glob":"assets/**","headers":{"Cache-Control":"no-cache, must-revalidate"}}]}}
[debug] [2026-08-22T00:24:31.725Z] <<< [apiv2][status] PATCH https://firebasehosting.googleapis.com/v1beta1/projects/-/sites/hours-tracker-505617/versions/4452a84bcf980d66 200
[debug] [2026-08-22T00:24:31.725Z] <<< [apiv2][body] PATCH https://firebasehosting.googleapis.com/v1beta1/projects/-/sites/hours-tracker-505617/versions/4452a84bcf980d66 {"name":"projects/1053801277711/sites/hours-tracker-505617/versions/4452a84bcf980d66","status":"FINALIZED","config":{"headers":[{"headers":{"Cache-Control":"no-cache, no-store, must-revalidate"},"glob":"/"},{"headers":{"Cache-Control":"no-cache, no-store, must-revalidate"},"glob":"**/*.html"},{"headers":{"Cache-Control":"no-cache, must-revalidate"},"glob":"assets/**"}],"rewrites":[{"glob":"**","path":"/index.html"}]},"labels":{"deployment-tool":"cli-firebase"},"createTime":"2026-08-22T00:24:29.449793Z","createUser":{"email":"sandiepietz@gmail.com"},"finalizeTime":"2026-08-22T00:24:31.731820Z","finalizeUser":{"email":"sandiepietz@gmail.com"}}
[debug] [2026-08-22T00:24:31.726Z] [hosting] finalized version for hours-tracker-505617:[object Object]
[info] ✔  hosting[hours-tracker-505617]: version finalized 
[info] i  hosting[hours-tracker-505617]: releasing new version... 
[debug] [2026-08-22T00:24:31.726Z] Checked if tokens are valid: true, expires at: 1787359536714
[debug] [2026-08-22T00:24:31.726Z] Checked if tokens are valid: true, expires at: 1787359536714
[debug] [2026-08-22T00:24:31.726Z] >>> [apiv2][query] POST https://firebasehosting.googleapis.com/v1beta1/projects/-/sites/hours-tracker-505617/channels/live/releases versionName=projects%2F1053801277711%2Fsites%2Fhours-tracker-505617%2Fversions%2F4452a84bcf980d66
[debug] [2026-08-22T00:24:31.726Z] >>> [apiv2][body] POST https://firebasehosting.googleapis.com/v1beta1/projects/-/sites/hours-tracker-505617/channels/live/releases {}
[debug] [2026-08-22T00:24:32.131Z] <<< [apiv2][status] POST https://firebasehosting.googleapis.com/v1beta1/projects/-/sites/hours-tracker-505617/channels/live/releases 200
[debug] [2026-08-22T00:32:06.076Z] ----------------------------------------------------------------------
[debug] [2026-08-22T00:32:06.078Z] Command:       /usr/local/bin/node /usr/local/bin/firebase deploy --only hosting
[debug] [2026-08-22T00:32:06.078Z] CLI Version:   15.28.1
[debug] [2026-08-22T00:32:06.078Z] Platform:      darwin
[debug] [2026-08-22T00:32:06.078Z] Node Version:  v24.19.0
[debug] [2026-08-22T00:32:06.078Z] Detected Agent: codex_cli
[debug] [2026-08-22T00:32:06.078Z] Time:          Fri Aug 21 2026 17:32:06 GMT-0700 (Mountain Standard Time)
[debug] [2026-08-22T00:32:06.078Z] ----------------------------------------------------------------------
[debug] 
[debug] [2026-08-22T00:32:06.510Z] > command requires scopes: ["email","openid","https://www.googleapis.com/auth/cloudplatformprojects.readonly","https://www.googleapis.com/auth/firebase","https://www.googleapis.com/auth/cloud-platform"]
[debug] [2026-08-22T00:32:06.510Z] > authorizing via signed-in user (sandiepietz@gmail.com)
[debug] [2026-08-22T00:32:06.510Z] [iam] checking project hours-tracker-505617 for permissions ["firebase.projects.get","firebasehosting.sites.update"]
[debug] [2026-08-22T00:32:06.514Z] Checked if tokens are valid: false, expires at: 1787359536714
[debug] [2026-08-22T00:32:06.514Z] Checked if tokens are valid: false, expires at: 1787359536714
[debug] [2026-08-22T00:32:06.514Z] > refreshing access token with scopes: []
[debug] [2026-08-22T00:32:06.515Z] >>> [apiv2][query] POST https://www.googleapis.com/oauth2/v3/token [none]
[debug] [2026-08-22T00:32:06.515Z] >>> [apiv2][body] POST https://www.googleapis.com/oauth2/v3/token [omitted]
[debug] [2026-08-22T00:32:06.813Z] <<< [apiv2][status] POST https://www.googleapis.com/oauth2/v3/token 200
[debug] [2026-08-22T00:32:06.813Z] <<< [apiv2][body] POST https://www.googleapis.com/oauth2/v3/token [omitted]
[debug] [2026-08-22T00:32:06.828Z] >>> [apiv2][query] POST https://cloudresourcemanager.googleapis.com/v1/projects/hours-tracker-505617:testIamPermissions [none]
[debug] [2026-08-22T00:32:06.828Z] >>> [apiv2][(partial)header] POST https://cloudresourcemanager.googleapis.com/v1/projects/hours-tracker-505617:testIamPermissions  x-goog-user-project=hours-tracker-505617
[debug] [2026-08-22T00:32:06.828Z] >>> [apiv2][body] POST https://cloudresourcemanager.googleapis.com/v1/projects/hours-tracker-505617:testIamPermissions {"permissions":["firebase.projects.get","firebasehosting.sites.update"]}
[debug] [2026-08-22T00:32:07.179Z] <<< [apiv2][status] POST https://cloudresourcemanager.googleapis.com/v1/projects/hours-tracker-505617:testIamPermissions 200
[debug] [2026-08-22T00:32:07.179Z] <<< [apiv2][body] POST https://cloudresourcemanager.googleapis.com/v1/projects/hours-tracker-505617:testIamPermissions {"permissions":["firebase.projects.get","firebasehosting.sites.update"]}
[debug] [2026-08-22T00:32:07.180Z] Checked if tokens are valid: true, expires at: 1787362325813
[debug] [2026-08-22T00:32:07.180Z] Checked if tokens are valid: true, expires at: 1787362325813
[debug] [2026-08-22T00:32:07.181Z] >>> [apiv2][query] GET https://firebase.googleapis.com/v1beta1/projects/hours-tracker-505617 [none]
[debug] [2026-08-22T00:32:07.440Z] <<< [apiv2][status] GET https://firebase.googleapis.com/v1beta1/projects/hours-tracker-505617 200
[debug] [2026-08-22T00:32:07.440Z] <<< [apiv2][body] GET https://firebase.googleapis.com/v1beta1/projects/hours-tracker-505617 {"projectId":"hours-tracker-505617","projectNumber":"1053801277711","displayName":"Hours Tracker","name":"projects/hours-tracker-505617","resources":{"hostingSite":"hours-tracker-505617"},"state":"ACTIVE","labels":{"firebase":"enabled"},"etag":"1_9b67e5f4-0d64-458f-acc0-b5264089e54e"}
[info] 
[info] === Deploying to 'hours-tracker-505617'...
[info] 
[info] i  deploying hosting 
[debug] [2026-08-22T00:32:07.444Z] Checked if tokens are valid: true, expires at: 1787362325813
[debug] [2026-08-22T00:32:07.444Z] Checked if tokens are valid: true, expires at: 1787362325813
[debug] [2026-08-22T00:32:07.444Z] >>> [apiv2][query] GET https://firebasehosting.googleapis.com/v1beta1/projects/hours-tracker-505617/sites/hours-tracker-505617 [none]
[debug] [2026-08-22T00:32:07.947Z] <<< [apiv2][status] GET https://firebasehosting.googleapis.com/v1beta1/projects/hours-tracker-505617/sites/hours-tracker-505617 200
[debug] [2026-08-22T00:32:07.947Z] <<< [apiv2][body] GET https://firebasehosting.googleapis.com/v1beta1/projects/hours-tracker-505617/sites/hours-tracker-505617 {"name":"projects/hours-tracker-505617/sites/hours-tracker-505617","defaultUrl":"https://hours-tracker-505617.web.app","appId":"1:1053801277711:web:4ef9a62303536bf2bc367a","type":"DEFAULT_SITE"}
[debug] [2026-08-22T00:32:07.948Z] Checked if tokens are valid: true, expires at: 1787362325813
[debug] [2026-08-22T00:32:07.948Z] Checked if tokens are valid: true, expires at: 1787362325813
[debug] [2026-08-22T00:32:07.948Z] >>> [apiv2][query] POST https://firebasehosting.googleapis.com/v1beta1/projects/-/sites/hours-tracker-505617/versions [none]
[debug] [2026-08-22T00:32:07.949Z] >>> [apiv2][body] POST https://firebasehosting.googleapis.com/v1beta1/projects/-/sites/hours-tracker-505617/versions {"status":"CREATED","labels":{"deployment-tool":"cli-firebase"}}
[debug] [2026-08-22T00:32:08.433Z] <<< [apiv2][status] POST https://firebasehosting.googleapis.com/v1beta1/projects/-/sites/hours-tracker-505617/versions 200
[debug] [2026-08-22T00:32:08.433Z] <<< [apiv2][body] POST https://firebasehosting.googleapis.com/v1beta1/projects/-/sites/hours-tracker-505617/versions {"name":"projects/1053801277711/sites/hours-tracker-505617/versions/33f8f8695c4f4b02","status":"CREATED","config":{},"labels":{"deployment-tool":"cli-firebase"}}
[info] i  hosting[hours-tracker-505617]: beginning deploy... 
[info] i  hosting[hours-tracker-505617]: found 7 files in firebase-dist 
[debug] [2026-08-22T00:32:08.444Z] [hosting] uploading with 200 concurrency
[debug] [2026-08-22T00:32:08.492Z] Checked if tokens are valid: true, expires at: 1787362325813
[debug] [2026-08-22T00:32:08.492Z] Checked if tokens are valid: true, expires at: 1787362325813
[debug] [2026-08-22T00:32:08.492Z] [hosting] hash cache [ZmlyZWJhc2UtZGlzdA] stored for 7 files
[debug] [2026-08-22T00:32:08.493Z] [hosting][hash queue][FINAL] {"max":43,"min":0,"avg":6.571428571428571,"active":0,"complete":7,"success":7,"errored":0,"retried":0,"total":7,"elapsed":45}
[debug] [2026-08-22T00:32:08.493Z] >>> [apiv2][query] POST https://firebasehosting.googleapis.com/v1beta1/projects/1053801277711/sites/hours-tracker-505617/versions/33f8f8695c4f4b02:populateFiles [none]
[debug] [2026-08-22T00:32:08.493Z] >>> [apiv2][body] POST https://firebasehosting.googleapis.com/v1beta1/projects/1053801277711/sites/hours-tracker-505617/versions/33f8f8695c4f4b02:populateFiles {"files":{"/window.svg":"32ea868a4067b3f236353dc7f0851952d02ecb0515826d1dd2590e61159b146a","/globe.svg":"a89af50fbe7023054a59f733eab7cc4c89605387c9decd9701536e081f5b607f","/file.svg":"0d4c6b6999e2d6106f033135f4b32598029367bd331608c34c4e4a072ea0b469","/favicon.svg":"f0fc09166d474aacd631f1d6cd9560d37843a8a233ad37eac785909c18823406","/assets/index-B3A5AJiX.css":"aa53c2bf0e2618ee1f6f37131370570c934ab100e8741b524121b87f16418d4d","/index.html":"6837b18e49b080f99ba1a4fa6fc3d194db68304746f48295947c4585c95807a8","/assets/index-tT16tZ1S.js":"edceb01a5fb830e73c5b1dbf87c7327d2fbaee1f14e9f2eb0699b3dd67b1534c"}}
[debug] [2026-08-22T00:32:08.821Z] <<< [apiv2][status] POST https://firebasehosting.googleapis.com/v1beta1/projects/1053801277711/sites/hours-tracker-505617/versions/33f8f8695c4f4b02:populateFiles 200
[debug] [2026-08-22T00:32:08.821Z] <<< [apiv2][body] POST https://firebasehosting.googleapis.com/v1beta1/projects/1053801277711/sites/hours-tracker-505617/versions/33f8f8695c4f4b02:populateFiles {"uploadRequiredHashes":["6837b18e49b080f99ba1a4fa6fc3d194db68304746f48295947c4585c95807a8","edceb01a5fb830e73c5b1dbf87c7327d2fbaee1f14e9f2eb0699b3dd67b1534c"],"uploadUrl":"https://upload-firebasehosting.googleapis.com/upload/sites/hours-tracker-505617/versions/33f8f8695c4f4b02/files"}
[debug] [2026-08-22T00:32:08.823Z] Checked if tokens are valid: true, expires at: 1787362325813
[debug] [2026-08-22T00:32:08.823Z] Checked if tokens are valid: true, expires at: 1787362325813
[debug] [2026-08-22T00:32:08.824Z] Checked if tokens are valid: true, expires at: 1787362325813
[debug] [2026-08-22T00:32:08.824Z] Checked if tokens are valid: true, expires at: 1787362325813
[debug] [2026-08-22T00:32:08.824Z] >>> [apiv2][query] POST https://upload-firebasehosting.googleapis.com/upload/sites/hours-tracker-505617/versions/33f8f8695c4f4b02/files/6837b18e49b080f99ba1a4fa6fc3d194db68304746f48295947c4585c95807a8 [none]
[debug] [2026-08-22T00:32:08.824Z] >>> [apiv2][body] POST https://upload-firebasehosting.googleapis.com/upload/sites/hours-tracker-505617/versions/33f8f8695c4f4b02/files/6837b18e49b080f99ba1a4fa6fc3d194db68304746f48295947c4585c95807a8 [stream]
[debug] [2026-08-22T00:32:08.826Z] >>> [apiv2][query] POST https://upload-firebasehosting.googleapis.com/upload/sites/hours-tracker-505617/versions/33f8f8695c4f4b02/files/edceb01a5fb830e73c5b1dbf87c7327d2fbaee1f14e9f2eb0699b3dd67b1534c [none]
[debug] [2026-08-22T00:32:08.826Z] >>> [apiv2][body] POST https://upload-firebasehosting.googleapis.com/upload/sites/hours-tracker-505617/versions/33f8f8695c4f4b02/files/edceb01a5fb830e73c5b1dbf87c7327d2fbaee1f14e9f2eb0699b3dd67b1534c [stream]
[debug] [2026-08-22T00:32:08.827Z] [hosting][populate queue][FINAL] {"max":332,"min":332,"avg":332,"active":0,"complete":1,"success":1,"errored":0,"retried":0,"total":1,"elapsed":335}
[debug] [2026-08-22T00:32:08.828Z] [hosting] uploads queued: 2
[debug] [2026-08-22T00:32:09.967Z] <<< [apiv2][status] POST https://upload-firebasehosting.googleapis.com/upload/sites/hours-tracker-505617/versions/33f8f8695c4f4b02/files/6837b18e49b080f99ba1a4fa6fc3d194db68304746f48295947c4585c95807a8 200
[debug] [2026-08-22T00:32:09.968Z] <<< [apiv2][body] POST https://upload-firebasehosting.googleapis.com/upload/sites/hours-tracker-505617/versions/33f8f8695c4f4b02/files/6837b18e49b080f99ba1a4fa6fc3d194db68304746f48295947c4585c95807a8 [stream]
[debug] [2026-08-22T00:32:09.969Z] <<< [apiv2][status] POST https://upload-firebasehosting.googleapis.com/upload/sites/hours-tracker-505617/versions/33f8f8695c4f4b02/files/edceb01a5fb830e73c5b1dbf87c7327d2fbaee1f14e9f2eb0699b3dd67b1534c 200
[debug] [2026-08-22T00:32:09.969Z] <<< [apiv2][body] POST https://upload-firebasehosting.googleapis.com/upload/sites/hours-tracker-505617/versions/33f8f8695c4f4b02/files/edceb01a5fb830e73c5b1dbf87c7327d2fbaee1f14e9f2eb0699b3dd67b1534c [stream]
[debug] [2026-08-22T00:32:09.969Z] [hosting][upload queue][FINAL] {"max":1146,"min":1146,"avg":1146,"active":0,"complete":2,"success":2,"errored":0,"retried":0,"total":2,"elapsed":1147}
[info] i  hosting: upload complete 
[info] ✔  hosting[hours-tracker-505617]: file upload complete 
[debug] [2026-08-22T00:32:09.970Z] [hosting] deploy completed after 1534ms
[debug] [2026-08-22T00:32:09.970Z] [
  {
    "config": {
      "public": "firebase-dist",
      "ignore": [
        "firebase.json",
        "**/.*",
        "**/node_modules/**"
      ],
      "headers": [
        {
          "source": "/",
          "headers": [
            {
              "key": "Cache-Control",
              "value": "no-cache, no-store, must-revalidate"
            }
          ]
        },
        {
          "source": "**/*.html",
          "headers": [
            {
              "key": "Cache-Control",
              "value": "no-cache, no-store, must-revalidate"
            }
          ]
        },
        {
          "source": "assets/**",
          "headers": [
            {
              "key": "Cache-Control",
              "value": "no-cache, must-revalidate"
            }
          ]
        }
      ],
      "rewrites": [
        {
          "source": "**",
          "destination": "/index.html"
        }
      ],
      "site": "hours-tracker-505617"
    },
    "version": "projects/1053801277711/sites/hours-tracker-505617/versions/33f8f8695c4f4b02"
  }
]
[info] i  hosting[hours-tracker-505617]: finalizing version... 
[debug] [2026-08-22T00:32:09.972Z] Checked if tokens are valid: true, expires at: 1787362325813
[debug] [2026-08-22T00:32:09.972Z] Checked if tokens are valid: true, expires at: 1787362325813
[debug] [2026-08-22T00:32:09.972Z] >>> [apiv2][query] PATCH https://firebasehosting.googleapis.com/v1beta1/projects/-/sites/hours-tracker-505617/versions/33f8f8695c4f4b02 updateMask=status%2Cconfig
[debug] [2026-08-22T00:32:09.972Z] >>> [apiv2][body] PATCH https://firebasehosting.googleapis.com/v1beta1/projects/-/sites/hours-tracker-505617/versions/33f8f8695c4f4b02 {"status":"FINALIZED","config":{"rewrites":[{"glob":"**","path":"/index.html"}],"headers":[{"glob":"/","headers":{"Cache-Control":"no-cache, no-store, must-revalidate"}},{"glob":"**/*.html","headers":{"Cache-Control":"no-cache, no-store, must-revalidate"}},{"glob":"assets/**","headers":{"Cache-Control":"no-cache, must-revalidate"}}]}}
[debug] [2026-08-22T00:32:10.378Z] <<< [apiv2][status] PATCH https://firebasehosting.googleapis.com/v1beta1/projects/-/sites/hours-tracker-505617/versions/33f8f8695c4f4b02 200
[debug] [2026-08-22T00:32:10.378Z] <<< [apiv2][body] PATCH https://firebasehosting.googleapis.com/v1beta1/projects/-/sites/hours-tracker-505617/versions/33f8f8695c4f4b02 {"name":"projects/1053801277711/sites/hours-tracker-505617/versions/33f8f8695c4f4b02","status":"FINALIZED","config":{"headers":[{"headers":{"Cache-Control":"no-cache, no-store, must-revalidate"},"glob":"/"},{"headers":{"Cache-Control":"no-cache, no-store, must-revalidate"},"glob":"**/*.html"},{"headers":{"Cache-Control":"no-cache, must-revalidate"},"glob":"assets/**"}],"rewrites":[{"glob":"**","path":"/index.html"}]},"labels":{"deployment-tool":"cli-firebase"},"createTime":"2026-08-22T00:32:08.156266Z","createUser":{"email":"sandiepietz@gmail.com"},"finalizeTime":"2026-08-22T00:32:10.299769Z","finalizeUser":{"email":"sandiepietz@gmail.com"}}
[debug] [2026-08-22T00:32:10.378Z] [hosting] finalized version for hours-tracker-505617:[object Object]
[info] ✔  hosting[hours-tracker-505617]: version finalized 
[info] i  hosting[hours-tracker-505617]: releasing new version... 
[debug] [2026-08-22T00:32:10.379Z] Checked if tokens are valid: true, expires at: 1787362325813
[debug] [2026-08-22T00:32:10.379Z] Checked if tokens are valid: true, expires at: 1787362325813
[debug] [2026-08-22T00:32:10.379Z] >>> [apiv2][query] POST https://firebasehosting.googleapis.com/v1beta1/projects/-/sites/hours-tracker-505617/channels/live/releases versionName=projects%2F1053801277711%2Fsites%2Fhours-tracker-505617%2Fversions%2F33f8f8695c4f4b02
[debug] [2026-08-22T00:32:10.379Z] >>> [apiv2][body] POST https://firebasehosting.googleapis.com/v1beta1/projects/-/sites/hours-tracker-505617/channels/live/releases {}
[debug] [2026-08-22T00:32:10.830Z] <<< [apiv2][status] POST https://firebasehosting.googleapis.com/v1beta1/projects/-/sites/hours-tracker-505617/channels/live/releases 200
[debug] [2026-08-22T00:35:28.210Z] ----------------------------------------------------------------------
[debug] [2026-08-22T00:35:28.211Z] Command:       /usr/local/bin/node /usr/local/bin/firebase deploy --only hosting
[debug] [2026-08-22T00:35:28.211Z] CLI Version:   15.28.1
[debug] [2026-08-22T00:35:28.212Z] Platform:      darwin
[debug] [2026-08-22T00:35:28.212Z] Node Version:  v24.19.0
[debug] [2026-08-22T00:35:28.212Z] Detected Agent: codex_cli
[debug] [2026-08-22T00:35:28.212Z] Time:          Fri Aug 21 2026 17:35:28 GMT-0700 (Mountain Standard Time)
[debug] [2026-08-22T00:35:28.212Z] ----------------------------------------------------------------------
[debug] 
[debug] [2026-08-22T00:35:28.446Z] > command requires scopes: ["email","openid","https://www.googleapis.com/auth/cloudplatformprojects.readonly","https://www.googleapis.com/auth/firebase","https://www.googleapis.com/auth/cloud-platform"]
[debug] [2026-08-22T00:35:28.446Z] > authorizing via signed-in user (sandiepietz@gmail.com)
[debug] [2026-08-22T00:35:28.446Z] [iam] checking project hours-tracker-505617 for permissions ["firebase.projects.get","firebasehosting.sites.update"]
[debug] [2026-08-22T00:35:28.450Z] Checked if tokens are valid: true, expires at: 1787362325813
[debug] [2026-08-22T00:35:28.450Z] Checked if tokens are valid: true, expires at: 1787362325813
[debug] [2026-08-22T00:35:28.450Z] >>> [apiv2][query] POST https://cloudresourcemanager.googleapis.com/v1/projects/hours-tracker-505617:testIamPermissions [none]
[debug] [2026-08-22T00:35:28.450Z] >>> [apiv2][(partial)header] POST https://cloudresourcemanager.googleapis.com/v1/projects/hours-tracker-505617:testIamPermissions  x-goog-user-project=hours-tracker-505617
[debug] [2026-08-22T00:35:28.450Z] >>> [apiv2][body] POST https://cloudresourcemanager.googleapis.com/v1/projects/hours-tracker-505617:testIamPermissions {"permissions":["firebase.projects.get","firebasehosting.sites.update"]}
[debug] [2026-08-22T00:35:28.824Z] <<< [apiv2][status] POST https://cloudresourcemanager.googleapis.com/v1/projects/hours-tracker-505617:testIamPermissions 200
[debug] [2026-08-22T00:35:28.824Z] <<< [apiv2][body] POST https://cloudresourcemanager.googleapis.com/v1/projects/hours-tracker-505617:testIamPermissions {"permissions":["firebase.projects.get","firebasehosting.sites.update"]}
[debug] [2026-08-22T00:35:28.824Z] Checked if tokens are valid: true, expires at: 1787362325813
[debug] [2026-08-22T00:35:28.824Z] Checked if tokens are valid: true, expires at: 1787362325813
[debug] [2026-08-22T00:35:28.825Z] >>> [apiv2][query] GET https://firebase.googleapis.com/v1beta1/projects/hours-tracker-505617 [none]
[debug] [2026-08-22T00:35:29.194Z] <<< [apiv2][status] GET https://firebase.googleapis.com/v1beta1/projects/hours-tracker-505617 200
[debug] [2026-08-22T00:35:29.194Z] <<< [apiv2][body] GET https://firebase.googleapis.com/v1beta1/projects/hours-tracker-505617 {"projectId":"hours-tracker-505617","projectNumber":"1053801277711","displayName":"Hours Tracker","name":"projects/hours-tracker-505617","resources":{"hostingSite":"hours-tracker-505617"},"state":"ACTIVE","labels":{"firebase":"enabled"},"etag":"1_9b67e5f4-0d64-458f-acc0-b5264089e54e"}
[info] 
[info] === Deploying to 'hours-tracker-505617'...
[info] 
[info] i  deploying hosting 
[debug] [2026-08-22T00:35:29.198Z] Checked if tokens are valid: true, expires at: 1787362325813
[debug] [2026-08-22T00:35:29.198Z] Checked if tokens are valid: true, expires at: 1787362325813
[debug] [2026-08-22T00:35:29.198Z] >>> [apiv2][query] GET https://firebasehosting.googleapis.com/v1beta1/projects/hours-tracker-505617/sites/hours-tracker-505617 [none]
[debug] [2026-08-22T00:35:29.666Z] <<< [apiv2][status] GET https://firebasehosting.googleapis.com/v1beta1/projects/hours-tracker-505617/sites/hours-tracker-505617 200
[debug] [2026-08-22T00:35:29.667Z] <<< [apiv2][body] GET https://firebasehosting.googleapis.com/v1beta1/projects/hours-tracker-505617/sites/hours-tracker-505617 {"name":"projects/hours-tracker-505617/sites/hours-tracker-505617","defaultUrl":"https://hours-tracker-505617.web.app","appId":"1:1053801277711:web:4ef9a62303536bf2bc367a","type":"DEFAULT_SITE"}
[debug] [2026-08-22T00:35:29.668Z] Checked if tokens are valid: true, expires at: 1787362325813
[debug] [2026-08-22T00:35:29.668Z] Checked if tokens are valid: true, expires at: 1787362325813
[debug] [2026-08-22T00:35:29.668Z] >>> [apiv2][query] POST https://firebasehosting.googleapis.com/v1beta1/projects/-/sites/hours-tracker-505617/versions [none]
[debug] [2026-08-22T00:35:29.668Z] >>> [apiv2][body] POST https://firebasehosting.googleapis.com/v1beta1/projects/-/sites/hours-tracker-505617/versions {"status":"CREATED","labels":{"deployment-tool":"cli-firebase"}}
[debug] [2026-08-22T00:35:30.098Z] <<< [apiv2][status] POST https://firebasehosting.googleapis.com/v1beta1/projects/-/sites/hours-tracker-505617/versions 200
[debug] [2026-08-22T00:35:30.098Z] <<< [apiv2][body] POST https://firebasehosting.googleapis.com/v1beta1/projects/-/sites/hours-tracker-505617/versions {"name":"projects/1053801277711/sites/hours-tracker-505617/versions/c1fbd150d1e7e4a7","status":"CREATED","config":{},"labels":{"deployment-tool":"cli-firebase"}}
[info] i  hosting[hours-tracker-505617]: beginning deploy... 
[info] i  hosting[hours-tracker-505617]: found 7 files in firebase-dist 
[debug] [2026-08-22T00:35:30.107Z] [hosting] uploading with 200 concurrency
[debug] [2026-08-22T00:35:30.155Z] Checked if tokens are valid: true, expires at: 1787362325813
[debug] [2026-08-22T00:35:30.155Z] Checked if tokens are valid: true, expires at: 1787362325813
[debug] [2026-08-22T00:35:30.155Z] [hosting] hash cache [ZmlyZWJhc2UtZGlzdA] stored for 7 files
[debug] [2026-08-22T00:35:30.155Z] [hosting][hash queue][FINAL] {"max":45,"min":0,"avg":6.857142857142857,"active":0,"complete":7,"success":7,"errored":0,"retried":0,"total":7,"elapsed":47}
[debug] [2026-08-22T00:35:30.155Z] >>> [apiv2][query] POST https://firebasehosting.googleapis.com/v1beta1/projects/1053801277711/sites/hours-tracker-505617/versions/c1fbd150d1e7e4a7:populateFiles [none]
[debug] [2026-08-22T00:35:30.155Z] >>> [apiv2][body] POST https://firebasehosting.googleapis.com/v1beta1/projects/1053801277711/sites/hours-tracker-505617/versions/c1fbd150d1e7e4a7:populateFiles {"files":{"/window.svg":"32ea868a4067b3f236353dc7f0851952d02ecb0515826d1dd2590e61159b146a","/globe.svg":"a89af50fbe7023054a59f733eab7cc4c89605387c9decd9701536e081f5b607f","/file.svg":"0d4c6b6999e2d6106f033135f4b32598029367bd331608c34c4e4a072ea0b469","/favicon.svg":"f0fc09166d474aacd631f1d6cd9560d37843a8a233ad37eac785909c18823406","/assets/index-B3A5AJiX.css":"aa53c2bf0e2618ee1f6f37131370570c934ab100e8741b524121b87f16418d4d","/index.html":"0bd30adbbe89fdd0d6c314c1b20e94df810b3e73c35c6858cdd802c5e1f61277","/assets/index-tT16tZ1S.js":"6bc85db28af8779770e839294912596fabbf5e0c7efd7d0fa2e6ca5859d6fc9a"}}
[debug] [2026-08-22T00:35:30.465Z] <<< [apiv2][status] POST https://firebasehosting.googleapis.com/v1beta1/projects/1053801277711/sites/hours-tracker-505617/versions/c1fbd150d1e7e4a7:populateFiles 200
[debug] [2026-08-22T00:35:30.465Z] <<< [apiv2][body] POST https://firebasehosting.googleapis.com/v1beta1/projects/1053801277711/sites/hours-tracker-505617/versions/c1fbd150d1e7e4a7:populateFiles {"uploadRequiredHashes":["0bd30adbbe89fdd0d6c314c1b20e94df810b3e73c35c6858cdd802c5e1f61277","6bc85db28af8779770e839294912596fabbf5e0c7efd7d0fa2e6ca5859d6fc9a"],"uploadUrl":"https://upload-firebasehosting.googleapis.com/upload/sites/hours-tracker-505617/versions/c1fbd150d1e7e4a7/files"}
[debug] [2026-08-22T00:35:30.466Z] Checked if tokens are valid: true, expires at: 1787362325813
[debug] [2026-08-22T00:35:30.466Z] Checked if tokens are valid: true, expires at: 1787362325813
[debug] [2026-08-22T00:35:30.466Z] Checked if tokens are valid: true, expires at: 1787362325813
[debug] [2026-08-22T00:35:30.466Z] Checked if tokens are valid: true, expires at: 1787362325813
[debug] [2026-08-22T00:35:30.467Z] >>> [apiv2][query] POST https://upload-firebasehosting.googleapis.com/upload/sites/hours-tracker-505617/versions/c1fbd150d1e7e4a7/files/0bd30adbbe89fdd0d6c314c1b20e94df810b3e73c35c6858cdd802c5e1f61277 [none]
[debug] [2026-08-22T00:35:30.467Z] >>> [apiv2][body] POST https://upload-firebasehosting.googleapis.com/upload/sites/hours-tracker-505617/versions/c1fbd150d1e7e4a7/files/0bd30adbbe89fdd0d6c314c1b20e94df810b3e73c35c6858cdd802c5e1f61277 [stream]
[debug] [2026-08-22T00:35:30.476Z] >>> [apiv2][query] POST https://upload-firebasehosting.googleapis.com/upload/sites/hours-tracker-505617/versions/c1fbd150d1e7e4a7/files/6bc85db28af8779770e839294912596fabbf5e0c7efd7d0fa2e6ca5859d6fc9a [none]
[debug] [2026-08-22T00:35:30.476Z] >>> [apiv2][body] POST https://upload-firebasehosting.googleapis.com/upload/sites/hours-tracker-505617/versions/c1fbd150d1e7e4a7/files/6bc85db28af8779770e839294912596fabbf5e0c7efd7d0fa2e6ca5859d6fc9a [stream]
[debug] [2026-08-22T00:35:30.480Z] [hosting][populate queue][FINAL] {"max":312,"min":312,"avg":312,"active":0,"complete":1,"success":1,"errored":0,"retried":0,"total":1,"elapsed":326}
[debug] [2026-08-22T00:35:30.480Z] [hosting] uploads queued: 2
[debug] [2026-08-22T00:35:31.343Z] <<< [apiv2][status] POST https://upload-firebasehosting.googleapis.com/upload/sites/hours-tracker-505617/versions/c1fbd150d1e7e4a7/files/0bd30adbbe89fdd0d6c314c1b20e94df810b3e73c35c6858cdd802c5e1f61277 200
[debug] [2026-08-22T00:35:31.343Z] <<< [apiv2][body] POST https://upload-firebasehosting.googleapis.com/upload/sites/hours-tracker-505617/versions/c1fbd150d1e7e4a7/files/0bd30adbbe89fdd0d6c314c1b20e94df810b3e73c35c6858cdd802c5e1f61277 [stream]
[debug] [2026-08-22T00:35:31.625Z] <<< [apiv2][status] POST https://upload-firebasehosting.googleapis.com/upload/sites/hours-tracker-505617/versions/c1fbd150d1e7e4a7/files/6bc85db28af8779770e839294912596fabbf5e0c7efd7d0fa2e6ca5859d6fc9a 200
[debug] [2026-08-22T00:35:31.626Z] <<< [apiv2][body] POST https://upload-firebasehosting.googleapis.com/upload/sites/hours-tracker-505617/versions/c1fbd150d1e7e4a7/files/6bc85db28af8779770e839294912596fabbf5e0c7efd7d0fa2e6ca5859d6fc9a [stream]
[debug] [2026-08-22T00:35:31.626Z] [hosting][upload queue][FINAL] {"max":1160,"min":878,"avg":1019,"active":0,"complete":2,"success":2,"errored":0,"retried":0,"total":2,"elapsed":1161}
[info] i  hosting: upload complete 
[info] ✔  hosting[hours-tracker-505617]: file upload complete 
[debug] [2026-08-22T00:35:31.626Z] [hosting] deploy completed after 1526ms
[debug] [2026-08-22T00:35:31.627Z] [
  {
    "config": {
      "public": "firebase-dist",
      "ignore": [
        "firebase.json",
        "**/.*",
        "**/node_modules/**"
      ],
      "headers": [
        {
          "source": "/",
          "headers": [
            {
              "key": "Cache-Control",
              "value": "no-cache, no-store, must-revalidate"
            }
          ]
        },
        {
          "source": "**/*.html",
          "headers": [
            {
              "key": "Cache-Control",
              "value": "no-cache, no-store, must-revalidate"
            }
          ]
        },
        {
          "source": "assets/**",
          "headers": [
            {
              "key": "Cache-Control",
              "value": "no-cache, must-revalidate"
            }
          ]
        }
      ],
      "rewrites": [
        {
          "source": "**",
          "destination": "/index.html"
        }
      ],
      "site": "hours-tracker-505617"
    },
    "version": "projects/1053801277711/sites/hours-tracker-505617/versions/c1fbd150d1e7e4a7"
  }
]
[info] i  hosting[hours-tracker-505617]: finalizing version... 
[debug] [2026-08-22T00:35:31.629Z] Checked if tokens are valid: true, expires at: 1787362325813
[debug] [2026-08-22T00:35:31.629Z] Checked if tokens are valid: true, expires at: 1787362325813
[debug] [2026-08-22T00:35:31.629Z] >>> [apiv2][query] PATCH https://firebasehosting.googleapis.com/v1beta1/projects/-/sites/hours-tracker-505617/versions/c1fbd150d1e7e4a7 updateMask=status%2Cconfig
[debug] [2026-08-22T00:35:31.629Z] >>> [apiv2][body] PATCH https://firebasehosting.googleapis.com/v1beta1/projects/-/sites/hours-tracker-505617/versions/c1fbd150d1e7e4a7 {"status":"FINALIZED","config":{"rewrites":[{"glob":"**","path":"/index.html"}],"headers":[{"glob":"/","headers":{"Cache-Control":"no-cache, no-store, must-revalidate"}},{"glob":"**/*.html","headers":{"Cache-Control":"no-cache, no-store, must-revalidate"}},{"glob":"assets/**","headers":{"Cache-Control":"no-cache, must-revalidate"}}]}}
[debug] [2026-08-22T00:35:32.007Z] <<< [apiv2][status] PATCH https://firebasehosting.googleapis.com/v1beta1/projects/-/sites/hours-tracker-505617/versions/c1fbd150d1e7e4a7 200
[debug] [2026-08-22T00:35:32.007Z] <<< [apiv2][body] PATCH https://firebasehosting.googleapis.com/v1beta1/projects/-/sites/hours-tracker-505617/versions/c1fbd150d1e7e4a7 {"name":"projects/1053801277711/sites/hours-tracker-505617/versions/c1fbd150d1e7e4a7","status":"FINALIZED","config":{"headers":[{"headers":{"Cache-Control":"no-cache, no-store, must-revalidate"},"glob":"/"},{"headers":{"Cache-Control":"no-cache, no-store, must-revalidate"},"glob":"**/*.html"},{"headers":{"Cache-Control":"no-cache, must-revalidate"},"glob":"assets/**"}],"rewrites":[{"glob":"**","path":"/index.html"}]},"labels":{"deployment-tool":"cli-firebase"},"createTime":"2026-08-22T00:35:29.863636Z","createUser":{"email":"sandiepietz@gmail.com"},"finalizeTime":"2026-08-22T00:35:31.924170Z","finalizeUser":{"email":"sandiepietz@gmail.com"}}
[debug] [2026-08-22T00:35:32.007Z] [hosting] finalized version for hours-tracker-505617:[object Object]
[info] ✔  hosting[hours-tracker-505617]: version finalized 
[info] i  hosting[hours-tracker-505617]: releasing new version... 
[debug] [2026-08-22T00:35:32.008Z] Checked if tokens are valid: true, expires at: 1787362325813
[debug] [2026-08-22T00:35:32.008Z] Checked if tokens are valid: true, expires at: 1787362325813
[debug] [2026-08-22T00:35:32.008Z] >>> [apiv2][query] POST https://firebasehosting.googleapis.com/v1beta1/projects/-/sites/hours-tracker-505617/channels/live/releases versionName=projects%2F1053801277711%2Fsites%2Fhours-tracker-505617%2Fversions%2Fc1fbd150d1e7e4a7
[debug] [2026-08-22T00:35:32.008Z] >>> [apiv2][body] POST https://firebasehosting.googleapis.com/v1beta1/projects/-/sites/hours-tracker-505617/channels/live/releases {}
[debug] [2026-08-22T00:35:32.723Z] <<< [apiv2][status] POST https://firebasehosting.googleapis.com/v1beta1/projects/-/sites/hours-tracker-505617/channels/live/releases 200
[debug] [2026-08-22T01:25:46.420Z] ----------------------------------------------------------------------
[debug] [2026-08-22T01:25:46.423Z] Command:       /usr/local/bin/node /usr/local/bin/firebase deploy --only hosting
[debug] [2026-08-22T01:25:46.423Z] CLI Version:   15.28.1
[debug] [2026-08-22T01:25:46.423Z] Platform:      darwin
[debug] [2026-08-22T01:25:46.423Z] Node Version:  v24.19.0
[debug] [2026-08-22T01:25:46.423Z] Detected Agent: codex_cli
[debug] [2026-08-22T01:25:46.424Z] Time:          Fri Aug 21 2026 18:25:46 GMT-0700 (Mountain Standard Time)
[debug] [2026-08-22T01:25:46.424Z] ----------------------------------------------------------------------
[debug] 
[debug] [2026-08-22T01:25:46.866Z] > command requires scopes: ["email","openid","https://www.googleapis.com/auth/cloudplatformprojects.readonly","https://www.googleapis.com/auth/firebase","https://www.googleapis.com/auth/cloud-platform"]
[debug] [2026-08-22T01:25:46.866Z] > authorizing via signed-in user (sandiepietz@gmail.com)
[debug] [2026-08-22T01:25:46.866Z] [iam] checking project hours-tracker-505617 for permissions ["firebase.projects.get","firebasehosting.sites.update"]
[debug] [2026-08-22T01:25:46.874Z] Checked if tokens are valid: false, expires at: 1787362325813
[debug] [2026-08-22T01:25:46.874Z] Checked if tokens are valid: false, expires at: 1787362325813
[debug] [2026-08-22T01:25:46.875Z] > refreshing access token with scopes: []
[debug] [2026-08-22T01:25:46.876Z] >>> [apiv2][query] POST https://www.googleapis.com/oauth2/v3/token [none]
[debug] [2026-08-22T01:25:46.876Z] >>> [apiv2][body] POST https://www.googleapis.com/oauth2/v3/token [omitted]
[debug] [2026-08-22T01:25:47.050Z] <<< [apiv2][status] POST https://www.googleapis.com/oauth2/v3/token 200
[debug] [2026-08-22T01:25:47.050Z] <<< [apiv2][body] POST https://www.googleapis.com/oauth2/v3/token [omitted]
[debug] [2026-08-22T01:25:47.060Z] >>> [apiv2][query] POST https://cloudresourcemanager.googleapis.com/v1/projects/hours-tracker-505617:testIamPermissions [none]
[debug] [2026-08-22T01:25:47.061Z] >>> [apiv2][(partial)header] POST https://cloudresourcemanager.googleapis.com/v1/projects/hours-tracker-505617:testIamPermissions  x-goog-user-project=hours-tracker-505617
[debug] [2026-08-22T01:25:47.061Z] >>> [apiv2][body] POST https://cloudresourcemanager.googleapis.com/v1/projects/hours-tracker-505617:testIamPermissions {"permissions":["firebase.projects.get","firebasehosting.sites.update"]}
[debug] [2026-08-22T01:25:47.414Z] <<< [apiv2][status] POST https://cloudresourcemanager.googleapis.com/v1/projects/hours-tracker-505617:testIamPermissions 200
[debug] [2026-08-22T01:25:47.415Z] <<< [apiv2][body] POST https://cloudresourcemanager.googleapis.com/v1/projects/hours-tracker-505617:testIamPermissions {"permissions":["firebase.projects.get","firebasehosting.sites.update"]}
[debug] [2026-08-22T01:25:47.415Z] Checked if tokens are valid: true, expires at: 1787365546050
[debug] [2026-08-22T01:25:47.415Z] Checked if tokens are valid: true, expires at: 1787365546050
[debug] [2026-08-22T01:25:47.416Z] >>> [apiv2][query] GET https://firebase.googleapis.com/v1beta1/projects/hours-tracker-505617 [none]
[debug] [2026-08-22T01:25:47.671Z] <<< [apiv2][status] GET https://firebase.googleapis.com/v1beta1/projects/hours-tracker-505617 200
[debug] [2026-08-22T01:25:47.671Z] <<< [apiv2][body] GET https://firebase.googleapis.com/v1beta1/projects/hours-tracker-505617 {"projectId":"hours-tracker-505617","projectNumber":"1053801277711","displayName":"Hours Tracker","name":"projects/hours-tracker-505617","resources":{"hostingSite":"hours-tracker-505617"},"state":"ACTIVE","labels":{"firebase":"enabled"},"etag":"1_9b67e5f4-0d64-458f-acc0-b5264089e54e"}
[info] 
[info] === Deploying to 'hours-tracker-505617'...
[info] 
[info] i  deploying hosting 
[debug] [2026-08-22T01:25:47.674Z] Checked if tokens are valid: true, expires at: 1787365546050
[debug] [2026-08-22T01:25:47.675Z] Checked if tokens are valid: true, expires at: 1787365546050
[debug] [2026-08-22T01:25:47.675Z] >>> [apiv2][query] GET https://firebasehosting.googleapis.com/v1beta1/projects/hours-tracker-505617/sites/hours-tracker-505617 [none]
[debug] [2026-08-22T01:25:48.285Z] <<< [apiv2][status] GET https://firebasehosting.googleapis.com/v1beta1/projects/hours-tracker-505617/sites/hours-tracker-505617 200
[debug] [2026-08-22T01:25:48.285Z] <<< [apiv2][body] GET https://firebasehosting.googleapis.com/v1beta1/projects/hours-tracker-505617/sites/hours-tracker-505617 {"name":"projects/hours-tracker-505617/sites/hours-tracker-505617","defaultUrl":"https://hours-tracker-505617.web.app","appId":"1:1053801277711:web:4ef9a62303536bf2bc367a","type":"DEFAULT_SITE"}
[debug] [2026-08-22T01:25:48.286Z] Checked if tokens are valid: true, expires at: 1787365546050
[debug] [2026-08-22T01:25:48.287Z] Checked if tokens are valid: true, expires at: 1787365546050
[debug] [2026-08-22T01:25:48.287Z] >>> [apiv2][query] POST https://firebasehosting.googleapis.com/v1beta1/projects/-/sites/hours-tracker-505617/versions [none]
[debug] [2026-08-22T01:25:48.287Z] >>> [apiv2][body] POST https://firebasehosting.googleapis.com/v1beta1/projects/-/sites/hours-tracker-505617/versions {"status":"CREATED","labels":{"deployment-tool":"cli-firebase"}}
[debug] [2026-08-22T01:25:48.793Z] <<< [apiv2][status] POST https://firebasehosting.googleapis.com/v1beta1/projects/-/sites/hours-tracker-505617/versions 200
[debug] [2026-08-22T01:25:48.793Z] <<< [apiv2][body] POST https://firebasehosting.googleapis.com/v1beta1/projects/-/sites/hours-tracker-505617/versions {"name":"projects/1053801277711/sites/hours-tracker-505617/versions/cb403dc62bf8a636","status":"CREATED","config":{},"labels":{"deployment-tool":"cli-firebase"}}
[info] i  hosting[hours-tracker-505617]: beginning deploy... 
[info] i  hosting[hours-tracker-505617]: found 7 files in firebase-dist 
[debug] [2026-08-22T01:25:48.808Z] [hosting] uploading with 200 concurrency
[debug] [2026-08-22T01:25:48.854Z] Checked if tokens are valid: true, expires at: 1787365546050
[debug] [2026-08-22T01:25:48.854Z] Checked if tokens are valid: true, expires at: 1787365546050
[debug] [2026-08-22T01:25:48.855Z] [hosting] hash cache [ZmlyZWJhc2UtZGlzdA] stored for 7 files
[debug] [2026-08-22T01:25:48.855Z] [hosting][hash queue][FINAL] {"max":43,"min":0,"avg":6.714285714285714,"active":0,"complete":7,"success":7,"errored":0,"retried":0,"total":7,"elapsed":46}
[debug] [2026-08-22T01:25:48.855Z] >>> [apiv2][query] POST https://firebasehosting.googleapis.com/v1beta1/projects/1053801277711/sites/hours-tracker-505617/versions/cb403dc62bf8a636:populateFiles [none]
[debug] [2026-08-22T01:25:48.855Z] >>> [apiv2][body] POST https://firebasehosting.googleapis.com/v1beta1/projects/1053801277711/sites/hours-tracker-505617/versions/cb403dc62bf8a636:populateFiles {"files":{"/window.svg":"32ea868a4067b3f236353dc7f0851952d02ecb0515826d1dd2590e61159b146a","/globe.svg":"a89af50fbe7023054a59f733eab7cc4c89605387c9decd9701536e081f5b607f","/file.svg":"0d4c6b6999e2d6106f033135f4b32598029367bd331608c34c4e4a072ea0b469","/favicon.svg":"f0fc09166d474aacd631f1d6cd9560d37843a8a233ad37eac785909c18823406","/assets/index-B3A5AJiX.css":"aa53c2bf0e2618ee1f6f37131370570c934ab100e8741b524121b87f16418d4d","/index.html":"2cdd194507fed37b05b49f7159161ce11a25592bfb5d52775e01607dd8ef44ad","/assets/index-tT16tZ1S.js":"1cb308a8920dee15c5f2054c49cfc63c116233426ed62c4578b2af87a1077759"}}
[debug] [2026-08-22T01:25:49.512Z] <<< [apiv2][status] POST https://firebasehosting.googleapis.com/v1beta1/projects/1053801277711/sites/hours-tracker-505617/versions/cb403dc62bf8a636:populateFiles 200
[debug] [2026-08-22T01:25:49.512Z] <<< [apiv2][body] POST https://firebasehosting.googleapis.com/v1beta1/projects/1053801277711/sites/hours-tracker-505617/versions/cb403dc62bf8a636:populateFiles {"uploadRequiredHashes":["1cb308a8920dee15c5f2054c49cfc63c116233426ed62c4578b2af87a1077759","2cdd194507fed37b05b49f7159161ce11a25592bfb5d52775e01607dd8ef44ad"],"uploadUrl":"https://upload-firebasehosting.googleapis.com/upload/sites/hours-tracker-505617/versions/cb403dc62bf8a636/files"}
[debug] [2026-08-22T01:25:49.513Z] Checked if tokens are valid: true, expires at: 1787365546050
[debug] [2026-08-22T01:25:49.513Z] Checked if tokens are valid: true, expires at: 1787365546050
[debug] [2026-08-22T01:25:49.514Z] Checked if tokens are valid: true, expires at: 1787365546050
[debug] [2026-08-22T01:25:49.514Z] Checked if tokens are valid: true, expires at: 1787365546050
[debug] [2026-08-22T01:25:49.514Z] >>> [apiv2][query] POST https://upload-firebasehosting.googleapis.com/upload/sites/hours-tracker-505617/versions/cb403dc62bf8a636/files/1cb308a8920dee15c5f2054c49cfc63c116233426ed62c4578b2af87a1077759 [none]
[debug] [2026-08-22T01:25:49.515Z] >>> [apiv2][body] POST https://upload-firebasehosting.googleapis.com/upload/sites/hours-tracker-505617/versions/cb403dc62bf8a636/files/1cb308a8920dee15c5f2054c49cfc63c116233426ed62c4578b2af87a1077759 [stream]
[debug] [2026-08-22T01:25:49.517Z] >>> [apiv2][query] POST https://upload-firebasehosting.googleapis.com/upload/sites/hours-tracker-505617/versions/cb403dc62bf8a636/files/2cdd194507fed37b05b49f7159161ce11a25592bfb5d52775e01607dd8ef44ad [none]
[debug] [2026-08-22T01:25:49.517Z] >>> [apiv2][body] POST https://upload-firebasehosting.googleapis.com/upload/sites/hours-tracker-505617/versions/cb403dc62bf8a636/files/2cdd194507fed37b05b49f7159161ce11a25592bfb5d52775e01607dd8ef44ad [stream]
[debug] [2026-08-22T01:25:49.519Z] [hosting][populate queue][FINAL] {"max":660,"min":660,"avg":660,"active":0,"complete":1,"success":1,"errored":0,"retried":0,"total":1,"elapsed":665}
[debug] [2026-08-22T01:25:49.519Z] [hosting] uploads queued: 2
[debug] [2026-08-22T01:25:50.641Z] <<< [apiv2][status] POST https://upload-firebasehosting.googleapis.com/upload/sites/hours-tracker-505617/versions/cb403dc62bf8a636/files/2cdd194507fed37b05b49f7159161ce11a25592bfb5d52775e01607dd8ef44ad 200
[debug] [2026-08-22T01:25:50.641Z] <<< [apiv2][body] POST https://upload-firebasehosting.googleapis.com/upload/sites/hours-tracker-505617/versions/cb403dc62bf8a636/files/2cdd194507fed37b05b49f7159161ce11a25592bfb5d52775e01607dd8ef44ad [stream]
[debug] [2026-08-22T01:25:50.793Z] <<< [apiv2][status] POST https://upload-firebasehosting.googleapis.com/upload/sites/hours-tracker-505617/versions/cb403dc62bf8a636/files/1cb308a8920dee15c5f2054c49cfc63c116233426ed62c4578b2af87a1077759 200
[debug] [2026-08-22T01:25:50.794Z] <<< [apiv2][body] POST https://upload-firebasehosting.googleapis.com/upload/sites/hours-tracker-505617/versions/cb403dc62bf8a636/files/1cb308a8920dee15c5f2054c49cfc63c116233426ed62c4578b2af87a1077759 [stream]
[debug] [2026-08-22T01:25:50.794Z] [hosting][upload queue][FINAL] {"max":1282,"min":1128,"avg":1205,"active":0,"complete":2,"success":2,"errored":0,"retried":0,"total":2,"elapsed":1282}
[info] i  hosting: upload complete 
[info] ✔  hosting[hours-tracker-505617]: file upload complete 
[debug] [2026-08-22T01:25:50.795Z] [hosting] deploy completed after 1999ms
[debug] [2026-08-22T01:25:50.795Z] [
  {
    "config": {
      "public": "firebase-dist",
      "ignore": [
        "firebase.json",
        "**/.*",
        "**/node_modules/**"
      ],
      "headers": [
        {
          "source": "/",
          "headers": [
            {
              "key": "Cache-Control",
              "value": "no-cache, no-store, must-revalidate"
            }
          ]
        },
        {
          "source": "**/*.html",
          "headers": [
            {
              "key": "Cache-Control",
              "value": "no-cache, no-store, must-revalidate"
            }
          ]
        },
        {
          "source": "assets/**",
          "headers": [
            {
              "key": "Cache-Control",
              "value": "no-cache, must-revalidate"
            }
          ]
        }
      ],
      "rewrites": [
        {
          "source": "**",
          "destination": "/index.html"
        }
      ],
      "site": "hours-tracker-505617"
    },
    "version": "projects/1053801277711/sites/hours-tracker-505617/versions/cb403dc62bf8a636"
  }
]
[info] i  hosting[hours-tracker-505617]: finalizing version... 
[debug] [2026-08-22T01:25:50.799Z] Checked if tokens are valid: true, expires at: 1787365546050
[debug] [2026-08-22T01:25:50.799Z] Checked if tokens are valid: true, expires at: 1787365546050
[debug] [2026-08-22T01:25:50.799Z] >>> [apiv2][query] PATCH https://firebasehosting.googleapis.com/v1beta1/projects/-/sites/hours-tracker-505617/versions/cb403dc62bf8a636 updateMask=status%2Cconfig
[debug] [2026-08-22T01:25:50.799Z] >>> [apiv2][body] PATCH https://firebasehosting.googleapis.com/v1beta1/projects/-/sites/hours-tracker-505617/versions/cb403dc62bf8a636 {"status":"FINALIZED","config":{"rewrites":[{"glob":"**","path":"/index.html"}],"headers":[{"glob":"/","headers":{"Cache-Control":"no-cache, no-store, must-revalidate"}},{"glob":"**/*.html","headers":{"Cache-Control":"no-cache, no-store, must-revalidate"}},{"glob":"assets/**","headers":{"Cache-Control":"no-cache, must-revalidate"}}]}}
[debug] [2026-08-22T01:25:51.120Z] <<< [apiv2][status] PATCH https://firebasehosting.googleapis.com/v1beta1/projects/-/sites/hours-tracker-505617/versions/cb403dc62bf8a636 200
[debug] [2026-08-22T01:25:51.120Z] <<< [apiv2][body] PATCH https://firebasehosting.googleapis.com/v1beta1/projects/-/sites/hours-tracker-505617/versions/cb403dc62bf8a636 {"name":"projects/1053801277711/sites/hours-tracker-505617/versions/cb403dc62bf8a636","status":"FINALIZED","config":{"headers":[{"headers":{"Cache-Control":"no-cache, no-store, must-revalidate"},"glob":"/"},{"headers":{"Cache-Control":"no-cache, no-store, must-revalidate"},"glob":"**/*.html"},{"headers":{"Cache-Control":"no-cache, must-revalidate"},"glob":"assets/**"}],"rewrites":[{"glob":"**","path":"/index.html"}]},"labels":{"deployment-tool":"cli-firebase"},"createTime":"2026-08-22T01:25:48.485315Z","createUser":{"email":"sandiepietz@gmail.com"},"finalizeTime":"2026-08-22T01:25:51.085207Z","finalizeUser":{"email":"sandiepietz@gmail.com"}}
[debug] [2026-08-22T01:25:51.120Z] [hosting] finalized version for hours-tracker-505617:[object Object]
[info] ✔  hosting[hours-tracker-505617]: version finalized 
[info] i  hosting[hours-tracker-505617]: releasing new version... 
[debug] [2026-08-22T01:25:51.121Z] Checked if tokens are valid: true, expires at: 1787365546050
[debug] [2026-08-22T01:25:51.121Z] Checked if tokens are valid: true, expires at: 1787365546050
[debug] [2026-08-22T01:25:51.121Z] >>> [apiv2][query] POST https://firebasehosting.googleapis.com/v1beta1/projects/-/sites/hours-tracker-505617/channels/live/releases versionName=projects%2F1053801277711%2Fsites%2Fhours-tracker-505617%2Fversions%2Fcb403dc62bf8a636
[debug] [2026-08-22T01:25:51.121Z] >>> [apiv2][body] POST https://firebasehosting.googleapis.com/v1beta1/projects/-/sites/hours-tracker-505617/channels/live/releases {}
[debug] [2026-08-22T01:25:51.422Z] <<< [apiv2][status] POST https://firebasehosting.googleapis.com/v1beta1/projects/-/sites/hours-tracker-505617/channels/live/releases 200
[debug] [2026-08-22T01:29:59.196Z] ----------------------------------------------------------------------
[debug] [2026-08-22T01:29:59.200Z] Command:       /usr/local/bin/node /usr/local/bin/firebase deploy --only hosting
[debug] [2026-08-22T01:29:59.200Z] CLI Version:   15.28.1
[debug] [2026-08-22T01:29:59.201Z] Platform:      darwin
[debug] [2026-08-22T01:29:59.201Z] Node Version:  v24.19.0
[debug] [2026-08-22T01:29:59.201Z] Detected Agent: codex_cli
[debug] [2026-08-22T01:29:59.201Z] Time:          Fri Aug 21 2026 18:29:59 GMT-0700 (Mountain Standard Time)
[debug] [2026-08-22T01:29:59.201Z] ----------------------------------------------------------------------
[debug] 
[debug] [2026-08-22T01:29:59.630Z] > command requires scopes: ["email","openid","https://www.googleapis.com/auth/cloudplatformprojects.readonly","https://www.googleapis.com/auth/firebase","https://www.googleapis.com/auth/cloud-platform"]
[debug] [2026-08-22T01:29:59.630Z] > authorizing via signed-in user (sandiepietz@gmail.com)
[debug] [2026-08-22T01:29:59.630Z] [iam] checking project hours-tracker-505617 for permissions ["firebase.projects.get","firebasehosting.sites.update"]
[debug] [2026-08-22T01:29:59.639Z] Checked if tokens are valid: true, expires at: 1787365546050
[debug] [2026-08-22T01:29:59.639Z] Checked if tokens are valid: true, expires at: 1787365546050
[debug] [2026-08-22T01:29:59.639Z] >>> [apiv2][query] POST https://cloudresourcemanager.googleapis.com/v1/projects/hours-tracker-505617:testIamPermissions [none]
[debug] [2026-08-22T01:29:59.639Z] >>> [apiv2][(partial)header] POST https://cloudresourcemanager.googleapis.com/v1/projects/hours-tracker-505617:testIamPermissions  x-goog-user-project=hours-tracker-505617
[debug] [2026-08-22T01:29:59.639Z] >>> [apiv2][body] POST https://cloudresourcemanager.googleapis.com/v1/projects/hours-tracker-505617:testIamPermissions {"permissions":["firebase.projects.get","firebasehosting.sites.update"]}
[debug] [2026-08-22T01:30:00.104Z] <<< [apiv2][status] POST https://cloudresourcemanager.googleapis.com/v1/projects/hours-tracker-505617:testIamPermissions 200
[debug] [2026-08-22T01:30:00.104Z] <<< [apiv2][body] POST https://cloudresourcemanager.googleapis.com/v1/projects/hours-tracker-505617:testIamPermissions {"permissions":["firebase.projects.get","firebasehosting.sites.update"]}
[debug] [2026-08-22T01:30:00.104Z] Checked if tokens are valid: true, expires at: 1787365546050
[debug] [2026-08-22T01:30:00.105Z] Checked if tokens are valid: true, expires at: 1787365546050
[debug] [2026-08-22T01:30:00.105Z] >>> [apiv2][query] GET https://firebase.googleapis.com/v1beta1/projects/hours-tracker-505617 [none]
[debug] [2026-08-22T01:30:00.368Z] <<< [apiv2][status] GET https://firebase.googleapis.com/v1beta1/projects/hours-tracker-505617 200
[debug] [2026-08-22T01:30:00.368Z] <<< [apiv2][body] GET https://firebase.googleapis.com/v1beta1/projects/hours-tracker-505617 {"projectId":"hours-tracker-505617","projectNumber":"1053801277711","displayName":"Hours Tracker","name":"projects/hours-tracker-505617","resources":{"hostingSite":"hours-tracker-505617"},"state":"ACTIVE","labels":{"firebase":"enabled"},"etag":"1_9b67e5f4-0d64-458f-acc0-b5264089e54e"}
[info] 
[info] === Deploying to 'hours-tracker-505617'...
[info] 
[info] i  deploying hosting 
[debug] [2026-08-22T01:30:00.371Z] Checked if tokens are valid: true, expires at: 1787365546050
[debug] [2026-08-22T01:30:00.371Z] Checked if tokens are valid: true, expires at: 1787365546050
[debug] [2026-08-22T01:30:00.371Z] >>> [apiv2][query] GET https://firebasehosting.googleapis.com/v1beta1/projects/hours-tracker-505617/sites/hours-tracker-505617 [none]
[debug] [2026-08-22T01:30:00.911Z] <<< [apiv2][status] GET https://firebasehosting.googleapis.com/v1beta1/projects/hours-tracker-505617/sites/hours-tracker-505617 200
[debug] [2026-08-22T01:30:00.911Z] <<< [apiv2][body] GET https://firebasehosting.googleapis.com/v1beta1/projects/hours-tracker-505617/sites/hours-tracker-505617 {"name":"projects/hours-tracker-505617/sites/hours-tracker-505617","defaultUrl":"https://hours-tracker-505617.web.app","appId":"1:1053801277711:web:4ef9a62303536bf2bc367a","type":"DEFAULT_SITE"}
[debug] [2026-08-22T01:30:00.912Z] Checked if tokens are valid: true, expires at: 1787365546050
[debug] [2026-08-22T01:30:00.912Z] Checked if tokens are valid: true, expires at: 1787365546050
[debug] [2026-08-22T01:30:00.912Z] >>> [apiv2][query] POST https://firebasehosting.googleapis.com/v1beta1/projects/-/sites/hours-tracker-505617/versions [none]
[debug] [2026-08-22T01:30:00.912Z] >>> [apiv2][body] POST https://firebasehosting.googleapis.com/v1beta1/projects/-/sites/hours-tracker-505617/versions {"status":"CREATED","labels":{"deployment-tool":"cli-firebase"}}
[debug] [2026-08-22T01:30:01.525Z] <<< [apiv2][status] POST https://firebasehosting.googleapis.com/v1beta1/projects/-/sites/hours-tracker-505617/versions 200
[debug] [2026-08-22T01:30:01.525Z] <<< [apiv2][body] POST https://firebasehosting.googleapis.com/v1beta1/projects/-/sites/hours-tracker-505617/versions {"name":"projects/1053801277711/sites/hours-tracker-505617/versions/561066cdc79ab8e3","status":"CREATED","config":{},"labels":{"deployment-tool":"cli-firebase"}}
[info] i  hosting[hours-tracker-505617]: beginning deploy... 
[info] i  hosting[hours-tracker-505617]: found 7 files in firebase-dist 
[debug] [2026-08-22T01:30:01.539Z] [hosting] uploading with 200 concurrency
[debug] [2026-08-22T01:30:01.585Z] Checked if tokens are valid: true, expires at: 1787365546050
[debug] [2026-08-22T01:30:01.585Z] Checked if tokens are valid: true, expires at: 1787365546050
[debug] [2026-08-22T01:30:01.586Z] [hosting] hash cache [ZmlyZWJhc2UtZGlzdA] stored for 7 files
[debug] [2026-08-22T01:30:01.586Z] [hosting][hash queue][FINAL] {"max":44,"min":0,"avg":6.857142857142857,"active":0,"complete":7,"success":7,"errored":0,"retried":0,"total":7,"elapsed":46}
[debug] [2026-08-22T01:30:01.586Z] >>> [apiv2][query] POST https://firebasehosting.googleapis.com/v1beta1/projects/1053801277711/sites/hours-tracker-505617/versions/561066cdc79ab8e3:populateFiles [none]
[debug] [2026-08-22T01:30:01.586Z] >>> [apiv2][body] POST https://firebasehosting.googleapis.com/v1beta1/projects/1053801277711/sites/hours-tracker-505617/versions/561066cdc79ab8e3:populateFiles {"files":{"/window.svg":"32ea868a4067b3f236353dc7f0851952d02ecb0515826d1dd2590e61159b146a","/globe.svg":"a89af50fbe7023054a59f733eab7cc4c89605387c9decd9701536e081f5b607f","/file.svg":"0d4c6b6999e2d6106f033135f4b32598029367bd331608c34c4e4a072ea0b469","/favicon.svg":"f0fc09166d474aacd631f1d6cd9560d37843a8a233ad37eac785909c18823406","/assets/index-B3A5AJiX.css":"aa53c2bf0e2618ee1f6f37131370570c934ab100e8741b524121b87f16418d4d","/index.html":"d1d3b50e686b70b99b72208df52f5e7878198653700ce049dde101ee2d4aafa7","/assets/index-tT16tZ1S.js":"b00d5dc928aa04f9cacb246550c076f9c4716c6e2da371866c79c2da7b9d9b84"}}
[debug] [2026-08-22T01:30:02.241Z] <<< [apiv2][status] POST https://firebasehosting.googleapis.com/v1beta1/projects/1053801277711/sites/hours-tracker-505617/versions/561066cdc79ab8e3:populateFiles 200
[debug] [2026-08-22T01:30:02.241Z] <<< [apiv2][body] POST https://firebasehosting.googleapis.com/v1beta1/projects/1053801277711/sites/hours-tracker-505617/versions/561066cdc79ab8e3:populateFiles {"uploadRequiredHashes":["d1d3b50e686b70b99b72208df52f5e7878198653700ce049dde101ee2d4aafa7","b00d5dc928aa04f9cacb246550c076f9c4716c6e2da371866c79c2da7b9d9b84"],"uploadUrl":"https://upload-firebasehosting.googleapis.com/upload/sites/hours-tracker-505617/versions/561066cdc79ab8e3/files"}
[debug] [2026-08-22T01:30:02.242Z] Checked if tokens are valid: true, expires at: 1787365546050
[debug] [2026-08-22T01:30:02.243Z] Checked if tokens are valid: true, expires at: 1787365546050
[debug] [2026-08-22T01:30:02.244Z] Checked if tokens are valid: true, expires at: 1787365546050
[debug] [2026-08-22T01:30:02.244Z] Checked if tokens are valid: true, expires at: 1787365546050
[debug] [2026-08-22T01:30:02.244Z] >>> [apiv2][query] POST https://upload-firebasehosting.googleapis.com/upload/sites/hours-tracker-505617/versions/561066cdc79ab8e3/files/d1d3b50e686b70b99b72208df52f5e7878198653700ce049dde101ee2d4aafa7 [none]
[debug] [2026-08-22T01:30:02.244Z] >>> [apiv2][body] POST https://upload-firebasehosting.googleapis.com/upload/sites/hours-tracker-505617/versions/561066cdc79ab8e3/files/d1d3b50e686b70b99b72208df52f5e7878198653700ce049dde101ee2d4aafa7 [stream]
[debug] [2026-08-22T01:30:02.246Z] >>> [apiv2][query] POST https://upload-firebasehosting.googleapis.com/upload/sites/hours-tracker-505617/versions/561066cdc79ab8e3/files/b00d5dc928aa04f9cacb246550c076f9c4716c6e2da371866c79c2da7b9d9b84 [none]
[debug] [2026-08-22T01:30:02.246Z] >>> [apiv2][body] POST https://upload-firebasehosting.googleapis.com/upload/sites/hours-tracker-505617/versions/561066cdc79ab8e3/files/b00d5dc928aa04f9cacb246550c076f9c4716c6e2da371866c79c2da7b9d9b84 [stream]
[debug] [2026-08-22T01:30:02.248Z] [hosting][populate queue][FINAL] {"max":659,"min":659,"avg":659,"active":0,"complete":1,"success":1,"errored":0,"retried":0,"total":1,"elapsed":663}
[debug] [2026-08-22T01:30:02.248Z] [hosting] uploads queued: 2
[debug] [2026-08-22T01:30:03.218Z] <<< [apiv2][status] POST https://upload-firebasehosting.googleapis.com/upload/sites/hours-tracker-505617/versions/561066cdc79ab8e3/files/b00d5dc928aa04f9cacb246550c076f9c4716c6e2da371866c79c2da7b9d9b84 200
[debug] [2026-08-22T01:30:03.218Z] <<< [apiv2][body] POST https://upload-firebasehosting.googleapis.com/upload/sites/hours-tracker-505617/versions/561066cdc79ab8e3/files/b00d5dc928aa04f9cacb246550c076f9c4716c6e2da371866c79c2da7b9d9b84 [stream]
[debug] [2026-08-22T01:30:03.410Z] <<< [apiv2][status] POST https://upload-firebasehosting.googleapis.com/upload/sites/hours-tracker-505617/versions/561066cdc79ab8e3/files/d1d3b50e686b70b99b72208df52f5e7878198653700ce049dde101ee2d4aafa7 200
[debug] [2026-08-22T01:30:03.410Z] <<< [apiv2][body] POST https://upload-firebasehosting.googleapis.com/upload/sites/hours-tracker-505617/versions/561066cdc79ab8e3/files/d1d3b50e686b70b99b72208df52f5e7878198653700ce049dde101ee2d4aafa7 [stream]
[debug] [2026-08-22T01:30:03.410Z] [hosting][upload queue][FINAL] {"max":1168,"min":975,"avg":1071.5,"active":0,"complete":2,"success":2,"errored":0,"retried":0,"total":2,"elapsed":1168}
[info] i  hosting: upload complete 
[info] ✔  hosting[hours-tracker-505617]: file upload complete 
[debug] [2026-08-22T01:30:03.411Z] [hosting] deploy completed after 1882ms
[debug] [2026-08-22T01:30:03.411Z] [
  {
    "config": {
      "public": "firebase-dist",
      "ignore": [
        "firebase.json",
        "**/.*",
        "**/node_modules/**"
      ],
      "headers": [
        {
          "source": "/",
          "headers": [
            {
              "key": "Cache-Control",
              "value": "no-cache, no-store, must-revalidate"
            }
          ]
        },
        {
          "source": "**/*.html",
          "headers": [
            {
              "key": "Cache-Control",
              "value": "no-cache, no-store, must-revalidate"
            }
          ]
        },
        {
          "source": "assets/**",
          "headers": [
            {
              "key": "Cache-Control",
              "value": "no-cache, must-revalidate"
            }
          ]
        }
      ],
      "rewrites": [
        {
          "source": "**",
          "destination": "/index.html"
        }
      ],
      "site": "hours-tracker-505617"
    },
    "version": "projects/1053801277711/sites/hours-tracker-505617/versions/561066cdc79ab8e3"
  }
]
[info] i  hosting[hours-tracker-505617]: finalizing version... 
[debug] [2026-08-22T01:30:03.414Z] Checked if tokens are valid: true, expires at: 1787365546050
[debug] [2026-08-22T01:30:03.414Z] Checked if tokens are valid: true, expires at: 1787365546050
[debug] [2026-08-22T01:30:03.414Z] >>> [apiv2][query] PATCH https://firebasehosting.googleapis.com/v1beta1/projects/-/sites/hours-tracker-505617/versions/561066cdc79ab8e3 updateMask=status%2Cconfig
[debug] [2026-08-22T01:30:03.414Z] >>> [apiv2][body] PATCH https://firebasehosting.googleapis.com/v1beta1/projects/-/sites/hours-tracker-505617/versions/561066cdc79ab8e3 {"status":"FINALIZED","config":{"rewrites":[{"glob":"**","path":"/index.html"}],"headers":[{"glob":"/","headers":{"Cache-Control":"no-cache, no-store, must-revalidate"}},{"glob":"**/*.html","headers":{"Cache-Control":"no-cache, no-store, must-revalidate"}},{"glob":"assets/**","headers":{"Cache-Control":"no-cache, must-revalidate"}}]}}
[debug] [2026-08-22T01:30:03.739Z] <<< [apiv2][status] PATCH https://firebasehosting.googleapis.com/v1beta1/projects/-/sites/hours-tracker-505617/versions/561066cdc79ab8e3 200
[debug] [2026-08-22T01:30:03.739Z] <<< [apiv2][body] PATCH https://firebasehosting.googleapis.com/v1beta1/projects/-/sites/hours-tracker-505617/versions/561066cdc79ab8e3 {"name":"projects/1053801277711/sites/hours-tracker-505617/versions/561066cdc79ab8e3","status":"FINALIZED","config":{"headers":[{"headers":{"Cache-Control":"no-cache, no-store, must-revalidate"},"glob":"/"},{"headers":{"Cache-Control":"no-cache, no-store, must-revalidate"},"glob":"**/*.html"},{"headers":{"Cache-Control":"no-cache, must-revalidate"},"glob":"assets/**"}],"rewrites":[{"glob":"**","path":"/index.html"}]},"labels":{"deployment-tool":"cli-firebase"},"createTime":"2026-08-22T01:30:01.084635Z","createUser":{"email":"sandiepietz@gmail.com"},"finalizeTime":"2026-08-22T01:30:03.693972Z","finalizeUser":{"email":"sandiepietz@gmail.com"}}
[debug] [2026-08-22T01:30:03.739Z] [hosting] finalized version for hours-tracker-505617:[object Object]
[info] ✔  hosting[hours-tracker-505617]: version finalized 
[info] i  hosting[hours-tracker-505617]: releasing new version... 
[debug] [2026-08-22T01:30:03.740Z] Checked if tokens are valid: true, expires at: 1787365546050
[debug] [2026-08-22T01:30:03.740Z] Checked if tokens are valid: true, expires at: 1787365546050
[debug] [2026-08-22T01:30:03.740Z] >>> [apiv2][query] POST https://firebasehosting.googleapis.com/v1beta1/projects/-/sites/hours-tracker-505617/channels/live/releases versionName=projects%2F1053801277711%2Fsites%2Fhours-tracker-505617%2Fversions%2F561066cdc79ab8e3
[debug] [2026-08-22T01:30:03.740Z] >>> [apiv2][body] POST https://firebasehosting.googleapis.com/v1beta1/projects/-/sites/hours-tracker-505617/channels/live/releases {}
[debug] [2026-08-22T01:30:04.115Z] <<< [apiv2][status] POST https://firebasehosting.googleapis.com/v1beta1/projects/-/sites/hours-tracker-505617/channels/live/releases 200
[debug] [2026-08-22T01:45:25.777Z] ----------------------------------------------------------------------
[debug] [2026-08-22T01:45:25.782Z] Command:       /usr/local/bin/node /usr/local/bin/firebase deploy --only hosting
[debug] [2026-08-22T01:45:25.782Z] CLI Version:   15.28.1
[debug] [2026-08-22T01:45:25.782Z] Platform:      darwin
[debug] [2026-08-22T01:45:25.782Z] Node Version:  v24.19.0
[debug] [2026-08-22T01:45:25.782Z] Detected Agent: codex_cli
[debug] [2026-08-22T01:45:25.782Z] Time:          Fri Aug 21 2026 18:45:25 GMT-0700 (Mountain Standard Time)
[debug] [2026-08-22T01:45:25.782Z] ----------------------------------------------------------------------
[debug] 
[debug] [2026-08-22T01:45:26.223Z] > command requires scopes: ["email","openid","https://www.googleapis.com/auth/cloudplatformprojects.readonly","https://www.googleapis.com/auth/firebase","https://www.googleapis.com/auth/cloud-platform"]
[debug] [2026-08-22T01:45:26.223Z] > authorizing via signed-in user (sandiepietz@gmail.com)
[debug] [2026-08-22T01:45:26.223Z] [iam] checking project hours-tracker-505617 for permissions ["firebase.projects.get","firebasehosting.sites.update"]
[debug] [2026-08-22T01:45:26.230Z] Checked if tokens are valid: true, expires at: 1787365546050
[debug] [2026-08-22T01:45:26.230Z] Checked if tokens are valid: true, expires at: 1787365546050
[debug] [2026-08-22T01:45:26.230Z] >>> [apiv2][query] POST https://cloudresourcemanager.googleapis.com/v1/projects/hours-tracker-505617:testIamPermissions [none]
[debug] [2026-08-22T01:45:26.230Z] >>> [apiv2][(partial)header] POST https://cloudresourcemanager.googleapis.com/v1/projects/hours-tracker-505617:testIamPermissions  x-goog-user-project=hours-tracker-505617
[debug] [2026-08-22T01:45:26.230Z] >>> [apiv2][body] POST https://cloudresourcemanager.googleapis.com/v1/projects/hours-tracker-505617:testIamPermissions {"permissions":["firebase.projects.get","firebasehosting.sites.update"]}
[debug] [2026-08-22T01:45:26.854Z] <<< [apiv2][status] POST https://cloudresourcemanager.googleapis.com/v1/projects/hours-tracker-505617:testIamPermissions 200
[debug] [2026-08-22T01:45:26.855Z] <<< [apiv2][body] POST https://cloudresourcemanager.googleapis.com/v1/projects/hours-tracker-505617:testIamPermissions {"permissions":["firebase.projects.get","firebasehosting.sites.update"]}
[debug] [2026-08-22T01:45:26.855Z] Checked if tokens are valid: true, expires at: 1787365546050
[debug] [2026-08-22T01:45:26.855Z] Checked if tokens are valid: true, expires at: 1787365546050
[debug] [2026-08-22T01:45:26.855Z] >>> [apiv2][query] GET https://firebase.googleapis.com/v1beta1/projects/hours-tracker-505617 [none]
[debug] [2026-08-22T01:45:27.208Z] <<< [apiv2][status] GET https://firebase.googleapis.com/v1beta1/projects/hours-tracker-505617 200
[debug] [2026-08-22T01:45:27.208Z] <<< [apiv2][body] GET https://firebase.googleapis.com/v1beta1/projects/hours-tracker-505617 {"projectId":"hours-tracker-505617","projectNumber":"1053801277711","displayName":"Hours Tracker","name":"projects/hours-tracker-505617","resources":{"hostingSite":"hours-tracker-505617"},"state":"ACTIVE","labels":{"firebase":"enabled"},"etag":"1_9b67e5f4-0d64-458f-acc0-b5264089e54e"}
[info] 
[info] === Deploying to 'hours-tracker-505617'...
[info] 
[info] i  deploying hosting 
[debug] [2026-08-22T01:45:27.212Z] Checked if tokens are valid: true, expires at: 1787365546050
[debug] [2026-08-22T01:45:27.212Z] Checked if tokens are valid: true, expires at: 1787365546050
[debug] [2026-08-22T01:45:27.213Z] >>> [apiv2][query] GET https://firebasehosting.googleapis.com/v1beta1/projects/hours-tracker-505617/sites/hours-tracker-505617 [none]
[debug] [2026-08-22T01:45:27.766Z] <<< [apiv2][status] GET https://firebasehosting.googleapis.com/v1beta1/projects/hours-tracker-505617/sites/hours-tracker-505617 200
[debug] [2026-08-22T01:45:27.767Z] <<< [apiv2][body] GET https://firebasehosting.googleapis.com/v1beta1/projects/hours-tracker-505617/sites/hours-tracker-505617 {"name":"projects/hours-tracker-505617/sites/hours-tracker-505617","defaultUrl":"https://hours-tracker-505617.web.app","appId":"1:1053801277711:web:4ef9a62303536bf2bc367a","type":"DEFAULT_SITE"}
[debug] [2026-08-22T01:45:27.768Z] Checked if tokens are valid: true, expires at: 1787365546050
[debug] [2026-08-22T01:45:27.768Z] Checked if tokens are valid: true, expires at: 1787365546050
[debug] [2026-08-22T01:45:27.769Z] >>> [apiv2][query] POST https://firebasehosting.googleapis.com/v1beta1/projects/-/sites/hours-tracker-505617/versions [none]
[debug] [2026-08-22T01:45:27.769Z] >>> [apiv2][body] POST https://firebasehosting.googleapis.com/v1beta1/projects/-/sites/hours-tracker-505617/versions {"status":"CREATED","labels":{"deployment-tool":"cli-firebase"}}
[debug] [2026-08-22T01:45:28.382Z] <<< [apiv2][status] POST https://firebasehosting.googleapis.com/v1beta1/projects/-/sites/hours-tracker-505617/versions 200
[debug] [2026-08-22T01:45:28.383Z] <<< [apiv2][body] POST https://firebasehosting.googleapis.com/v1beta1/projects/-/sites/hours-tracker-505617/versions {"name":"projects/1053801277711/sites/hours-tracker-505617/versions/1c6c13f5fcd15c02","status":"CREATED","config":{},"labels":{"deployment-tool":"cli-firebase"}}
[info] i  hosting[hours-tracker-505617]: beginning deploy... 
[info] i  hosting[hours-tracker-505617]: found 7 files in firebase-dist 
[debug] [2026-08-22T01:45:28.399Z] [hosting] uploading with 200 concurrency
[debug] [2026-08-22T01:45:28.443Z] Checked if tokens are valid: true, expires at: 1787365546050
[debug] [2026-08-22T01:45:28.443Z] Checked if tokens are valid: true, expires at: 1787365546050
[debug] [2026-08-22T01:45:28.443Z] [hosting] hash cache [ZmlyZWJhc2UtZGlzdA] stored for 7 files
[debug] [2026-08-22T01:45:28.444Z] [hosting][hash queue][FINAL] {"max":42,"min":0,"avg":6.428571428571429,"active":0,"complete":7,"success":7,"errored":0,"retried":0,"total":7,"elapsed":44}
[debug] [2026-08-22T01:45:28.444Z] >>> [apiv2][query] POST https://firebasehosting.googleapis.com/v1beta1/projects/1053801277711/sites/hours-tracker-505617/versions/1c6c13f5fcd15c02:populateFiles [none]
[debug] [2026-08-22T01:45:28.444Z] >>> [apiv2][body] POST https://firebasehosting.googleapis.com/v1beta1/projects/1053801277711/sites/hours-tracker-505617/versions/1c6c13f5fcd15c02:populateFiles {"files":{"/window.svg":"32ea868a4067b3f236353dc7f0851952d02ecb0515826d1dd2590e61159b146a","/globe.svg":"a89af50fbe7023054a59f733eab7cc4c89605387c9decd9701536e081f5b607f","/file.svg":"0d4c6b6999e2d6106f033135f4b32598029367bd331608c34c4e4a072ea0b469","/favicon.svg":"f0fc09166d474aacd631f1d6cd9560d37843a8a233ad37eac785909c18823406","/assets/index-B3A5AJiX.css":"aa53c2bf0e2618ee1f6f37131370570c934ab100e8741b524121b87f16418d4d","/index.html":"023536e03fa8b7f58cb200a2d148cfac65d88a2dc1aa4e472ff1a5ed45997571","/assets/index-tT16tZ1S.js":"cb2cb289782211778b6f8ca34f0659bdb69a24bc61a7dd1786dfc6067777e3ce"}}
[debug] [2026-08-22T01:45:28.885Z] <<< [apiv2][status] POST https://firebasehosting.googleapis.com/v1beta1/projects/1053801277711/sites/hours-tracker-505617/versions/1c6c13f5fcd15c02:populateFiles 200
[debug] [2026-08-22T01:45:28.886Z] <<< [apiv2][body] POST https://firebasehosting.googleapis.com/v1beta1/projects/1053801277711/sites/hours-tracker-505617/versions/1c6c13f5fcd15c02:populateFiles {"uploadRequiredHashes":["cb2cb289782211778b6f8ca34f0659bdb69a24bc61a7dd1786dfc6067777e3ce","023536e03fa8b7f58cb200a2d148cfac65d88a2dc1aa4e472ff1a5ed45997571"],"uploadUrl":"https://upload-firebasehosting.googleapis.com/upload/sites/hours-tracker-505617/versions/1c6c13f5fcd15c02/files"}
[debug] [2026-08-22T01:45:28.886Z] Checked if tokens are valid: true, expires at: 1787365546050
[debug] [2026-08-22T01:45:28.886Z] Checked if tokens are valid: true, expires at: 1787365546050
[debug] [2026-08-22T01:45:28.887Z] Checked if tokens are valid: true, expires at: 1787365546050
[debug] [2026-08-22T01:45:28.887Z] Checked if tokens are valid: true, expires at: 1787365546050
[debug] [2026-08-22T01:45:28.887Z] >>> [apiv2][query] POST https://upload-firebasehosting.googleapis.com/upload/sites/hours-tracker-505617/versions/1c6c13f5fcd15c02/files/cb2cb289782211778b6f8ca34f0659bdb69a24bc61a7dd1786dfc6067777e3ce [none]
[debug] [2026-08-22T01:45:28.887Z] >>> [apiv2][body] POST https://upload-firebasehosting.googleapis.com/upload/sites/hours-tracker-505617/versions/1c6c13f5fcd15c02/files/cb2cb289782211778b6f8ca34f0659bdb69a24bc61a7dd1786dfc6067777e3ce [stream]
[debug] [2026-08-22T01:45:28.888Z] >>> [apiv2][query] POST https://upload-firebasehosting.googleapis.com/upload/sites/hours-tracker-505617/versions/1c6c13f5fcd15c02/files/023536e03fa8b7f58cb200a2d148cfac65d88a2dc1aa4e472ff1a5ed45997571 [none]
[debug] [2026-08-22T01:45:28.888Z] >>> [apiv2][body] POST https://upload-firebasehosting.googleapis.com/upload/sites/hours-tracker-505617/versions/1c6c13f5fcd15c02/files/023536e03fa8b7f58cb200a2d148cfac65d88a2dc1aa4e472ff1a5ed45997571 [stream]
[debug] [2026-08-22T01:45:28.890Z] [hosting][populate queue][FINAL] {"max":444,"min":444,"avg":444,"active":0,"complete":1,"success":1,"errored":0,"retried":0,"total":1,"elapsed":447}
[debug] [2026-08-22T01:45:28.890Z] [hosting] uploads queued: 2
[debug] [2026-08-22T01:45:29.982Z] <<< [apiv2][status] POST https://upload-firebasehosting.googleapis.com/upload/sites/hours-tracker-505617/versions/1c6c13f5fcd15c02/files/023536e03fa8b7f58cb200a2d148cfac65d88a2dc1aa4e472ff1a5ed45997571 200
[debug] [2026-08-22T01:45:29.982Z] <<< [apiv2][body] POST https://upload-firebasehosting.googleapis.com/upload/sites/hours-tracker-505617/versions/1c6c13f5fcd15c02/files/023536e03fa8b7f58cb200a2d148cfac65d88a2dc1aa4e472ff1a5ed45997571 [stream]
[debug] [2026-08-22T01:45:29.983Z] <<< [apiv2][status] POST https://upload-firebasehosting.googleapis.com/upload/sites/hours-tracker-505617/versions/1c6c13f5fcd15c02/files/cb2cb289782211778b6f8ca34f0659bdb69a24bc61a7dd1786dfc6067777e3ce 200
[debug] [2026-08-22T01:45:29.983Z] <<< [apiv2][body] POST https://upload-firebasehosting.googleapis.com/upload/sites/hours-tracker-505617/versions/1c6c13f5fcd15c02/files/cb2cb289782211778b6f8ca34f0659bdb69a24bc61a7dd1786dfc6067777e3ce [stream]
[debug] [2026-08-22T01:45:29.984Z] [hosting][upload queue][FINAL] {"max":1098,"min":1096,"avg":1097,"active":0,"complete":2,"success":2,"errored":0,"retried":0,"total":2,"elapsed":1098}
[info] i  hosting: upload complete 
[info] ✔  hosting[hours-tracker-505617]: file upload complete 
[debug] [2026-08-22T01:45:29.985Z] [hosting] deploy completed after 1599ms
[debug] [2026-08-22T01:45:29.985Z] [
  {
    "config": {
      "public": "firebase-dist",
      "ignore": [
        "firebase.json",
        "**/.*",
        "**/node_modules/**"
      ],
      "headers": [
        {
          "source": "/",
          "headers": [
            {
              "key": "Cache-Control",
              "value": "no-cache, no-store, must-revalidate"
            }
          ]
        },
        {
          "source": "**/*.html",
          "headers": [
            {
              "key": "Cache-Control",
              "value": "no-cache, no-store, must-revalidate"
            }
          ]
        },
        {
          "source": "assets/**",
          "headers": [
            {
              "key": "Cache-Control",
              "value": "no-cache, must-revalidate"
            }
          ]
        }
      ],
      "rewrites": [
        {
          "source": "**",
          "destination": "/index.html"
        }
      ],
      "site": "hours-tracker-505617"
    },
    "version": "projects/1053801277711/sites/hours-tracker-505617/versions/1c6c13f5fcd15c02"
  }
]
[info] i  hosting[hours-tracker-505617]: finalizing version... 
[debug] [2026-08-22T01:45:29.988Z] Checked if tokens are valid: true, expires at: 1787365546050
[debug] [2026-08-22T01:45:29.988Z] Checked if tokens are valid: true, expires at: 1787365546050
[debug] [2026-08-22T01:45:29.988Z] >>> [apiv2][query] PATCH https://firebasehosting.googleapis.com/v1beta1/projects/-/sites/hours-tracker-505617/versions/1c6c13f5fcd15c02 updateMask=status%2Cconfig
[debug] [2026-08-22T01:45:29.988Z] >>> [apiv2][body] PATCH https://firebasehosting.googleapis.com/v1beta1/projects/-/sites/hours-tracker-505617/versions/1c6c13f5fcd15c02 {"status":"FINALIZED","config":{"rewrites":[{"glob":"**","path":"/index.html"}],"headers":[{"glob":"/","headers":{"Cache-Control":"no-cache, no-store, must-revalidate"}},{"glob":"**/*.html","headers":{"Cache-Control":"no-cache, no-store, must-revalidate"}},{"glob":"assets/**","headers":{"Cache-Control":"no-cache, must-revalidate"}}]}}
[debug] [2026-08-22T01:45:30.428Z] <<< [apiv2][status] PATCH https://firebasehosting.googleapis.com/v1beta1/projects/-/sites/hours-tracker-505617/versions/1c6c13f5fcd15c02 200
[debug] [2026-08-22T01:45:30.428Z] <<< [apiv2][body] PATCH https://firebasehosting.googleapis.com/v1beta1/projects/-/sites/hours-tracker-505617/versions/1c6c13f5fcd15c02 {"name":"projects/1053801277711/sites/hours-tracker-505617/versions/1c6c13f5fcd15c02","status":"FINALIZED","config":{"headers":[{"headers":{"Cache-Control":"no-cache, no-store, must-revalidate"},"glob":"/"},{"headers":{"Cache-Control":"no-cache, no-store, must-revalidate"},"glob":"**/*.html"},{"headers":{"Cache-Control":"no-cache, must-revalidate"},"glob":"assets/**"}],"rewrites":[{"glob":"**","path":"/index.html"}]},"labels":{"deployment-tool":"cli-firebase"},"createTime":"2026-08-22T01:45:27.946586Z","createUser":{"email":"sandiepietz@gmail.com"},"finalizeTime":"2026-08-22T01:45:30.300664Z","finalizeUser":{"email":"sandiepietz@gmail.com"}}
[debug] [2026-08-22T01:45:30.428Z] [hosting] finalized version for hours-tracker-505617:[object Object]
[info] ✔  hosting[hours-tracker-505617]: version finalized 
[info] i  hosting[hours-tracker-505617]: releasing new version... 
[debug] [2026-08-22T01:45:30.429Z] Checked if tokens are valid: true, expires at: 1787365546050
[debug] [2026-08-22T01:45:30.429Z] Checked if tokens are valid: true, expires at: 1787365546050
[debug] [2026-08-22T01:45:30.430Z] >>> [apiv2][query] POST https://firebasehosting.googleapis.com/v1beta1/projects/-/sites/hours-tracker-505617/channels/live/releases versionName=projects%2F1053801277711%2Fsites%2Fhours-tracker-505617%2Fversions%2F1c6c13f5fcd15c02
[debug] [2026-08-22T01:45:30.430Z] >>> [apiv2][body] POST https://firebasehosting.googleapis.com/v1beta1/projects/-/sites/hours-tracker-505617/channels/live/releases {}
[debug] [2026-08-22T01:45:30.774Z] <<< [apiv2][status] POST https://firebasehosting.googleapis.com/v1beta1/projects/-/sites/hours-tracker-505617/channels/live/releases 200
[debug] [2026-08-22T01:48:06.606Z] ----------------------------------------------------------------------
[debug] [2026-08-22T01:48:06.607Z] Command:       /usr/local/bin/node /usr/local/bin/firebase deploy --only hosting,functions
[debug] [2026-08-22T01:48:06.607Z] CLI Version:   15.28.1
[debug] [2026-08-22T01:48:06.607Z] Platform:      darwin
[debug] [2026-08-22T01:48:06.607Z] Node Version:  v24.19.0
[debug] [2026-08-22T01:48:06.607Z] Detected Agent: codex_cli
[debug] [2026-08-22T01:48:06.608Z] Time:          Fri Aug 21 2026 18:48:06 GMT-0700 (Mountain Standard Time)
[debug] [2026-08-22T01:48:06.608Z] ----------------------------------------------------------------------
[debug] 
[debug] [2026-08-22T01:48:06.842Z] > command requires scopes: ["email","openid","https://www.googleapis.com/auth/cloudplatformprojects.readonly","https://www.googleapis.com/auth/firebase","https://www.googleapis.com/auth/cloud-platform"]
[debug] [2026-08-22T01:48:06.842Z] > authorizing via signed-in user (sandiepietz@gmail.com)
[debug] [2026-08-22T01:48:06.842Z] [iam] checking project hours-tracker-505617 for permissions ["cloudfunctions.functions.create","cloudfunctions.functions.delete","cloudfunctions.functions.get","cloudfunctions.functions.list","cloudfunctions.functions.update","cloudfunctions.operations.get","firebase.projects.get","firebasehosting.sites.update"]
[debug] [2026-08-22T01:48:06.847Z] Checked if tokens are valid: true, expires at: 1787365546050
[debug] [2026-08-22T01:48:06.847Z] Checked if tokens are valid: true, expires at: 1787365546050
[debug] [2026-08-22T01:48:06.847Z] >>> [apiv2][query] POST https://cloudresourcemanager.googleapis.com/v1/projects/hours-tracker-505617:testIamPermissions [none]
[debug] [2026-08-22T01:48:06.847Z] >>> [apiv2][(partial)header] POST https://cloudresourcemanager.googleapis.com/v1/projects/hours-tracker-505617:testIamPermissions  x-goog-user-project=hours-tracker-505617
[debug] [2026-08-22T01:48:06.847Z] >>> [apiv2][body] POST https://cloudresourcemanager.googleapis.com/v1/projects/hours-tracker-505617:testIamPermissions {"permissions":["cloudfunctions.functions.create","cloudfunctions.functions.delete","cloudfunctions.functions.get","cloudfunctions.functions.list","cloudfunctions.functions.update","cloudfunctions.operations.get","firebase.projects.get","firebasehosting.sites.update"]}
[debug] [2026-08-22T01:48:07.319Z] <<< [apiv2][status] POST https://cloudresourcemanager.googleapis.com/v1/projects/hours-tracker-505617:testIamPermissions 200
[debug] [2026-08-22T01:48:07.320Z] <<< [apiv2][body] POST https://cloudresourcemanager.googleapis.com/v1/projects/hours-tracker-505617:testIamPermissions {"permissions":["cloudfunctions.functions.create","cloudfunctions.functions.delete","cloudfunctions.functions.get","cloudfunctions.functions.list","cloudfunctions.functions.update","cloudfunctions.operations.get","firebase.projects.get","firebasehosting.sites.update"]}
[debug] [2026-08-22T01:48:07.320Z] Checked if tokens are valid: true, expires at: 1787365546050
[debug] [2026-08-22T01:48:07.320Z] Checked if tokens are valid: true, expires at: 1787365546050
[debug] [2026-08-22T01:48:07.321Z] >>> [apiv2][query] POST https://iam.googleapis.com/v1/projects/hours-tracker-505617/serviceAccounts/hours-tracker-505617@appspot.gserviceaccount.com:testIamPermissions [none]
[debug] [2026-08-22T01:48:07.321Z] >>> [apiv2][body] POST https://iam.googleapis.com/v1/projects/hours-tracker-505617/serviceAccounts/hours-tracker-505617@appspot.gserviceaccount.com:testIamPermissions {"permissions":["iam.serviceAccounts.actAs"]}
[debug] [2026-08-22T01:48:08.025Z] <<< [apiv2][status] POST https://iam.googleapis.com/v1/projects/hours-tracker-505617/serviceAccounts/hours-tracker-505617@appspot.gserviceaccount.com:testIamPermissions 200
[debug] [2026-08-22T01:48:08.025Z] <<< [apiv2][body] POST https://iam.googleapis.com/v1/projects/hours-tracker-505617/serviceAccounts/hours-tracker-505617@appspot.gserviceaccount.com:testIamPermissions {"permissions":["iam.serviceAccounts.actAs"]}
[debug] [2026-08-22T01:48:08.025Z] Checked if tokens are valid: true, expires at: 1787365546050
[debug] [2026-08-22T01:48:08.025Z] Checked if tokens are valid: true, expires at: 1787365546050
[debug] [2026-08-22T01:48:08.026Z] >>> [apiv2][query] GET https://firebase.googleapis.com/v1beta1/projects/hours-tracker-505617 [none]
[debug] [2026-08-22T01:48:08.308Z] <<< [apiv2][status] GET https://firebase.googleapis.com/v1beta1/projects/hours-tracker-505617 200
[debug] [2026-08-22T01:48:08.308Z] <<< [apiv2][body] GET https://firebase.googleapis.com/v1beta1/projects/hours-tracker-505617 {"projectId":"hours-tracker-505617","projectNumber":"1053801277711","displayName":"Hours Tracker","name":"projects/hours-tracker-505617","resources":{"hostingSite":"hours-tracker-505617"},"state":"ACTIVE","labels":{"firebase":"enabled"},"etag":"1_9b67e5f4-0d64-458f-acc0-b5264089e54e"}
[info] 
[info] === Deploying to 'hours-tracker-505617'...
[info] 
[info] i  deploying functions, hosting 
[debug] [2026-08-22T01:48:08.313Z] Checked if tokens are valid: true, expires at: 1787365546050
[debug] [2026-08-22T01:48:08.313Z] Checked if tokens are valid: true, expires at: 1787365546050
[debug] [2026-08-22T01:48:08.313Z] >>> [apiv2][query] GET https://cloudresourcemanager.googleapis.com/v1/projects/hours-tracker-505617 [none]
[debug] [2026-08-22T01:48:08.408Z] <<< [apiv2][status] GET https://cloudresourcemanager.googleapis.com/v1/projects/hours-tracker-505617 200
[debug] [2026-08-22T01:48:08.408Z] <<< [apiv2][body] GET https://cloudresourcemanager.googleapis.com/v1/projects/hours-tracker-505617 {"projectNumber":"1053801277711","projectId":"hours-tracker-505617","lifecycleState":"ACTIVE","name":"Hours Tracker","labels":{"firebase":"enabled","firebase-core":"disabled"},"createTime":"2026-08-15T17:44:03.311Z"}
[info] i  functions: preparing codebase default for deployment 
[info] i  functions: ensuring required API cloudfunctions.googleapis.com is enabled... 
[debug] [2026-08-22T01:48:08.410Z] Checked if tokens are valid: true, expires at: 1787365546050
[debug] [2026-08-22T01:48:08.410Z] Checked if tokens are valid: true, expires at: 1787365546050
[debug] [2026-08-22T01:48:08.411Z] Checked if tokens are valid: true, expires at: 1787365546050
[debug] [2026-08-22T01:48:08.411Z] Checked if tokens are valid: true, expires at: 1787365546050
[info] i  functions: ensuring required API cloudbuild.googleapis.com is enabled... 
[debug] [2026-08-22T01:48:08.412Z] Checked if tokens are valid: true, expires at: 1787365546050
[debug] [2026-08-22T01:48:08.412Z] Checked if tokens are valid: true, expires at: 1787365546050
[info] i  artifactregistry: ensuring required API artifactregistry.googleapis.com is enabled... 
[debug] [2026-08-22T01:48:08.413Z] Checked if tokens are valid: true, expires at: 1787365546050
[debug] [2026-08-22T01:48:08.413Z] Checked if tokens are valid: true, expires at: 1787365546050
[debug] [2026-08-22T01:48:08.413Z] >>> [apiv2][query] GET https://serviceusage.googleapis.com/v1/projects/hours-tracker-505617/services/cloudfunctions.googleapis.com [none]
[debug] [2026-08-22T01:48:08.413Z] >>> [apiv2][(partial)header] GET https://serviceusage.googleapis.com/v1/projects/hours-tracker-505617/services/cloudfunctions.googleapis.com  x-goog-user-project=hours-tracker-505617
[debug] [2026-08-22T01:48:08.415Z] >>> [apiv2][query] GET https://serviceusage.googleapis.com/v1/projects/hours-tracker-505617/services/runtimeconfig.googleapis.com [none]
[debug] [2026-08-22T01:48:08.415Z] >>> [apiv2][(partial)header] GET https://serviceusage.googleapis.com/v1/projects/hours-tracker-505617/services/runtimeconfig.googleapis.com  x-goog-user-project=hours-tracker-505617
[debug] [2026-08-22T01:48:08.416Z] >>> [apiv2][query] GET https://serviceusage.googleapis.com/v1/projects/hours-tracker-505617/services/cloudbuild.googleapis.com [none]
[debug] [2026-08-22T01:48:08.416Z] >>> [apiv2][(partial)header] GET https://serviceusage.googleapis.com/v1/projects/hours-tracker-505617/services/cloudbuild.googleapis.com  x-goog-user-project=hours-tracker-505617
[debug] [2026-08-22T01:48:08.417Z] >>> [apiv2][query] GET https://serviceusage.googleapis.com/v1/projects/hours-tracker-505617/services/artifactregistry.googleapis.com [none]
[debug] [2026-08-22T01:48:08.418Z] >>> [apiv2][(partial)header] GET https://serviceusage.googleapis.com/v1/projects/hours-tracker-505617/services/artifactregistry.googleapis.com  x-goog-user-project=hours-tracker-505617
[debug] [2026-08-22T01:48:09.054Z] <<< [apiv2][status] GET https://serviceusage.googleapis.com/v1/projects/hours-tracker-505617/services/runtimeconfig.googleapis.com 200
[debug] [2026-08-22T01:48:09.054Z] <<< [apiv2][body] GET https://serviceusage.googleapis.com/v1/projects/hours-tracker-505617/services/runtimeconfig.googleapis.com [omitted]
[debug] [2026-08-22T01:48:09.063Z] <<< [apiv2][status] GET https://serviceusage.googleapis.com/v1/projects/hours-tracker-505617/services/cloudbuild.googleapis.com 200
[debug] [2026-08-22T01:48:09.064Z] <<< [apiv2][body] GET https://serviceusage.googleapis.com/v1/projects/hours-tracker-505617/services/cloudbuild.googleapis.com [omitted]
[info] ✔  functions: required API cloudbuild.googleapis.com is enabled 
[debug] [2026-08-22T01:48:09.072Z] <<< [apiv2][status] GET https://serviceusage.googleapis.com/v1/projects/hours-tracker-505617/services/cloudfunctions.googleapis.com 200
[debug] [2026-08-22T01:48:09.072Z] <<< [apiv2][body] GET https://serviceusage.googleapis.com/v1/projects/hours-tracker-505617/services/cloudfunctions.googleapis.com [omitted]
[info] ✔  functions: required API cloudfunctions.googleapis.com is enabled 
[debug] [2026-08-22T01:48:09.079Z] <<< [apiv2][status] GET https://serviceusage.googleapis.com/v1/projects/hours-tracker-505617/services/artifactregistry.googleapis.com 200
[debug] [2026-08-22T01:48:09.079Z] <<< [apiv2][body] GET https://serviceusage.googleapis.com/v1/projects/hours-tracker-505617/services/artifactregistry.googleapis.com [omitted]
[info] ✔  artifactregistry: required API artifactregistry.googleapis.com is enabled 
[debug] [2026-08-22T01:48:09.084Z] Checked if tokens are valid: true, expires at: 1787365546050
[debug] [2026-08-22T01:48:09.085Z] Checked if tokens are valid: true, expires at: 1787365546050
[debug] [2026-08-22T01:48:09.085Z] >>> [apiv2][query] GET https://firebase.googleapis.com/v1beta1/projects/hours-tracker-505617/adminSdkConfig [none]
[debug] [2026-08-22T01:48:09.237Z] <<< [apiv2][status] GET https://firebase.googleapis.com/v1beta1/projects/hours-tracker-505617/adminSdkConfig 200
[debug] [2026-08-22T01:48:09.237Z] <<< [apiv2][body] GET https://firebase.googleapis.com/v1beta1/projects/hours-tracker-505617/adminSdkConfig {"projectId":"hours-tracker-505617","storageBucket":"hours-tracker-505617.firebasestorage.app"}
[debug] [2026-08-22T01:48:09.238Z] Checked if tokens are valid: true, expires at: 1787365546050
[debug] [2026-08-22T01:48:09.238Z] Checked if tokens are valid: true, expires at: 1787365546050
[debug] [2026-08-22T01:48:09.238Z] >>> [apiv2][query] GET https://runtimeconfig.googleapis.com/v1beta1/projects/hours-tracker-505617/configs [none]
[debug] [2026-08-22T01:48:09.574Z] <<< [apiv2][status] GET https://runtimeconfig.googleapis.com/v1beta1/projects/hours-tracker-505617/configs 200
[debug] [2026-08-22T01:48:09.575Z] <<< [apiv2][body] GET https://runtimeconfig.googleapis.com/v1beta1/projects/hours-tracker-505617/configs {}
[debug] [2026-08-22T01:48:09.580Z] Validating nodejs source
[debug] [2026-08-22T01:48:10.312Z] > [functions] package.json contents: {
  "name": "fadap-hours-functions",
  "private": true,
  "type": "module",
  "engines": {
    "node": "22"
  },
  "main": "index.js",
  "dependencies": {
    "firebase-functions": "7.3.2",
    "googleapis": "175.0.0"
  }
}
[debug] [2026-08-22T01:48:10.312Z] Building nodejs source
[info] i  functions: Loaded environment variables from functions/.env 
[info] i  functions: Loading and analyzing source code for codebase default to determine what to deploy 
[debug] [2026-08-22T01:48:10.315Z] Could not find functions.yaml. Must use http discovery
[debug] [2026-08-22T01:48:10.322Z] Found firebase-functions binary at '/Users/sandiepietz/Documents/fadap-tracker/firebase/functions/node_modules/.bin/firebase-functions'
[info] Serving at port 8154

[debug] [2026-08-22T01:48:11.130Z] Got response from /__/functions.yaml {"endpoints":{"deleteEntryFromGoogleSheets":{"availableMemoryMb":256,"timeoutSeconds":60,"minInstances":null,"maxInstances":null,"ingressSettings":null,"concurrency":null,"serviceAccountEmail":null,"vpc":null,"platform":"gcfv2","region":["us-central1"],"labels":{},"eventTrigger":{"eventType":"google.cloud.firestore.document.v1.deleted","eventFilters":{"database":"(default)","namespace":"(default)"},"eventFilterPathPatterns":{"document":"users/{userId}/entries/{entryId}"},"retry":false},"entryPoint":"deleteEntryFromGoogleSheets"},"syncEntryToGoogleSheets":{"availableMemoryMb":256,"timeoutSeconds":60,"minInstances":null,"maxInstances":null,"ingressSettings":null,"concurrency":null,"serviceAccountEmail":null,"vpc":null,"platform":"gcfv2","region":["us-central1"],"labels":{},"eventTrigger":{"eventType":"google.cloud.firestore.document.v1.created","eventFilters":{"database":"(default)","namespace":"(default)"},"eventFilterPathPatterns":{"document":"users/{userId}/entries/{entryId}"},"retry":false},"entryPoint":"syncEntryToGoogleSheets"}},"specVersion":"v1alpha1","requiredAPIs":[],"extensions":{}}
[debug] [2026-08-22T01:48:14.163Z] Checked if tokens are valid: true, expires at: 1787365546050
[debug] [2026-08-22T01:48:14.163Z] Checked if tokens are valid: true, expires at: 1787365546050
[debug] [2026-08-22T01:48:14.164Z] >>> [apiv2][query] GET https://cloudfunctions.googleapis.com/v1/projects/hours-tracker-505617/locations/-/functions [none]
[debug] [2026-08-22T01:48:14.825Z] <<< [apiv2][status] GET https://cloudfunctions.googleapis.com/v1/projects/hours-tracker-505617/locations/-/functions 200
[debug] [2026-08-22T01:48:14.825Z] <<< [apiv2][body] GET https://cloudfunctions.googleapis.com/v1/projects/hours-tracker-505617/locations/-/functions {}
[debug] [2026-08-22T01:48:14.825Z] Checked if tokens are valid: true, expires at: 1787365546050
[debug] [2026-08-22T01:48:14.826Z] Checked if tokens are valid: true, expires at: 1787365546050
[debug] [2026-08-22T01:48:14.826Z] >>> [apiv2][query] GET https://cloudfunctions.googleapis.com/v2/projects/hours-tracker-505617/locations/-/functions filter=environment%3D%22GEN_2%22
[debug] [2026-08-22T01:48:15.398Z] <<< [apiv2][status] GET https://cloudfunctions.googleapis.com/v2/projects/hours-tracker-505617/locations/-/functions 200
[debug] [2026-08-22T01:48:15.398Z] <<< [apiv2][body] GET https://cloudfunctions.googleapis.com/v2/projects/hours-tracker-505617/locations/-/functions {"functions":[{"name":"projects/hours-tracker-505617/locations/us-central1/functions/syncEntryToGoogleSheets","buildConfig":{"build":"projects/1053801277711/locations/us-central1/builds/cefdeb2c-69de-4946-ab81-4dc5d74a48cf","runtime":"nodejs22","entryPoint":"syncEntryToGoogleSheets","source":{"storageSource":{"bucket":"gcf-v2-sources-1053801277711-us-central1","object":"syncEntryToGoogleSheets/function-source.zip","generation":"1787055093363757"}},"environmentVariables":{"GOOGLE_NODE_RUN_SCRIPTS":""},"dockerRepository":"projects/hours-tracker-505617/locations/us-central1/repositories/gcf-artifacts","sourceProvenance":{"resolvedStorageSource":{"bucket":"gcf-v2-sources-1053801277711-us-central1","object":"syncEntryToGoogleSheets/function-source.zip","generation":"1787055093363757"}},"dockerRegistry":"ARTIFACT_REGISTRY","serviceAccount":"projects/hours-tracker-505617/serviceAccounts/1053801277711-compute@developer.gserviceaccount.com","automaticUpdatePolicy":{}},"serviceConfig":{"service":"projects/hours-tracker-505617/locations/us-central1/services/syncentrytogooglesheets","timeoutSeconds":60,"environmentVariables":{"GOOGLE_SHEET_ID":"1lCqSLt9Euep6TFEHGuqHFkbxWdgsuxoSBeMVa4yYxmE","FIREBASE_CONFIG":"{\"projectId\":\"hours-tracker-505617\",\"storageBucket\":\"hours-tracker-505617.firebasestorage.app\"}","GCLOUD_PROJECT":"hours-tracker-505617","EVENTARC_CLOUD_EVENT_SOURCE":"projects/hours-tracker-505617/locations/us-central1/services/syncEntryToGoogleSheets","FUNCTION_REGION":"us-central1","FUNCTION_SIGNATURE_TYPE":"cloudevent","FUNCTION_TARGET":"syncEntryToGoogleSheets","LOG_EXECUTION_ID":"true"},"maxInstanceCount":20,"ingressSettings":"ALLOW_ALL","uri":"https://syncentrytogooglesheets-tpag7r5hda-uc.a.run.app","serviceAccountEmail":"1053801277711-compute@developer.gserviceaccount.com","availableMemory":"256Mi","allTrafficOnLatestRevision":true,"revision":"syncentrytogooglesheets-00004-ful","maxInstanceRequestConcurrency":80,"availableCpu":"1"},"eventTrigger":{"trigger":"projects/hours-tracker-505617/locations/nam5/triggers/syncentrytogooglesheets-783751","triggerRegion":"nam5","eventType":"google.cloud.firestore.document.v1.created","eventFilters":[{"attribute":"database","value":"(default)"},{"attribute":"namespace","value":"(default)"},{"attribute":"document","value":"users/{userId}/entries/{entryId}","operator":"match-path-pattern"}],"pubsubTopic":"projects/hours-tracker-505617/topics/eventarc-nam5-syncentrytogooglesheets-783751-767","serviceAccountEmail":"1053801277711-compute@developer.gserviceaccount.com","retryPolicy":"RETRY_POLICY_DO_NOT_RETRY"},"state":"ACTIVE","updateTime":"2026-08-18T12:12:37.067712197Z","labels":{"deployment-tool":"cli-firebase","firebase-functions-hash":"130e6632f3102c00c65c372f275a6cb5c9efae50"},"environment":"GEN_2","url":"https://us-central1-hours-tracker-505617.cloudfunctions.net/syncEntryToGoogleSheets","createTime":"2026-08-18T01:57:26.066958576Z","satisfiesPzi":true}]}
[info] i  extensions: ensuring required API firebaseextensions.googleapis.com is enabled... 
[debug] [2026-08-22T01:48:15.401Z] Checked if tokens are valid: true, expires at: 1787365546050
[debug] [2026-08-22T01:48:15.401Z] Checked if tokens are valid: true, expires at: 1787365546050
[debug] [2026-08-22T01:48:15.401Z] >>> [apiv2][query] GET https://serviceusage.googleapis.com/v1/projects/hours-tracker-505617/services/firebaseextensions.googleapis.com [none]
[debug] [2026-08-22T01:48:15.401Z] >>> [apiv2][(partial)header] GET https://serviceusage.googleapis.com/v1/projects/hours-tracker-505617/services/firebaseextensions.googleapis.com  x-goog-user-project=hours-tracker-505617
[debug] [2026-08-22T01:48:15.876Z] <<< [apiv2][status] GET https://serviceusage.googleapis.com/v1/projects/hours-tracker-505617/services/firebaseextensions.googleapis.com 200
[debug] [2026-08-22T01:48:15.876Z] <<< [apiv2][body] GET https://serviceusage.googleapis.com/v1/projects/hours-tracker-505617/services/firebaseextensions.googleapis.com [omitted]
[info] ✔  extensions: required API firebaseextensions.googleapis.com is enabled 
[debug] [2026-08-22T01:48:15.884Z] > command requires scopes: ["email","openid","https://www.googleapis.com/auth/cloudplatformprojects.readonly","https://www.googleapis.com/auth/firebase","https://www.googleapis.com/auth/cloud-platform"]
[debug] [2026-08-22T01:48:15.884Z] > authorizing via signed-in user (sandiepietz@gmail.com)
[debug] [2026-08-22T01:48:15.884Z] [iam] checking project hours-tracker-505617 for permissions ["firebase.projects.get","firebaseextensions.instances.list"]
[debug] [2026-08-22T01:48:15.885Z] Checked if tokens are valid: true, expires at: 1787365546050
[debug] [2026-08-22T01:48:15.885Z] Checked if tokens are valid: true, expires at: 1787365546050
[debug] [2026-08-22T01:48:15.885Z] >>> [apiv2][query] POST https://cloudresourcemanager.googleapis.com/v1/projects/hours-tracker-505617:testIamPermissions [none]
[debug] [2026-08-22T01:48:15.885Z] >>> [apiv2][(partial)header] POST https://cloudresourcemanager.googleapis.com/v1/projects/hours-tracker-505617:testIamPermissions  x-goog-user-project=hours-tracker-505617
[debug] [2026-08-22T01:48:15.885Z] >>> [apiv2][body] POST https://cloudresourcemanager.googleapis.com/v1/projects/hours-tracker-505617:testIamPermissions {"permissions":["firebase.projects.get","firebaseextensions.instances.list"]}
[debug] [2026-08-22T01:48:16.227Z] <<< [apiv2][status] POST https://cloudresourcemanager.googleapis.com/v1/projects/hours-tracker-505617:testIamPermissions 200
[debug] [2026-08-22T01:48:16.227Z] <<< [apiv2][body] POST https://cloudresourcemanager.googleapis.com/v1/projects/hours-tracker-505617:testIamPermissions {"permissions":["firebase.projects.get","firebaseextensions.instances.list"]}
[debug] [2026-08-22T01:48:16.228Z] Checked if tokens are valid: true, expires at: 1787365546050
[debug] [2026-08-22T01:48:16.228Z] Checked if tokens are valid: true, expires at: 1787365546050
[debug] [2026-08-22T01:48:16.228Z] >>> [apiv2][query] GET https://firebaseextensions.googleapis.com/v1beta/projects/hours-tracker-505617/instances pageSize=100&pageToken=
[debug] [2026-08-22T01:48:16.934Z] <<< [apiv2][status] GET https://firebaseextensions.googleapis.com/v1beta/projects/hours-tracker-505617/instances 200
[debug] [2026-08-22T01:48:16.934Z] <<< [apiv2][body] GET https://firebaseextensions.googleapis.com/v1beta/projects/hours-tracker-505617/instances {}
[info] i  functions: Loaded environment variables from functions/.env 
[debug] [2026-08-22T01:48:16.936Z] Attempting to merge .env secret bindings {} into declared secrets...)}
[debug] [2026-08-22T01:48:16.936Z] deleteEntryFromGoogleSheets declared secrets: undefined
[debug] [2026-08-22T01:48:16.936Z] syncEntryToGoogleSheets declared secrets: undefined
[info] i  functions: preparing functions directory for uploading... 
[info] i  functions: packaged /Users/sandiepietz/Documents/fadap-tracker/firebase/functions (37.57 KB) for uploading 
[debug] [2026-08-22T01:48:16.961Z] Checked if tokens are valid: true, expires at: 1787365546050
[debug] [2026-08-22T01:48:16.961Z] Checked if tokens are valid: true, expires at: 1787365546050
[debug] [2026-08-22T01:48:16.961Z] >>> [apiv2][query] GET https://firestore.googleapis.com/v1/projects/hours-tracker-505617/databases/(default) [none]
[debug] [2026-08-22T01:48:17.445Z] <<< [apiv2][status] GET https://firestore.googleapis.com/v1/projects/hours-tracker-505617/databases/(default) 200
[debug] [2026-08-22T01:48:17.445Z] <<< [apiv2][body] GET https://firestore.googleapis.com/v1/projects/hours-tracker-505617/databases/(default) {"name":"projects/hours-tracker-505617/databases/(default)","uid":"179664e5-a8a7-4f2f-b3f1-46949ab5a860","createTime":"2026-08-17T00:10:10.489469Z","updateTime":"2026-08-17T00:10:10.489469Z","locationId":"nam5","type":"FIRESTORE_NATIVE","concurrencyMode":"PESSIMISTIC","versionRetentionPeriod":"3600s","earliestVersionTime":"2026-08-22T00:48:17.356466Z","appEngineIntegrationMode":"DISABLED","keyPrefix":"s","pointInTimeRecoveryEnablement":"POINT_IN_TIME_RECOVERY_DISABLED","deleteProtectionState":"DELETE_PROTECTION_DISABLED","databaseEdition":"STANDARD","freeTier":true,"realtimeUpdatesMode":"REALTIME_UPDATES_MODE_ENABLED","etag":"IIXPsZOPs5YDMNDK0/vSppYD"}
[info] i  functions: ensuring required API run.googleapis.com is enabled... 
[debug] [2026-08-22T01:48:17.446Z] Checked if tokens are valid: true, expires at: 1787365546050
[debug] [2026-08-22T01:48:17.447Z] Checked if tokens are valid: true, expires at: 1787365546050
[info] i  functions: ensuring required API eventarc.googleapis.com is enabled... 
[debug] [2026-08-22T01:48:17.447Z] Checked if tokens are valid: true, expires at: 1787365546050
[debug] [2026-08-22T01:48:17.447Z] Checked if tokens are valid: true, expires at: 1787365546050
[info] i  functions: ensuring required API pubsub.googleapis.com is enabled... 
[debug] [2026-08-22T01:48:17.447Z] Checked if tokens are valid: true, expires at: 1787365546050
[debug] [2026-08-22T01:48:17.447Z] Checked if tokens are valid: true, expires at: 1787365546050
[info] i  functions: ensuring required API storage.googleapis.com is enabled... 
[debug] [2026-08-22T01:48:17.448Z] Checked if tokens are valid: true, expires at: 1787365546050
[debug] [2026-08-22T01:48:17.448Z] Checked if tokens are valid: true, expires at: 1787365546050
[debug] [2026-08-22T01:48:17.448Z] >>> [apiv2][query] GET https://serviceusage.googleapis.com/v1/projects/1053801277711/services/run.googleapis.com [none]
[debug] [2026-08-22T01:48:17.448Z] >>> [apiv2][(partial)header] GET https://serviceusage.googleapis.com/v1/projects/1053801277711/services/run.googleapis.com  x-goog-user-project=1053801277711
[debug] [2026-08-22T01:48:17.448Z] >>> [apiv2][query] GET https://serviceusage.googleapis.com/v1/projects/1053801277711/services/eventarc.googleapis.com [none]
[debug] [2026-08-22T01:48:17.448Z] >>> [apiv2][(partial)header] GET https://serviceusage.googleapis.com/v1/projects/1053801277711/services/eventarc.googleapis.com  x-goog-user-project=1053801277711
[debug] [2026-08-22T01:48:17.448Z] >>> [apiv2][query] GET https://serviceusage.googleapis.com/v1/projects/1053801277711/services/pubsub.googleapis.com [none]
[debug] [2026-08-22T01:48:17.448Z] >>> [apiv2][(partial)header] GET https://serviceusage.googleapis.com/v1/projects/1053801277711/services/pubsub.googleapis.com  x-goog-user-project=1053801277711
[debug] [2026-08-22T01:48:17.450Z] >>> [apiv2][query] GET https://serviceusage.googleapis.com/v1/projects/1053801277711/services/storage.googleapis.com [none]
[debug] [2026-08-22T01:48:17.450Z] >>> [apiv2][(partial)header] GET https://serviceusage.googleapis.com/v1/projects/1053801277711/services/storage.googleapis.com  x-goog-user-project=1053801277711
[debug] [2026-08-22T01:48:17.961Z] <<< [apiv2][status] GET https://serviceusage.googleapis.com/v1/projects/1053801277711/services/pubsub.googleapis.com 200
[debug] [2026-08-22T01:48:17.961Z] <<< [apiv2][body] GET https://serviceusage.googleapis.com/v1/projects/1053801277711/services/pubsub.googleapis.com [omitted]
[info] ✔  functions: required API pubsub.googleapis.com is enabled 
[debug] [2026-08-22T01:48:17.969Z] <<< [apiv2][status] GET https://serviceusage.googleapis.com/v1/projects/1053801277711/services/run.googleapis.com 200
[debug] [2026-08-22T01:48:17.969Z] <<< [apiv2][body] GET https://serviceusage.googleapis.com/v1/projects/1053801277711/services/run.googleapis.com [omitted]
[info] ✔  functions: required API run.googleapis.com is enabled 
[debug] [2026-08-22T01:48:17.983Z] <<< [apiv2][status] GET https://serviceusage.googleapis.com/v1/projects/1053801277711/services/storage.googleapis.com 200
[debug] [2026-08-22T01:48:17.983Z] <<< [apiv2][body] GET https://serviceusage.googleapis.com/v1/projects/1053801277711/services/storage.googleapis.com [omitted]
[info] ✔  functions: required API storage.googleapis.com is enabled 
[debug] [2026-08-22T01:48:18.002Z] <<< [apiv2][status] GET https://serviceusage.googleapis.com/v1/projects/1053801277711/services/eventarc.googleapis.com 200
[debug] [2026-08-22T01:48:18.002Z] <<< [apiv2][body] GET https://serviceusage.googleapis.com/v1/projects/1053801277711/services/eventarc.googleapis.com [omitted]
[info] ✔  functions: required API eventarc.googleapis.com is enabled 
[info] i  functions: generating the service identity for pubsub.googleapis.com... 
[debug] [2026-08-22T01:48:18.007Z] Checked if tokens are valid: true, expires at: 1787365546050
[debug] [2026-08-22T01:48:18.007Z] Checked if tokens are valid: true, expires at: 1787365546050
[info] i  functions: generating the service identity for eventarc.googleapis.com... 
[debug] [2026-08-22T01:48:18.007Z] Checked if tokens are valid: true, expires at: 1787365546050
[debug] [2026-08-22T01:48:18.007Z] Checked if tokens are valid: true, expires at: 1787365546050
[debug] [2026-08-22T01:48:18.007Z] >>> [apiv2][query] POST https://serviceusage.googleapis.com/v1beta1/projects/1053801277711/services/pubsub.googleapis.com:generateServiceIdentity [none]
[debug] [2026-08-22T01:48:18.007Z] >>> [apiv2][(partial)header] POST https://serviceusage.googleapis.com/v1beta1/projects/1053801277711/services/pubsub.googleapis.com:generateServiceIdentity  x-goog-user-project=1053801277711
[debug] [2026-08-22T01:48:18.007Z] >>> [apiv2][body] POST https://serviceusage.googleapis.com/v1beta1/projects/1053801277711/services/pubsub.googleapis.com:generateServiceIdentity {}
[debug] [2026-08-22T01:48:18.008Z] >>> [apiv2][query] POST https://serviceusage.googleapis.com/v1beta1/projects/1053801277711/services/eventarc.googleapis.com:generateServiceIdentity [none]
[debug] [2026-08-22T01:48:18.008Z] >>> [apiv2][(partial)header] POST https://serviceusage.googleapis.com/v1beta1/projects/1053801277711/services/eventarc.googleapis.com:generateServiceIdentity  x-goog-user-project=1053801277711
[debug] [2026-08-22T01:48:18.008Z] >>> [apiv2][body] POST https://serviceusage.googleapis.com/v1beta1/projects/1053801277711/services/eventarc.googleapis.com:generateServiceIdentity {}
[debug] [2026-08-22T01:48:18.266Z] <<< [apiv2][status] POST https://serviceusage.googleapis.com/v1beta1/projects/1053801277711/services/eventarc.googleapis.com:generateServiceIdentity 200
[debug] [2026-08-22T01:48:18.267Z] <<< [apiv2][body] POST https://serviceusage.googleapis.com/v1beta1/projects/1053801277711/services/eventarc.googleapis.com:generateServiceIdentity {"name":"operations/finished.DONE_OPERATION","done":true,"response":{"@type":"type.googleapis.com/google.api.serviceusage.v1beta1.ServiceIdentity","email":"service-1053801277711@gcp-sa-eventarc.iam.gserviceaccount.com","uniqueId":"115969430356957816199"}}
[debug] [2026-08-22T01:48:18.369Z] <<< [apiv2][status] POST https://serviceusage.googleapis.com/v1beta1/projects/1053801277711/services/pubsub.googleapis.com:generateServiceIdentity 200
[debug] [2026-08-22T01:48:18.369Z] <<< [apiv2][body] POST https://serviceusage.googleapis.com/v1beta1/projects/1053801277711/services/pubsub.googleapis.com:generateServiceIdentity {"name":"operations/finished.DONE_OPERATION","done":true,"response":{"@type":"type.googleapis.com/google.api.serviceusage.v1beta1.ServiceIdentity","email":"service-1053801277711@gcp-sa-pubsub.iam.gserviceaccount.com","uniqueId":"113476875907967267720"}}
[debug] [2026-08-22T01:48:18.372Z] Checked if tokens are valid: true, expires at: 1787365546050
[debug] [2026-08-22T01:48:18.372Z] Checked if tokens are valid: true, expires at: 1787365546050
[debug] [2026-08-22T01:48:18.372Z] >>> [apiv2][query] GET https://cloudresourcemanager.googleapis.com/v1/projects/hours-tracker-505617 [none]
[debug] [2026-08-22T01:48:18.481Z] <<< [apiv2][status] GET https://cloudresourcemanager.googleapis.com/v1/projects/hours-tracker-505617 200
[debug] [2026-08-22T01:48:18.481Z] <<< [apiv2][body] GET https://cloudresourcemanager.googleapis.com/v1/projects/hours-tracker-505617 {"projectNumber":"1053801277711","projectId":"hours-tracker-505617","lifecycleState":"ACTIVE","name":"Hours Tracker","labels":{"firebase":"enabled","firebase-core":"disabled"},"createTime":"2026-08-15T17:44:03.311Z"}
[debug] [2026-08-22T01:48:18.482Z] Checked if tokens are valid: true, expires at: 1787365546050
[debug] [2026-08-22T01:48:18.482Z] Checked if tokens are valid: true, expires at: 1787365546050
[debug] [2026-08-22T01:48:18.482Z] >>> [apiv2][query] GET https://compute.googleapis.com/compute/v1/projects/1053801277711 [none]
[debug] [2026-08-22T01:48:18.699Z] <<< [apiv2][status] GET https://compute.googleapis.com/compute/v1/projects/1053801277711 403
[debug] [2026-08-22T01:48:18.699Z] <<< [apiv2][body] GET https://compute.googleapis.com/compute/v1/projects/1053801277711 {"error":{"code":403,"message":"Compute Engine API has not been used in project 1053801277711 before or it is disabled. Enable it by visiting https://console.developers.google.com/apis/api/compute.googleapis.com/overview?project=1053801277711 then retry. If you enabled this API recently, wait a few minutes for the action to propagate to our systems and retry.","errors":[{"message":"Compute Engine API has not been used in project 1053801277711 before or it is disabled. Enable it by visiting https://console.developers.google.com/apis/api/compute.googleapis.com/overview?project=1053801277711 then retry. If you enabled this API recently, wait a few minutes for the action to propagate to our systems and retry.","domain":"usageLimits","reason":"accessNotConfigured","extendedHelp":"https://console.developers.google.com"}],"status":"PERMISSION_DENIED","details":[{"@type":"type.googleapis.com/google.rpc.ErrorInfo","reason":"SERVICE_DISABLED","domain":"googleapis.com","metadata":{"activationUrl":"https://console.developers.google.com/apis/api/compute.googleapis.com/overview?project=1053801277711","containerInfo":"1053801277711","consumer":"projects/1053801277711","service":"compute.googleapis.com","serviceTitle":"Compute Engine API"}},{"@type":"type.googleapis.com/google.rpc.LocalizedMessage","locale":"en-US","message":"Compute Engine API has not been used in project 1053801277711 before or it is disabled. Enable it by visiting https://console.developers.google.com/apis/api/compute.googleapis.com/overview?project=1053801277711 then retry. If you enabled this API recently, wait a few minutes for the action to propagate to our systems and retry."},{"@type":"type.googleapis.com/google.rpc.Help","links":[{"description":"Google developers console API activation","url":"https://console.developers.google.com/apis/api/compute.googleapis.com/overview?project=1053801277711"}]}]}}
[debug] [2026-08-22T01:48:18.700Z] unable to look up default compute service account. Falling back to 1053801277711-compute@developer.gserviceaccount.com. Error: {"name":"FirebaseError","children":[],"context":{"body":{"error":{"code":403,"message":"Compute Engine API has not been used in project 1053801277711 before or it is disabled. Enable it by visiting https://console.developers.google.com/apis/api/compute.googleapis.com/overview?project=1053801277711 then retry. If you enabled this API recently, wait a few minutes for the action to propagate to our systems and retry.","errors":[{"message":"Compute Engine API has not been used in project 1053801277711 before or it is disabled. Enable it by visiting https://console.developers.google.com/apis/api/compute.googleapis.com/overview?project=1053801277711 then retry. If you enabled this API recently, wait a few minutes for the action to propagate to our systems and retry.","domain":"usageLimits","reason":"accessNotConfigured","extendedHelp":"https://console.developers.google.com"}],"status":"PERMISSION_DENIED","details":[{"@type":"type.googleapis.com/google.rpc.ErrorInfo","reason":"SERVICE_DISABLED","domain":"googleapis.com","metadata":{"activationUrl":"https://console.developers.google.com/apis/api/compute.googleapis.com/overview?project=1053801277711","containerInfo":"1053801277711","consumer":"projects/1053801277711","service":"compute.googleapis.com","serviceTitle":"Compute Engine API"}},{"@type":"type.googleapis.com/google.rpc.LocalizedMessage","locale":"en-US","message":"Compute Engine API has not been used in project 1053801277711 before or it is disabled. Enable it by visiting https://console.developers.google.com/apis/api/compute.googleapis.com/overview?project=1053801277711 then retry. If you enabled this API recently, wait a few minutes for the action to propagate to our systems and retry."},{"@type":"type.googleapis.com/google.rpc.Help","links":[{"description":"Google developers console API activation","url":"https://console.developers.google.com/apis/api/compute.googleapis.com/overview?project=1053801277711"}]}]}},"response":{"statusCode":403}},"exit":1,"message":"Request to https://compute.googleapis.com/compute/v1/projects/1053801277711 had HTTP Error: 403, Compute Engine API has not been used in project 1053801277711 before or it is disabled. Enable it by visiting https://console.developers.google.com/apis/api/compute.googleapis.com/overview?project=1053801277711 then retry. If you enabled this API recently, wait a few minutes for the action to propagate to our systems and retry.","status":403}
[debug] [2026-08-22T01:48:18.700Z] Checked if tokens are valid: true, expires at: 1787365546050
[debug] [2026-08-22T01:48:18.701Z] Checked if tokens are valid: true, expires at: 1787365546050
[debug] [2026-08-22T01:48:18.701Z] >>> [apiv2][query] GET https://compute.googleapis.com/compute/v1/projects/1053801277711 [none]
[debug] [2026-08-22T01:48:18.822Z] <<< [apiv2][status] GET https://compute.googleapis.com/compute/v1/projects/1053801277711 403
[debug] [2026-08-22T01:48:18.822Z] <<< [apiv2][body] GET https://compute.googleapis.com/compute/v1/projects/1053801277711 {"error":{"code":403,"message":"Compute Engine API has not been used in project 1053801277711 before or it is disabled. Enable it by visiting https://console.developers.google.com/apis/api/compute.googleapis.com/overview?project=1053801277711 then retry. If you enabled this API recently, wait a few minutes for the action to propagate to our systems and retry.","errors":[{"message":"Compute Engine API has not been used in project 1053801277711 before or it is disabled. Enable it by visiting https://console.developers.google.com/apis/api/compute.googleapis.com/overview?project=1053801277711 then retry. If you enabled this API recently, wait a few minutes for the action to propagate to our systems and retry.","domain":"usageLimits","reason":"accessNotConfigured","extendedHelp":"https://console.developers.google.com"}],"status":"PERMISSION_DENIED","details":[{"@type":"type.googleapis.com/google.rpc.ErrorInfo","reason":"SERVICE_DISABLED","domain":"googleapis.com","metadata":{"service":"compute.googleapis.com","consumer":"projects/1053801277711","activationUrl":"https://console.developers.google.com/apis/api/compute.googleapis.com/overview?project=1053801277711","serviceTitle":"Compute Engine API","containerInfo":"1053801277711"}},{"@type":"type.googleapis.com/google.rpc.LocalizedMessage","locale":"en-US","message":"Compute Engine API has not been used in project 1053801277711 before or it is disabled. Enable it by visiting https://console.developers.google.com/apis/api/compute.googleapis.com/overview?project=1053801277711 then retry. If you enabled this API recently, wait a few minutes for the action to propagate to our systems and retry."},{"@type":"type.googleapis.com/google.rpc.Help","links":[{"description":"Google developers console API activation","url":"https://console.developers.google.com/apis/api/compute.googleapis.com/overview?project=1053801277711"}]}]}}
[debug] [2026-08-22T01:48:18.822Z] unable to look up default compute service account. Falling back to 1053801277711-compute@developer.gserviceaccount.com. Error: {"name":"FirebaseError","children":[],"context":{"body":{"error":{"code":403,"message":"Compute Engine API has not been used in project 1053801277711 before or it is disabled. Enable it by visiting https://console.developers.google.com/apis/api/compute.googleapis.com/overview?project=1053801277711 then retry. If you enabled this API recently, wait a few minutes for the action to propagate to our systems and retry.","errors":[{"message":"Compute Engine API has not been used in project 1053801277711 before or it is disabled. Enable it by visiting https://console.developers.google.com/apis/api/compute.googleapis.com/overview?project=1053801277711 then retry. If you enabled this API recently, wait a few minutes for the action to propagate to our systems and retry.","domain":"usageLimits","reason":"accessNotConfigured","extendedHelp":"https://console.developers.google.com"}],"status":"PERMISSION_DENIED","details":[{"@type":"type.googleapis.com/google.rpc.ErrorInfo","reason":"SERVICE_DISABLED","domain":"googleapis.com","metadata":{"service":"compute.googleapis.com","consumer":"projects/1053801277711","activationUrl":"https://console.developers.google.com/apis/api/compute.googleapis.com/overview?project=1053801277711","serviceTitle":"Compute Engine API","containerInfo":"1053801277711"}},{"@type":"type.googleapis.com/google.rpc.LocalizedMessage","locale":"en-US","message":"Compute Engine API has not been used in project 1053801277711 before or it is disabled. Enable it by visiting https://console.developers.google.com/apis/api/compute.googleapis.com/overview?project=1053801277711 then retry. If you enabled this API recently, wait a few minutes for the action to propagate to our systems and retry."},{"@type":"type.googleapis.com/google.rpc.Help","links":[{"description":"Google developers console API activation","url":"https://console.developers.google.com/apis/api/compute.googleapis.com/overview?project=1053801277711"}]}]}},"response":{"statusCode":403}},"exit":1,"message":"Request to https://compute.googleapis.com/compute/v1/projects/1053801277711 had HTTP Error: 403, Compute Engine API has not been used in project 1053801277711 before or it is disabled. Enable it by visiting https://console.developers.google.com/apis/api/compute.googleapis.com/overview?project=1053801277711 then retry. If you enabled this API recently, wait a few minutes for the action to propagate to our systems and retry.","status":403}
[debug] [2026-08-22T01:48:18.824Z] Checked if tokens are valid: true, expires at: 1787365546050
[debug] [2026-08-22T01:48:18.824Z] Checked if tokens are valid: true, expires at: 1787365546050
[debug] [2026-08-22T01:48:18.824Z] >>> [apiv2][query] GET https://firebasehosting.googleapis.com/v1beta1/projects/hours-tracker-505617/sites/hours-tracker-505617 [none]
[debug] [2026-08-22T01:48:19.391Z] <<< [apiv2][status] GET https://firebasehosting.googleapis.com/v1beta1/projects/hours-tracker-505617/sites/hours-tracker-505617 200
[debug] [2026-08-22T01:48:19.391Z] <<< [apiv2][body] GET https://firebasehosting.googleapis.com/v1beta1/projects/hours-tracker-505617/sites/hours-tracker-505617 {"name":"projects/hours-tracker-505617/sites/hours-tracker-505617","defaultUrl":"https://hours-tracker-505617.web.app","appId":"1:1053801277711:web:4ef9a62303536bf2bc367a","type":"DEFAULT_SITE"}
[debug] [2026-08-22T01:48:19.392Z] Checked if tokens are valid: true, expires at: 1787365546050
[debug] [2026-08-22T01:48:19.392Z] Checked if tokens are valid: true, expires at: 1787365546050
[debug] [2026-08-22T01:48:19.393Z] >>> [apiv2][query] POST https://firebasehosting.googleapis.com/v1beta1/projects/-/sites/hours-tracker-505617/versions [none]
[debug] [2026-08-22T01:48:19.393Z] >>> [apiv2][body] POST https://firebasehosting.googleapis.com/v1beta1/projects/-/sites/hours-tracker-505617/versions {"status":"CREATED","labels":{"deployment-tool":"cli-firebase"}}
[debug] [2026-08-22T01:48:19.851Z] <<< [apiv2][status] POST https://firebasehosting.googleapis.com/v1beta1/projects/-/sites/hours-tracker-505617/versions 200
[debug] [2026-08-22T01:48:19.851Z] <<< [apiv2][body] POST https://firebasehosting.googleapis.com/v1beta1/projects/-/sites/hours-tracker-505617/versions {"name":"projects/1053801277711/sites/hours-tracker-505617/versions/630d4a6207a6fb27","status":"CREATED","config":{},"labels":{"deployment-tool":"cli-firebase"}}
[debug] [2026-08-22T01:48:19.852Z] Checked if tokens are valid: true, expires at: 1787365546050
[debug] [2026-08-22T01:48:19.853Z] Checked if tokens are valid: true, expires at: 1787365546050
[debug] [2026-08-22T01:48:19.853Z] >>> [apiv2][query] GET https://serviceusage.googleapis.com/v1/projects/hours-tracker-505617/services/cloudbilling.googleapis.com [none]
[debug] [2026-08-22T01:48:19.853Z] >>> [apiv2][(partial)header] GET https://serviceusage.googleapis.com/v1/projects/hours-tracker-505617/services/cloudbilling.googleapis.com  x-goog-user-project=hours-tracker-505617
[debug] [2026-08-22T01:48:20.050Z] <<< [apiv2][status] GET https://serviceusage.googleapis.com/v1/projects/hours-tracker-505617/services/cloudbilling.googleapis.com 200
[debug] [2026-08-22T01:48:20.050Z] <<< [apiv2][body] GET https://serviceusage.googleapis.com/v1/projects/hours-tracker-505617/services/cloudbilling.googleapis.com [omitted]
[debug] [2026-08-22T01:48:20.057Z] Checked if tokens are valid: true, expires at: 1787365546050
[debug] [2026-08-22T01:48:20.058Z] Checked if tokens are valid: true, expires at: 1787365546050
[debug] [2026-08-22T01:48:20.058Z] >>> [apiv2][query] GET https://cloudbilling.googleapis.com/v1/projects/hours-tracker-505617/billingInfo [none]
[debug] [2026-08-22T01:48:20.058Z] >>> [apiv2][(partial)header] GET https://cloudbilling.googleapis.com/v1/projects/hours-tracker-505617/billingInfo  x-goog-user-project=hours-tracker-505617
[debug] [2026-08-22T01:48:20.620Z] <<< [apiv2][status] GET https://cloudbilling.googleapis.com/v1/projects/hours-tracker-505617/billingInfo 200
[debug] [2026-08-22T01:48:20.621Z] <<< [apiv2][body] GET https://cloudbilling.googleapis.com/v1/projects/hours-tracker-505617/billingInfo {"name":"projects/hours-tracker-505617/billingInfo","projectId":"hours-tracker-505617","billingAccountName":"billingAccounts/0143ED-728F5A-E1C6C1","billingEnabled":true}
[debug] [2026-08-22T01:48:20.622Z] Checked if tokens are valid: true, expires at: 1787365546050
[debug] [2026-08-22T01:48:20.622Z] Checked if tokens are valid: true, expires at: 1787365546050
[debug] [2026-08-22T01:48:20.622Z] >>> [apiv2][query] POST https://cloudfunctions.googleapis.com/v2/projects/hours-tracker-505617/locations/us-central1/functions:generateUploadUrl [none]
[debug] [2026-08-22T01:48:21.175Z] <<< [apiv2][status] POST https://cloudfunctions.googleapis.com/v2/projects/hours-tracker-505617/locations/us-central1/functions:generateUploadUrl 200
[debug] [2026-08-22T01:48:21.175Z] <<< [apiv2][body] POST https://cloudfunctions.googleapis.com/v2/projects/hours-tracker-505617/locations/us-central1/functions:generateUploadUrl {"uploadUrl":"https://storage.googleapis.com/gcf-v2-uploads-1053801277711.us-central1.cloudfunctions.appspot.com/a9139db6-d70a-4014-8bf3-655fa6ac732f.zip?GoogleAccessId=service-1053801277711@gcf-admin-robot.iam.gserviceaccount.com&Expires=1787365101&Signature=UbWdxacSabmxuFiNF2m3IgnuyBe98lZ6tAhxBNNCJNEqbUIQnElGNXkl7YoXKfq4dP4Z5FxpSBx8iRS1vEkbuSeg8Lxk%2FyEUTBnnAMb%2Fx8XthWEGeM9wj6MFDvlnO8ph56uzd9gTxoTCSkjZAcu84Vlw3oMcdUWwEnmuG6zGPL3qiXqQdIjkJFtfGBNLRPy9z%2FDPt8DetPWd%2FP0awT7rHsMRgXMlp2%2Fc5ptdiPxAqiBRXLENw%2FU1DgXOL7r72uD6NU6TFbxb5vN5DsOCgVBfHkyQlE0S349DcczBrY4bkKuWKjz%2FSJHB0dLmxz6PK1%2BOSvoELQQuTl1guBHHJWWnpQ%3D%3D","storageSource":{"bucket":"gcf-v2-uploads-1053801277711.us-central1.cloudfunctions.appspot.com","object":"a9139db6-d70a-4014-8bf3-655fa6ac732f.zip"}}
[debug] [2026-08-22T01:48:21.176Z] >>> [apiv2][query] PUT https://storage.googleapis.com/gcf-v2-uploads-1053801277711.us-central1.cloudfunctions.appspot.com/a9139db6-d70a-4014-8bf3-655fa6ac732f.zip GoogleAccessId=service-1053801277711%40gcf-admin-robot.iam.gserviceaccount.com&Expires=1787365101&Signature=UbWdxacSabmxuFiNF2m3IgnuyBe98lZ6tAhxBNNCJNEqbUIQnElGNXkl7YoXKfq4dP4Z5FxpSBx8iRS1vEkbuSeg8Lxk%2FyEUTBnnAMb%2Fx8XthWEGeM9wj6MFDvlnO8ph56uzd9gTxoTCSkjZAcu84Vlw3oMcdUWwEnmuG6zGPL3qiXqQdIjkJFtfGBNLRPy9z%2FDPt8DetPWd%2FP0awT7rHsMRgXMlp2%2Fc5ptdiPxAqiBRXLENw%2FU1DgXOL7r72uD6NU6TFbxb5vN5DsOCgVBfHkyQlE0S349DcczBrY4bkKuWKjz%2FSJHB0dLmxz6PK1%2BOSvoELQQuTl1guBHHJWWnpQ%3D%3D
[debug] [2026-08-22T01:48:21.176Z] >>> [apiv2][body] PUT https://storage.googleapis.com/gcf-v2-uploads-1053801277711.us-central1.cloudfunctions.appspot.com/a9139db6-d70a-4014-8bf3-655fa6ac732f.zip [stream]
[debug] [2026-08-22T01:48:21.476Z] <<< [apiv2][status] PUT https://storage.googleapis.com/gcf-v2-uploads-1053801277711.us-central1.cloudfunctions.appspot.com/a9139db6-d70a-4014-8bf3-655fa6ac732f.zip 200
[debug] [2026-08-22T01:48:21.476Z] <<< [apiv2][body] PUT https://storage.googleapis.com/gcf-v2-uploads-1053801277711.us-central1.cloudfunctions.appspot.com/a9139db6-d70a-4014-8bf3-655fa6ac732f.zip [omitted]
[info] ✔  functions: functions source uploaded successfully 
[info] i  hosting[hours-tracker-505617]: beginning deploy... 
[info] i  hosting[hours-tracker-505617]: found 7 files in firebase-dist 
[debug] [2026-08-22T01:48:21.488Z] [hosting] uploading with 200 concurrency
[debug] [2026-08-22T01:48:21.536Z] Checked if tokens are valid: true, expires at: 1787365546050
[debug] [2026-08-22T01:48:21.536Z] Checked if tokens are valid: true, expires at: 1787365546050
[debug] [2026-08-22T01:48:21.537Z] [hosting] hash cache [ZmlyZWJhc2UtZGlzdA] stored for 7 files
[debug] [2026-08-22T01:48:21.537Z] [hosting][hash queue][FINAL] {"max":44,"min":0,"avg":7,"active":0,"complete":7,"success":7,"errored":0,"retried":0,"total":7,"elapsed":46}
[debug] [2026-08-22T01:48:21.537Z] >>> [apiv2][query] POST https://firebasehosting.googleapis.com/v1beta1/projects/1053801277711/sites/hours-tracker-505617/versions/630d4a6207a6fb27:populateFiles [none]
[debug] [2026-08-22T01:48:21.537Z] >>> [apiv2][body] POST https://firebasehosting.googleapis.com/v1beta1/projects/1053801277711/sites/hours-tracker-505617/versions/630d4a6207a6fb27:populateFiles {"files":{"/window.svg":"32ea868a4067b3f236353dc7f0851952d02ecb0515826d1dd2590e61159b146a","/globe.svg":"a89af50fbe7023054a59f733eab7cc4c89605387c9decd9701536e081f5b607f","/file.svg":"0d4c6b6999e2d6106f033135f4b32598029367bd331608c34c4e4a072ea0b469","/favicon.svg":"f0fc09166d474aacd631f1d6cd9560d37843a8a233ad37eac785909c18823406","/index.html":"210159d14b6b907c6943bcb4153828689032c66e1891d9e2e456782ca6282b78","/assets/index-B3A5AJiX.css":"55f84bc8e57f93199f877adc9a973a8bb57bc12bba9e972d75dc63fbd9591e2b","/assets/index-tT16tZ1S.js":"636f573fc70db214c56c97be304b73ce753adbaa26b7b1985094ace7a37e8f46"}}
[debug] [2026-08-22T01:48:22.003Z] <<< [apiv2][status] POST https://firebasehosting.googleapis.com/v1beta1/projects/1053801277711/sites/hours-tracker-505617/versions/630d4a6207a6fb27:populateFiles 200
[debug] [2026-08-22T01:48:22.003Z] <<< [apiv2][body] POST https://firebasehosting.googleapis.com/v1beta1/projects/1053801277711/sites/hours-tracker-505617/versions/630d4a6207a6fb27:populateFiles {"uploadRequiredHashes":["210159d14b6b907c6943bcb4153828689032c66e1891d9e2e456782ca6282b78","55f84bc8e57f93199f877adc9a973a8bb57bc12bba9e972d75dc63fbd9591e2b","636f573fc70db214c56c97be304b73ce753adbaa26b7b1985094ace7a37e8f46"],"uploadUrl":"https://upload-firebasehosting.googleapis.com/upload/sites/hours-tracker-505617/versions/630d4a6207a6fb27/files"}
[debug] [2026-08-22T01:48:22.004Z] Checked if tokens are valid: true, expires at: 1787365546050
[debug] [2026-08-22T01:48:22.004Z] Checked if tokens are valid: true, expires at: 1787365546050
[debug] [2026-08-22T01:48:22.005Z] Checked if tokens are valid: true, expires at: 1787365546050
[debug] [2026-08-22T01:48:22.005Z] Checked if tokens are valid: true, expires at: 1787365546050
[debug] [2026-08-22T01:48:22.006Z] Checked if tokens are valid: true, expires at: 1787365546050
[debug] [2026-08-22T01:48:22.006Z] Checked if tokens are valid: true, expires at: 1787365546050
[debug] [2026-08-22T01:48:22.006Z] >>> [apiv2][query] POST https://upload-firebasehosting.googleapis.com/upload/sites/hours-tracker-505617/versions/630d4a6207a6fb27/files/210159d14b6b907c6943bcb4153828689032c66e1891d9e2e456782ca6282b78 [none]
[debug] [2026-08-22T01:48:22.006Z] >>> [apiv2][body] POST https://upload-firebasehosting.googleapis.com/upload/sites/hours-tracker-505617/versions/630d4a6207a6fb27/files/210159d14b6b907c6943bcb4153828689032c66e1891d9e2e456782ca6282b78 [stream]
[debug] [2026-08-22T01:48:22.008Z] >>> [apiv2][query] POST https://upload-firebasehosting.googleapis.com/upload/sites/hours-tracker-505617/versions/630d4a6207a6fb27/files/55f84bc8e57f93199f877adc9a973a8bb57bc12bba9e972d75dc63fbd9591e2b [none]
[debug] [2026-08-22T01:48:22.008Z] >>> [apiv2][body] POST https://upload-firebasehosting.googleapis.com/upload/sites/hours-tracker-505617/versions/630d4a6207a6fb27/files/55f84bc8e57f93199f877adc9a973a8bb57bc12bba9e972d75dc63fbd9591e2b [stream]
[debug] [2026-08-22T01:48:22.009Z] >>> [apiv2][query] POST https://upload-firebasehosting.googleapis.com/upload/sites/hours-tracker-505617/versions/630d4a6207a6fb27/files/636f573fc70db214c56c97be304b73ce753adbaa26b7b1985094ace7a37e8f46 [none]
[debug] [2026-08-22T01:48:22.009Z] >>> [apiv2][body] POST https://upload-firebasehosting.googleapis.com/upload/sites/hours-tracker-505617/versions/630d4a6207a6fb27/files/636f573fc70db214c56c97be304b73ce753adbaa26b7b1985094ace7a37e8f46 [stream]
[debug] [2026-08-22T01:48:22.010Z] [hosting][populate queue][FINAL] {"max":470,"min":470,"avg":470,"active":0,"complete":1,"success":1,"errored":0,"retried":0,"total":1,"elapsed":474}
[debug] [2026-08-22T01:48:22.010Z] [hosting] uploads queued: 3
[debug] [2026-08-22T01:48:23.005Z] <<< [apiv2][status] POST https://upload-firebasehosting.googleapis.com/upload/sites/hours-tracker-505617/versions/630d4a6207a6fb27/files/55f84bc8e57f93199f877adc9a973a8bb57bc12bba9e972d75dc63fbd9591e2b 200
[debug] [2026-08-22T01:48:23.006Z] <<< [apiv2][body] POST https://upload-firebasehosting.googleapis.com/upload/sites/hours-tracker-505617/versions/630d4a6207a6fb27/files/55f84bc8e57f93199f877adc9a973a8bb57bc12bba9e972d75dc63fbd9591e2b [stream]
[debug] [2026-08-22T01:48:23.026Z] <<< [apiv2][status] POST https://upload-firebasehosting.googleapis.com/upload/sites/hours-tracker-505617/versions/630d4a6207a6fb27/files/210159d14b6b907c6943bcb4153828689032c66e1891d9e2e456782ca6282b78 200
[debug] [2026-08-22T01:48:23.026Z] <<< [apiv2][body] POST https://upload-firebasehosting.googleapis.com/upload/sites/hours-tracker-505617/versions/630d4a6207a6fb27/files/210159d14b6b907c6943bcb4153828689032c66e1891d9e2e456782ca6282b78 [stream]
[debug] [2026-08-22T01:48:23.041Z] <<< [apiv2][status] POST https://upload-firebasehosting.googleapis.com/upload/sites/hours-tracker-505617/versions/630d4a6207a6fb27/files/636f573fc70db214c56c97be304b73ce753adbaa26b7b1985094ace7a37e8f46 200
[debug] [2026-08-22T01:48:23.041Z] <<< [apiv2][body] POST https://upload-firebasehosting.googleapis.com/upload/sites/hours-tracker-505617/versions/630d4a6207a6fb27/files/636f573fc70db214c56c97be304b73ce753adbaa26b7b1985094ace7a37e8f46 [stream]
[debug] [2026-08-22T01:48:23.041Z] [hosting][upload queue][FINAL] {"max":1036,"min":1002,"avg":1020,"active":0,"complete":3,"success":3,"errored":0,"retried":0,"total":3,"elapsed":1037}
[info] i  hosting: upload complete 
[info] ✔  hosting[hours-tracker-505617]: file upload complete 
[debug] [2026-08-22T01:48:23.042Z] [hosting] deploy completed after 1562ms
[info] i  functions: creating Node.js 22 (2nd Gen) function deleteEntryFromGoogleSheets(us-central1)... 
[info] i  functions: updating Node.js 22 (2nd Gen) function syncEntryToGoogleSheets(us-central1)... 
[debug] [2026-08-22T01:48:23.048Z] Checked if tokens are valid: true, expires at: 1787365546050
[debug] [2026-08-22T01:48:23.048Z] Checked if tokens are valid: true, expires at: 1787365546050
[debug] [2026-08-22T01:48:23.048Z] >>> [apiv2][query] POST https://cloudfunctions.googleapis.com/v2/projects/hours-tracker-505617/locations/us-central1/functions functionId=deleteEntryFromGoogleSheets
[debug] [2026-08-22T01:48:23.048Z] >>> [apiv2][body] POST https://cloudfunctions.googleapis.com/v2/projects/hours-tracker-505617/locations/us-central1/functions {"name":"projects/hours-tracker-505617/locations/us-central1/functions/deleteEntryFromGoogleSheets","buildConfig":{"runtime":"nodejs22","entryPoint":"deleteEntryFromGoogleSheets","source":{"storageSource":{"bucket":"gcf-v2-uploads-1053801277711.us-central1.cloudfunctions.appspot.com","object":"a9139db6-d70a-4014-8bf3-655fa6ac732f.zip"}},"environmentVariables":{"GOOGLE_NODE_RUN_SCRIPTS":""}},"serviceConfig":{"environmentVariables":{"GOOGLE_SHEET_ID":"1lCqSLt9Euep6TFEHGuqHFkbxWdgsuxoSBeMVa4yYxmE","FIREBASE_CONFIG":"{\"projectId\":\"hours-tracker-505617\",\"storageBucket\":\"hours-tracker-505617.firebasestorage.app\"}","GCLOUD_PROJECT":"hours-tracker-505617","EVENTARC_CLOUD_EVENT_SOURCE":"projects/hours-tracker-505617/locations/us-central1/services/deleteEntryFromGoogleSheets","FUNCTION_REGION":"us-central1","FUNCTION_SIGNATURE_TYPE":"cloudevent","FUNCTION_TARGET":"deleteEntryFromGoogleSheets","LOG_EXECUTION_ID":"true"},"ingressSettings":null,"timeoutSeconds":60,"serviceAccountEmail":null,"availableMemory":"256Mi","minInstanceCount":null,"maxInstanceCount":null,"maxInstanceRequestConcurrency":80,"availableCpu":"1","vpcConnector":null,"vpcConnectorEgressSettings":null,"directVpcNetworkInterface":null,"directVpcEgress":null},"labels":{"deployment-tool":"cli-firebase","firebase-functions-hash":"69c6cbc8f9c35e96c21267c5a3b99d10d50b9d20"},"eventTrigger":{"eventType":"google.cloud.firestore.document.v1.deleted","retryPolicy":"RETRY_POLICY_DO_NOT_RETRY","eventFilters":[{"attribute":"database","value":"(default)"},{"attribute":"namespace","value":"(default)"},{"attribute":"document","value":"users/{userId}/entries/{entryId}","operator":"match-path-pattern"}],"triggerRegion":"nam5"}}
[debug] [2026-08-22T01:48:23.999Z] <<< [apiv2][status] POST https://cloudfunctions.googleapis.com/v2/projects/hours-tracker-505617/locations/us-central1/functions 200
[debug] [2026-08-22T01:48:23.999Z] <<< [apiv2][body] POST https://cloudfunctions.googleapis.com/v2/projects/hours-tracker-505617/locations/us-central1/functions {"name":"projects/hours-tracker-505617/locations/us-central1/operations/operation-1787363303193-65998f2c57d18-63b6c5ee-b3a7e8e4","metadata":{"@type":"type.googleapis.com/google.cloud.functions.v2.OperationMetadata","createTime":"2026-08-22T01:48:23.938527171Z","target":"projects/hours-tracker-505617/locations/us-central1/functions/deleteEntryFromGoogleSheets","verb":"create","cancelRequested":false,"apiVersion":"v2"},"done":false}
[debug] [2026-08-22T01:48:24.000Z] Checked if tokens are valid: true, expires at: 1787365546050
[debug] [2026-08-22T01:48:24.000Z] Checked if tokens are valid: true, expires at: 1787365546050
[debug] [2026-08-22T01:48:24.001Z] >>> [apiv2][query] GET https://cloudfunctions.googleapis.com/v2/projects/hours-tracker-505617/locations/us-central1/operations/operation-1787363303193-65998f2c57d18-63b6c5ee-b3a7e8e4 [none]
[debug] [2026-08-22T01:48:24.513Z] <<< [apiv2][status] GET https://cloudfunctions.googleapis.com/v2/projects/hours-tracker-505617/locations/us-central1/operations/operation-1787363303193-65998f2c57d18-63b6c5ee-b3a7e8e4 200
[debug] [2026-08-22T01:48:24.514Z] <<< [apiv2][body] GET https://cloudfunctions.googleapis.com/v2/projects/hours-tracker-505617/locations/us-central1/operations/operation-1787363303193-65998f2c57d18-63b6c5ee-b3a7e8e4 {"name":"projects/hours-tracker-505617/locations/us-central1/operations/operation-1787363303193-65998f2c57d18-63b6c5ee-b3a7e8e4","metadata":{"@type":"type.googleapis.com/google.cloud.functions.v2.OperationMetadata","createTime":"2026-08-22T01:48:23.938527171Z","target":"projects/hours-tracker-505617/locations/us-central1/functions/deleteEntryFromGoogleSheets","verb":"create","cancelRequested":false,"apiVersion":"v2","requestResource":{"@type":"type.googleapis.com/google.cloud.functions.v2.Function","name":"projects/hours-tracker-505617/locations/us-central1/functions/deleteEntryFromGoogleSheets","buildConfig":{"runtime":"nodejs22","entryPoint":"deleteEntryFromGoogleSheets","source":{"storageSource":{"bucket":"gcf-v2-sources-1053801277711-us-central1","object":"deleteEntryFromGoogleSheets/function-source.zip","generation":"1787363303573949"}},"environmentVariables":{"GOOGLE_NODE_RUN_SCRIPTS":""},"serviceAccount":"projects/hours-tracker-505617/serviceAccounts/1053801277711-compute@developer.gserviceaccount.com","automaticUpdatePolicy":{}},"serviceConfig":{"service":"projects/hours-tracker-505617/locations/us-central1/services/deleteentryfromgooglesheets","timeoutSeconds":60,"environmentVariables":{"GOOGLE_SHEET_ID":"1lCqSLt9Euep6TFEHGuqHFkbxWdgsuxoSBeMVa4yYxmE","FIREBASE_CONFIG":"{\"projectId\":\"hours-tracker-505617\",\"storageBucket\":\"hours-tracker-505617.firebasestorage.app\"}","GCLOUD_PROJECT":"hours-tracker-505617","EVENTARC_CLOUD_EVENT_SOURCE":"projects/hours-tracker-505617/locations/us-central1/services/deleteEntryFromGoogleSheets","FUNCTION_REGION":"us-central1","FUNCTION_SIGNATURE_TYPE":"cloudevent","FUNCTION_TARGET":"deleteEntryFromGoogleSheets","LOG_EXECUTION_ID":"true"},"ingressSettings":"ALLOW_ALL","serviceAccountEmail":"1053801277711-compute@developer.gserviceaccount.com","availableMemory":"256Mi","maxInstanceRequestConcurrency":80,"availableCpu":"1"},"eventTrigger":{"trigger":"projects/hours-tracker-505617/locations/nam5/triggers/deleteentryfromgooglesheets-102784","triggerRegion":"nam5","eventType":"google.cloud.firestore.document.v1.deleted","eventFilters":[{"attribute":"database","value":"(default)"},{"attribute":"namespace","value":"(default)"},{"attribute":"document","value":"users/{userId}/entries/{entryId}","operator":"match-path-pattern"}],"serviceAccountEmail":"1053801277711-compute@developer.gserviceaccount.com","retryPolicy":"RETRY_POLICY_DO_NOT_RETRY"},"labels":{"deployment-tool":"cli-firebase","firebase-functions-hash":"69c6cbc8f9c35e96c21267c5a3b99d10d50b9d20"},"environment":"GEN_2"},"stages":[{"name":"BUILD","state":"NOT_STARTED"},{"name":"SERVICE","state":"NOT_STARTED"},{"name":"TRIGGER","state":"NOT_STARTED"}],"operationType":"CREATE_FUNCTION"},"done":false}
[debug] [2026-08-22T01:48:25.015Z] [create-default-us-central1-deleteEntryFromGoogleSheets] Retrying task index 0
[debug] [2026-08-22T01:48:25.015Z] Checked if tokens are valid: true, expires at: 1787365546050
[debug] [2026-08-22T01:48:25.016Z] Checked if tokens are valid: true, expires at: 1787365546050
[debug] [2026-08-22T01:48:25.016Z] >>> [apiv2][query] GET https://cloudfunctions.googleapis.com/v2/projects/hours-tracker-505617/locations/us-central1/operations/operation-1787363303193-65998f2c57d18-63b6c5ee-b3a7e8e4 [none]
[debug] [2026-08-22T01:48:25.119Z] <<< [apiv2][status] GET https://cloudfunctions.googleapis.com/v2/projects/hours-tracker-505617/locations/us-central1/operations/operation-1787363303193-65998f2c57d18-63b6c5ee-b3a7e8e4 200
[debug] [2026-08-22T01:48:25.119Z] <<< [apiv2][body] GET https://cloudfunctions.googleapis.com/v2/projects/hours-tracker-505617/locations/us-central1/operations/operation-1787363303193-65998f2c57d18-63b6c5ee-b3a7e8e4 {"name":"projects/hours-tracker-505617/locations/us-central1/operations/operation-1787363303193-65998f2c57d18-63b6c5ee-b3a7e8e4","metadata":{"@type":"type.googleapis.com/google.cloud.functions.v2.OperationMetadata","createTime":"2026-08-22T01:48:23.938527171Z","target":"projects/hours-tracker-505617/locations/us-central1/functions/deleteEntryFromGoogleSheets","verb":"create","cancelRequested":false,"apiVersion":"v2","requestResource":{"@type":"type.googleapis.com/google.cloud.functions.v2.Function","name":"projects/hours-tracker-505617/locations/us-central1/functions/deleteEntryFromGoogleSheets","buildConfig":{"runtime":"nodejs22","entryPoint":"deleteEntryFromGoogleSheets","source":{"storageSource":{"bucket":"gcf-v2-sources-1053801277711-us-central1","object":"deleteEntryFromGoogleSheets/function-source.zip","generation":"1787363303573949"}},"environmentVariables":{"GOOGLE_NODE_RUN_SCRIPTS":""},"serviceAccount":"projects/hours-tracker-505617/serviceAccounts/1053801277711-compute@developer.gserviceaccount.com","automaticUpdatePolicy":{}},"serviceConfig":{"service":"projects/hours-tracker-505617/locations/us-central1/services/deleteentryfromgooglesheets","timeoutSeconds":60,"environmentVariables":{"GOOGLE_SHEET_ID":"1lCqSLt9Euep6TFEHGuqHFkbxWdgsuxoSBeMVa4yYxmE","FIREBASE_CONFIG":"{\"projectId\":\"hours-tracker-505617\",\"storageBucket\":\"hours-tracker-505617.firebasestorage.app\"}","GCLOUD_PROJECT":"hours-tracker-505617","EVENTARC_CLOUD_EVENT_SOURCE":"projects/hours-tracker-505617/locations/us-central1/services/deleteEntryFromGoogleSheets","FUNCTION_REGION":"us-central1","FUNCTION_SIGNATURE_TYPE":"cloudevent","FUNCTION_TARGET":"deleteEntryFromGoogleSheets","LOG_EXECUTION_ID":"true"},"ingressSettings":"ALLOW_ALL","serviceAccountEmail":"1053801277711-compute@developer.gserviceaccount.com","availableMemory":"256Mi","maxInstanceRequestConcurrency":80,"availableCpu":"1"},"eventTrigger":{"trigger":"projects/hours-tracker-505617/locations/nam5/triggers/deleteentryfromgooglesheets-102784","triggerRegion":"nam5","eventType":"google.cloud.firestore.document.v1.deleted","eventFilters":[{"attribute":"database","value":"(default)"},{"attribute":"namespace","value":"(default)"},{"attribute":"document","value":"users/{userId}/entries/{entryId}","operator":"match-path-pattern"}],"serviceAccountEmail":"1053801277711-compute@developer.gserviceaccount.com","retryPolicy":"RETRY_POLICY_DO_NOT_RETRY"},"labels":{"deployment-tool":"cli-firebase","firebase-functions-hash":"69c6cbc8f9c35e96c21267c5a3b99d10d50b9d20"},"environment":"GEN_2"},"stages":[{"name":"BUILD","message":"Build in progress","state":"IN_PROGRESS","resource":"projects/1053801277711/locations/us-central1/builds/ec29a5e9-103e-472d-90b2-67311596b732","resourceUri":"https://console.cloud.google.com/cloud-build/builds;region=us-central1/ec29a5e9-103e-472d-90b2-67311596b732?project=1053801277711"},{"name":"SERVICE","state":"NOT_STARTED"},{"name":"TRIGGER","state":"NOT_STARTED"}],"operationType":"CREATE_FUNCTION","buildName":"projects/1053801277711/locations/us-central1/builds/ec29a5e9-103e-472d-90b2-67311596b732"},"done":false}
[debug] [2026-08-22T01:48:26.121Z] [create-default-us-central1-deleteEntryFromGoogleSheets] Retrying task index 0
[debug] [2026-08-22T01:48:26.122Z] Checked if tokens are valid: true, expires at: 1787365546050
[debug] [2026-08-22T01:48:26.122Z] Checked if tokens are valid: true, expires at: 1787365546050
[debug] [2026-08-22T01:48:26.122Z] >>> [apiv2][query] GET https://cloudfunctions.googleapis.com/v2/projects/hours-tracker-505617/locations/us-central1/operations/operation-1787363303193-65998f2c57d18-63b6c5ee-b3a7e8e4 [none]
[debug] [2026-08-22T01:48:26.335Z] <<< [apiv2][status] GET https://cloudfunctions.googleapis.com/v2/projects/hours-tracker-505617/locations/us-central1/operations/operation-1787363303193-65998f2c57d18-63b6c5ee-b3a7e8e4 200
[debug] [2026-08-22T01:48:26.335Z] <<< [apiv2][body] GET https://cloudfunctions.googleapis.com/v2/projects/hours-tracker-505617/locations/us-central1/operations/operation-1787363303193-65998f2c57d18-63b6c5ee-b3a7e8e4 {"name":"projects/hours-tracker-505617/locations/us-central1/operations/operation-1787363303193-65998f2c57d18-63b6c5ee-b3a7e8e4","metadata":{"@type":"type.googleapis.com/google.cloud.functions.v2.OperationMetadata","createTime":"2026-08-22T01:48:23.938527171Z","target":"projects/hours-tracker-505617/locations/us-central1/functions/deleteEntryFromGoogleSheets","verb":"create","cancelRequested":false,"apiVersion":"v2","requestResource":{"@type":"type.googleapis.com/google.cloud.functions.v2.Function","name":"projects/hours-tracker-505617/locations/us-central1/functions/deleteEntryFromGoogleSheets","buildConfig":{"runtime":"nodejs22","entryPoint":"deleteEntryFromGoogleSheets","source":{"storageSource":{"bucket":"gcf-v2-sources-1053801277711-us-central1","object":"deleteEntryFromGoogleSheets/function-source.zip","generation":"1787363303573949"}},"environmentVariables":{"GOOGLE_NODE_RUN_SCRIPTS":""},"serviceAccount":"projects/hours-tracker-505617/serviceAccounts/1053801277711-compute@developer.gserviceaccount.com","automaticUpdatePolicy":{}},"serviceConfig":{"service":"projects/hours-tracker-505617/locations/us-central1/services/deleteentryfromgooglesheets","timeoutSeconds":60,"environmentVariables":{"GOOGLE_SHEET_ID":"1lCqSLt9Euep6TFEHGuqHFkbxWdgsuxoSBeMVa4yYxmE","FIREBASE_CONFIG":"{\"projectId\":\"hours-tracker-505617\",\"storageBucket\":\"hours-tracker-505617.firebasestorage.app\"}","GCLOUD_PROJECT":"hours-tracker-505617","EVENTARC_CLOUD_EVENT_SOURCE":"projects/hours-tracker-505617/locations/us-central1/services/deleteEntryFromGoogleSheets","FUNCTION_REGION":"us-central1","FUNCTION_SIGNATURE_TYPE":"cloudevent","FUNCTION_TARGET":"deleteEntryFromGoogleSheets","LOG_EXECUTION_ID":"true"},"ingressSettings":"ALLOW_ALL","serviceAccountEmail":"1053801277711-compute@developer.gserviceaccount.com","availableMemory":"256Mi","maxInstanceRequestConcurrency":80,"availableCpu":"1"},"eventTrigger":{"trigger":"projects/hours-tracker-505617/locations/nam5/triggers/deleteentryfromgooglesheets-102784","triggerRegion":"nam5","eventType":"google.cloud.firestore.document.v1.deleted","eventFilters":[{"attribute":"database","value":"(default)"},{"attribute":"namespace","value":"(default)"},{"attribute":"document","value":"users/{userId}/entries/{entryId}","operator":"match-path-pattern"}],"serviceAccountEmail":"1053801277711-compute@developer.gserviceaccount.com","retryPolicy":"RETRY_POLICY_DO_NOT_RETRY"},"labels":{"deployment-tool":"cli-firebase","firebase-functions-hash":"69c6cbc8f9c35e96c21267c5a3b99d10d50b9d20"},"environment":"GEN_2"},"stages":[{"name":"BUILD","message":"Build in progress","state":"IN_PROGRESS","resource":"projects/1053801277711/locations/us-central1/builds/ec29a5e9-103e-472d-90b2-67311596b732","resourceUri":"https://console.cloud.google.com/cloud-build/builds;region=us-central1/ec29a5e9-103e-472d-90b2-67311596b732?project=1053801277711"},{"name":"SERVICE","state":"NOT_STARTED"},{"name":"TRIGGER","state":"NOT_STARTED"}],"operationType":"CREATE_FUNCTION","buildName":"projects/1053801277711/locations/us-central1/builds/ec29a5e9-103e-472d-90b2-67311596b732"},"done":false}
[debug] [2026-08-22T01:48:28.336Z] [create-default-us-central1-deleteEntryFromGoogleSheets] Retrying task index 0
[debug] [2026-08-22T01:48:28.337Z] Checked if tokens are valid: true, expires at: 1787365546050
[debug] [2026-08-22T01:48:28.337Z] Checked if tokens are valid: true, expires at: 1787365546050
[debug] [2026-08-22T01:48:28.337Z] >>> [apiv2][query] GET https://cloudfunctions.googleapis.com/v2/projects/hours-tracker-505617/locations/us-central1/operations/operation-1787363303193-65998f2c57d18-63b6c5ee-b3a7e8e4 [none]
[debug] [2026-08-22T01:48:28.532Z] <<< [apiv2][status] GET https://cloudfunctions.googleapis.com/v2/projects/hours-tracker-505617/locations/us-central1/operations/operation-1787363303193-65998f2c57d18-63b6c5ee-b3a7e8e4 200
[debug] [2026-08-22T01:48:28.532Z] <<< [apiv2][body] GET https://cloudfunctions.googleapis.com/v2/projects/hours-tracker-505617/locations/us-central1/operations/operation-1787363303193-65998f2c57d18-63b6c5ee-b3a7e8e4 {"name":"projects/hours-tracker-505617/locations/us-central1/operations/operation-1787363303193-65998f2c57d18-63b6c5ee-b3a7e8e4","metadata":{"@type":"type.googleapis.com/google.cloud.functions.v2.OperationMetadata","createTime":"2026-08-22T01:48:23.938527171Z","target":"projects/hours-tracker-505617/locations/us-central1/functions/deleteEntryFromGoogleSheets","verb":"create","cancelRequested":false,"apiVersion":"v2","requestResource":{"@type":"type.googleapis.com/google.cloud.functions.v2.Function","name":"projects/hours-tracker-505617/locations/us-central1/functions/deleteEntryFromGoogleSheets","buildConfig":{"runtime":"nodejs22","entryPoint":"deleteEntryFromGoogleSheets","source":{"storageSource":{"bucket":"gcf-v2-sources-1053801277711-us-central1","object":"deleteEntryFromGoogleSheets/function-source.zip","generation":"1787363303573949"}},"environmentVariables":{"GOOGLE_NODE_RUN_SCRIPTS":""},"serviceAccount":"projects/hours-tracker-505617/serviceAccounts/1053801277711-compute@developer.gserviceaccount.com","automaticUpdatePolicy":{}},"serviceConfig":{"service":"projects/hours-tracker-505617/locations/us-central1/services/deleteentryfromgooglesheets","timeoutSeconds":60,"environmentVariables":{"GOOGLE_SHEET_ID":"1lCqSLt9Euep6TFEHGuqHFkbxWdgsuxoSBeMVa4yYxmE","FIREBASE_CONFIG":"{\"projectId\":\"hours-tracker-505617\",\"storageBucket\":\"hours-tracker-505617.firebasestorage.app\"}","GCLOUD_PROJECT":"hours-tracker-505617","EVENTARC_CLOUD_EVENT_SOURCE":"projects/hours-tracker-505617/locations/us-central1/services/deleteEntryFromGoogleSheets","FUNCTION_REGION":"us-central1","FUNCTION_SIGNATURE_TYPE":"cloudevent","FUNCTION_TARGET":"deleteEntryFromGoogleSheets","LOG_EXECUTION_ID":"true"},"ingressSettings":"ALLOW_ALL","serviceAccountEmail":"1053801277711-compute@developer.gserviceaccount.com","availableMemory":"256Mi","maxInstanceRequestConcurrency":80,"availableCpu":"1"},"eventTrigger":{"trigger":"projects/hours-tracker-505617/locations/nam5/triggers/deleteentryfromgooglesheets-102784","triggerRegion":"nam5","eventType":"google.cloud.firestore.document.v1.deleted","eventFilters":[{"attribute":"database","value":"(default)"},{"attribute":"namespace","value":"(default)"},{"attribute":"document","value":"users/{userId}/entries/{entryId}","operator":"match-path-pattern"}],"serviceAccountEmail":"1053801277711-compute@developer.gserviceaccount.com","retryPolicy":"RETRY_POLICY_DO_NOT_RETRY"},"labels":{"deployment-tool":"cli-firebase","firebase-functions-hash":"69c6cbc8f9c35e96c21267c5a3b99d10d50b9d20"},"environment":"GEN_2"},"stages":[{"name":"BUILD","message":"Build in progress","state":"IN_PROGRESS","resource":"projects/1053801277711/locations/us-central1/builds/ec29a5e9-103e-472d-90b2-67311596b732","resourceUri":"https://console.cloud.google.com/cloud-build/builds;region=us-central1/ec29a5e9-103e-472d-90b2-67311596b732?project=1053801277711"},{"name":"SERVICE","state":"NOT_STARTED"},{"name":"TRIGGER","state":"NOT_STARTED"}],"operationType":"CREATE_FUNCTION","buildName":"projects/1053801277711/locations/us-central1/builds/ec29a5e9-103e-472d-90b2-67311596b732"},"done":false}
[debug] [2026-08-22T01:48:32.532Z] [create-default-us-central1-deleteEntryFromGoogleSheets] Retrying task index 0
[debug] [2026-08-22T01:48:32.532Z] Checked if tokens are valid: true, expires at: 1787365546050
[debug] [2026-08-22T01:48:32.532Z] Checked if tokens are valid: true, expires at: 1787365546050
[debug] [2026-08-22T01:48:32.533Z] >>> [apiv2][query] GET https://cloudfunctions.googleapis.com/v2/projects/hours-tracker-505617/locations/us-central1/operations/operation-1787363303193-65998f2c57d18-63b6c5ee-b3a7e8e4 [none]
[debug] [2026-08-22T01:48:33.012Z] <<< [apiv2][status] GET https://cloudfunctions.googleapis.com/v2/projects/hours-tracker-505617/locations/us-central1/operations/operation-1787363303193-65998f2c57d18-63b6c5ee-b3a7e8e4 200
[debug] [2026-08-22T01:48:33.012Z] <<< [apiv2][body] GET https://cloudfunctions.googleapis.com/v2/projects/hours-tracker-505617/locations/us-central1/operations/operation-1787363303193-65998f2c57d18-63b6c5ee-b3a7e8e4 {"name":"projects/hours-tracker-505617/locations/us-central1/operations/operation-1787363303193-65998f2c57d18-63b6c5ee-b3a7e8e4","metadata":{"@type":"type.googleapis.com/google.cloud.functions.v2.OperationMetadata","createTime":"2026-08-22T01:48:23.938527171Z","target":"projects/hours-tracker-505617/locations/us-central1/functions/deleteEntryFromGoogleSheets","verb":"create","cancelRequested":false,"apiVersion":"v2","requestResource":{"@type":"type.googleapis.com/google.cloud.functions.v2.Function","name":"projects/hours-tracker-505617/locations/us-central1/functions/deleteEntryFromGoogleSheets","buildConfig":{"runtime":"nodejs22","entryPoint":"deleteEntryFromGoogleSheets","source":{"storageSource":{"bucket":"gcf-v2-sources-1053801277711-us-central1","object":"deleteEntryFromGoogleSheets/function-source.zip","generation":"1787363303573949"}},"environmentVariables":{"GOOGLE_NODE_RUN_SCRIPTS":""},"serviceAccount":"projects/hours-tracker-505617/serviceAccounts/1053801277711-compute@developer.gserviceaccount.com","automaticUpdatePolicy":{}},"serviceConfig":{"service":"projects/hours-tracker-505617/locations/us-central1/services/deleteentryfromgooglesheets","timeoutSeconds":60,"environmentVariables":{"GOOGLE_SHEET_ID":"1lCqSLt9Euep6TFEHGuqHFkbxWdgsuxoSBeMVa4yYxmE","FIREBASE_CONFIG":"{\"projectId\":\"hours-tracker-505617\",\"storageBucket\":\"hours-tracker-505617.firebasestorage.app\"}","GCLOUD_PROJECT":"hours-tracker-505617","EVENTARC_CLOUD_EVENT_SOURCE":"projects/hours-tracker-505617/locations/us-central1/services/deleteEntryFromGoogleSheets","FUNCTION_REGION":"us-central1","FUNCTION_SIGNATURE_TYPE":"cloudevent","FUNCTION_TARGET":"deleteEntryFromGoogleSheets","LOG_EXECUTION_ID":"true"},"ingressSettings":"ALLOW_ALL","serviceAccountEmail":"1053801277711-compute@developer.gserviceaccount.com","availableMemory":"256Mi","maxInstanceRequestConcurrency":80,"availableCpu":"1"},"eventTrigger":{"trigger":"projects/hours-tracker-505617/locations/nam5/triggers/deleteentryfromgooglesheets-102784","triggerRegion":"nam5","eventType":"google.cloud.firestore.document.v1.deleted","eventFilters":[{"attribute":"database","value":"(default)"},{"attribute":"namespace","value":"(default)"},{"attribute":"document","value":"users/{userId}/entries/{entryId}","operator":"match-path-pattern"}],"serviceAccountEmail":"1053801277711-compute@developer.gserviceaccount.com","retryPolicy":"RETRY_POLICY_DO_NOT_RETRY"},"labels":{"deployment-tool":"cli-firebase","firebase-functions-hash":"69c6cbc8f9c35e96c21267c5a3b99d10d50b9d20"},"environment":"GEN_2"},"stages":[{"name":"BUILD","message":"Build in progress","state":"IN_PROGRESS","resource":"projects/1053801277711/locations/us-central1/builds/ec29a5e9-103e-472d-90b2-67311596b732","resourceUri":"https://console.cloud.google.com/cloud-build/builds;region=us-central1/ec29a5e9-103e-472d-90b2-67311596b732?project=1053801277711"},{"name":"SERVICE","state":"NOT_STARTED"},{"name":"TRIGGER","state":"NOT_STARTED"}],"operationType":"CREATE_FUNCTION","buildName":"projects/1053801277711/locations/us-central1/builds/ec29a5e9-103e-472d-90b2-67311596b732"},"done":false}
[debug] [2026-08-22T01:48:41.013Z] [create-default-us-central1-deleteEntryFromGoogleSheets] Retrying task index 0
[debug] [2026-08-22T01:48:41.014Z] Checked if tokens are valid: true, expires at: 1787365546050
[debug] [2026-08-22T01:48:41.014Z] Checked if tokens are valid: true, expires at: 1787365546050
[debug] [2026-08-22T01:48:41.014Z] >>> [apiv2][query] GET https://cloudfunctions.googleapis.com/v2/projects/hours-tracker-505617/locations/us-central1/operations/operation-1787363303193-65998f2c57d18-63b6c5ee-b3a7e8e4 [none]
[debug] [2026-08-22T01:48:41.444Z] <<< [apiv2][status] GET https://cloudfunctions.googleapis.com/v2/projects/hours-tracker-505617/locations/us-central1/operations/operation-1787363303193-65998f2c57d18-63b6c5ee-b3a7e8e4 200
[debug] [2026-08-22T01:48:41.445Z] <<< [apiv2][body] GET https://cloudfunctions.googleapis.com/v2/projects/hours-tracker-505617/locations/us-central1/operations/operation-1787363303193-65998f2c57d18-63b6c5ee-b3a7e8e4 {"name":"projects/hours-tracker-505617/locations/us-central1/operations/operation-1787363303193-65998f2c57d18-63b6c5ee-b3a7e8e4","metadata":{"@type":"type.googleapis.com/google.cloud.functions.v2.OperationMetadata","createTime":"2026-08-22T01:48:23.938527171Z","target":"projects/hours-tracker-505617/locations/us-central1/functions/deleteEntryFromGoogleSheets","verb":"create","cancelRequested":false,"apiVersion":"v2","requestResource":{"@type":"type.googleapis.com/google.cloud.functions.v2.Function","name":"projects/hours-tracker-505617/locations/us-central1/functions/deleteEntryFromGoogleSheets","buildConfig":{"runtime":"nodejs22","entryPoint":"deleteEntryFromGoogleSheets","source":{"storageSource":{"bucket":"gcf-v2-sources-1053801277711-us-central1","object":"deleteEntryFromGoogleSheets/function-source.zip","generation":"1787363303573949"}},"environmentVariables":{"GOOGLE_NODE_RUN_SCRIPTS":""},"serviceAccount":"projects/hours-tracker-505617/serviceAccounts/1053801277711-compute@developer.gserviceaccount.com","automaticUpdatePolicy":{}},"serviceConfig":{"service":"projects/hours-tracker-505617/locations/us-central1/services/deleteentryfromgooglesheets","timeoutSeconds":60,"environmentVariables":{"GOOGLE_SHEET_ID":"1lCqSLt9Euep6TFEHGuqHFkbxWdgsuxoSBeMVa4yYxmE","FIREBASE_CONFIG":"{\"projectId\":\"hours-tracker-505617\",\"storageBucket\":\"hours-tracker-505617.firebasestorage.app\"}","GCLOUD_PROJECT":"hours-tracker-505617","EVENTARC_CLOUD_EVENT_SOURCE":"projects/hours-tracker-505617/locations/us-central1/services/deleteEntryFromGoogleSheets","FUNCTION_REGION":"us-central1","FUNCTION_SIGNATURE_TYPE":"cloudevent","FUNCTION_TARGET":"deleteEntryFromGoogleSheets","LOG_EXECUTION_ID":"true"},"ingressSettings":"ALLOW_ALL","serviceAccountEmail":"1053801277711-compute@developer.gserviceaccount.com","availableMemory":"256Mi","maxInstanceRequestConcurrency":80,"availableCpu":"1"},"eventTrigger":{"trigger":"projects/hours-tracker-505617/locations/nam5/triggers/deleteentryfromgooglesheets-102784","triggerRegion":"nam5","eventType":"google.cloud.firestore.document.v1.deleted","eventFilters":[{"attribute":"database","value":"(default)"},{"attribute":"namespace","value":"(default)"},{"attribute":"document","value":"users/{userId}/entries/{entryId}","operator":"match-path-pattern"}],"serviceAccountEmail":"1053801277711-compute@developer.gserviceaccount.com","retryPolicy":"RETRY_POLICY_DO_NOT_RETRY"},"labels":{"deployment-tool":"cli-firebase","firebase-functions-hash":"69c6cbc8f9c35e96c21267c5a3b99d10d50b9d20"},"environment":"GEN_2"},"stages":[{"name":"BUILD","message":"Build in progress","state":"IN_PROGRESS","resource":"projects/1053801277711/locations/us-central1/builds/ec29a5e9-103e-472d-90b2-67311596b732","resourceUri":"https://console.cloud.google.com/cloud-build/builds;region=us-central1/ec29a5e9-103e-472d-90b2-67311596b732?project=1053801277711"},{"name":"SERVICE","state":"NOT_STARTED"},{"name":"TRIGGER","state":"NOT_STARTED"}],"operationType":"CREATE_FUNCTION","buildName":"projects/1053801277711/locations/us-central1/builds/ec29a5e9-103e-472d-90b2-67311596b732"},"done":false}
[debug] [2026-08-22T01:48:51.446Z] [create-default-us-central1-deleteEntryFromGoogleSheets] Retrying task index 0
[debug] [2026-08-22T01:48:51.446Z] Checked if tokens are valid: true, expires at: 1787365546050
[debug] [2026-08-22T01:48:51.446Z] Checked if tokens are valid: true, expires at: 1787365546050
[debug] [2026-08-22T01:48:51.446Z] >>> [apiv2][query] GET https://cloudfunctions.googleapis.com/v2/projects/hours-tracker-505617/locations/us-central1/operations/operation-1787363303193-65998f2c57d18-63b6c5ee-b3a7e8e4 [none]
[debug] [2026-08-22T01:48:51.675Z] <<< [apiv2][status] GET https://cloudfunctions.googleapis.com/v2/projects/hours-tracker-505617/locations/us-central1/operations/operation-1787363303193-65998f2c57d18-63b6c5ee-b3a7e8e4 200
[debug] [2026-08-22T01:48:51.675Z] <<< [apiv2][body] GET https://cloudfunctions.googleapis.com/v2/projects/hours-tracker-505617/locations/us-central1/operations/operation-1787363303193-65998f2c57d18-63b6c5ee-b3a7e8e4 {"name":"projects/hours-tracker-505617/locations/us-central1/operations/operation-1787363303193-65998f2c57d18-63b6c5ee-b3a7e8e4","metadata":{"@type":"type.googleapis.com/google.cloud.functions.v2.OperationMetadata","createTime":"2026-08-22T01:48:23.938527171Z","target":"projects/hours-tracker-505617/locations/us-central1/functions/deleteEntryFromGoogleSheets","verb":"create","cancelRequested":false,"apiVersion":"v2","requestResource":{"@type":"type.googleapis.com/google.cloud.functions.v2.Function","name":"projects/hours-tracker-505617/locations/us-central1/functions/deleteEntryFromGoogleSheets","buildConfig":{"runtime":"nodejs22","entryPoint":"deleteEntryFromGoogleSheets","source":{"storageSource":{"bucket":"gcf-v2-sources-1053801277711-us-central1","object":"deleteEntryFromGoogleSheets/function-source.zip","generation":"1787363303573949"}},"environmentVariables":{"GOOGLE_NODE_RUN_SCRIPTS":""},"serviceAccount":"projects/hours-tracker-505617/serviceAccounts/1053801277711-compute@developer.gserviceaccount.com","automaticUpdatePolicy":{}},"serviceConfig":{"service":"projects/hours-tracker-505617/locations/us-central1/services/deleteentryfromgooglesheets","timeoutSeconds":60,"environmentVariables":{"GOOGLE_SHEET_ID":"1lCqSLt9Euep6TFEHGuqHFkbxWdgsuxoSBeMVa4yYxmE","FIREBASE_CONFIG":"{\"projectId\":\"hours-tracker-505617\",\"storageBucket\":\"hours-tracker-505617.firebasestorage.app\"}","GCLOUD_PROJECT":"hours-tracker-505617","EVENTARC_CLOUD_EVENT_SOURCE":"projects/hours-tracker-505617/locations/us-central1/services/deleteEntryFromGoogleSheets","FUNCTION_REGION":"us-central1","FUNCTION_SIGNATURE_TYPE":"cloudevent","FUNCTION_TARGET":"deleteEntryFromGoogleSheets","LOG_EXECUTION_ID":"true"},"ingressSettings":"ALLOW_ALL","serviceAccountEmail":"1053801277711-compute@developer.gserviceaccount.com","availableMemory":"256Mi","maxInstanceRequestConcurrency":80,"availableCpu":"1"},"eventTrigger":{"trigger":"projects/hours-tracker-505617/locations/nam5/triggers/deleteentryfromgooglesheets-102784","triggerRegion":"nam5","eventType":"google.cloud.firestore.document.v1.deleted","eventFilters":[{"attribute":"database","value":"(default)"},{"attribute":"namespace","value":"(default)"},{"attribute":"document","value":"users/{userId}/entries/{entryId}","operator":"match-path-pattern"}],"serviceAccountEmail":"1053801277711-compute@developer.gserviceaccount.com","retryPolicy":"RETRY_POLICY_DO_NOT_RETRY"},"labels":{"deployment-tool":"cli-firebase","firebase-functions-hash":"69c6cbc8f9c35e96c21267c5a3b99d10d50b9d20"},"environment":"GEN_2"},"stages":[{"name":"BUILD","message":"Build in progress","state":"IN_PROGRESS","resource":"projects/1053801277711/locations/us-central1/builds/ec29a5e9-103e-472d-90b2-67311596b732","resourceUri":"https://console.cloud.google.com/cloud-build/builds;region=us-central1/ec29a5e9-103e-472d-90b2-67311596b732?project=1053801277711"},{"name":"SERVICE","state":"NOT_STARTED"},{"name":"TRIGGER","state":"NOT_STARTED"}],"operationType":"CREATE_FUNCTION","buildName":"projects/1053801277711/locations/us-central1/builds/ec29a5e9-103e-472d-90b2-67311596b732"},"done":false}
[debug] [2026-08-22T01:49:01.677Z] [create-default-us-central1-deleteEntryFromGoogleSheets] Retrying task index 0
[debug] [2026-08-22T01:49:01.677Z] Checked if tokens are valid: true, expires at: 1787365546050
[debug] [2026-08-22T01:49:01.677Z] Checked if tokens are valid: true, expires at: 1787365546050
[debug] [2026-08-22T01:49:01.677Z] >>> [apiv2][query] GET https://cloudfunctions.googleapis.com/v2/projects/hours-tracker-505617/locations/us-central1/operations/operation-1787363303193-65998f2c57d18-63b6c5ee-b3a7e8e4 [none]
[debug] [2026-08-22T01:49:01.868Z] <<< [apiv2][status] GET https://cloudfunctions.googleapis.com/v2/projects/hours-tracker-505617/locations/us-central1/operations/operation-1787363303193-65998f2c57d18-63b6c5ee-b3a7e8e4 200
[debug] [2026-08-22T01:49:01.868Z] <<< [apiv2][body] GET https://cloudfunctions.googleapis.com/v2/projects/hours-tracker-505617/locations/us-central1/operations/operation-1787363303193-65998f2c57d18-63b6c5ee-b3a7e8e4 {"name":"projects/hours-tracker-505617/locations/us-central1/operations/operation-1787363303193-65998f2c57d18-63b6c5ee-b3a7e8e4","metadata":{"@type":"type.googleapis.com/google.cloud.functions.v2.OperationMetadata","createTime":"2026-08-22T01:48:23.938527171Z","target":"projects/hours-tracker-505617/locations/us-central1/functions/deleteEntryFromGoogleSheets","verb":"create","cancelRequested":false,"apiVersion":"v2","requestResource":{"@type":"type.googleapis.com/google.cloud.functions.v2.Function","name":"projects/hours-tracker-505617/locations/us-central1/functions/deleteEntryFromGoogleSheets","buildConfig":{"runtime":"nodejs22","entryPoint":"deleteEntryFromGoogleSheets","source":{"storageSource":{"bucket":"gcf-v2-sources-1053801277711-us-central1","object":"deleteEntryFromGoogleSheets/function-source.zip","generation":"1787363303573949"}},"environmentVariables":{"GOOGLE_NODE_RUN_SCRIPTS":""},"serviceAccount":"projects/hours-tracker-505617/serviceAccounts/1053801277711-compute@developer.gserviceaccount.com","automaticUpdatePolicy":{}},"serviceConfig":{"service":"projects/hours-tracker-505617/locations/us-central1/services/deleteentryfromgooglesheets","timeoutSeconds":60,"environmentVariables":{"GOOGLE_SHEET_ID":"1lCqSLt9Euep6TFEHGuqHFkbxWdgsuxoSBeMVa4yYxmE","FIREBASE_CONFIG":"{\"projectId\":\"hours-tracker-505617\",\"storageBucket\":\"hours-tracker-505617.firebasestorage.app\"}","GCLOUD_PROJECT":"hours-tracker-505617","EVENTARC_CLOUD_EVENT_SOURCE":"projects/hours-tracker-505617/locations/us-central1/services/deleteEntryFromGoogleSheets","FUNCTION_REGION":"us-central1","FUNCTION_SIGNATURE_TYPE":"cloudevent","FUNCTION_TARGET":"deleteEntryFromGoogleSheets","LOG_EXECUTION_ID":"true"},"ingressSettings":"ALLOW_ALL","serviceAccountEmail":"1053801277711-compute@developer.gserviceaccount.com","availableMemory":"256Mi","maxInstanceRequestConcurrency":80,"availableCpu":"1"},"eventTrigger":{"trigger":"projects/hours-tracker-505617/locations/nam5/triggers/deleteentryfromgooglesheets-102784","triggerRegion":"nam5","eventType":"google.cloud.firestore.document.v1.deleted","eventFilters":[{"attribute":"database","value":"(default)"},{"attribute":"namespace","value":"(default)"},{"attribute":"document","value":"users/{userId}/entries/{entryId}","operator":"match-path-pattern"}],"serviceAccountEmail":"1053801277711-compute@developer.gserviceaccount.com","retryPolicy":"RETRY_POLICY_DO_NOT_RETRY"},"labels":{"deployment-tool":"cli-firebase","firebase-functions-hash":"69c6cbc8f9c35e96c21267c5a3b99d10d50b9d20"},"environment":"GEN_2"},"stages":[{"name":"BUILD","message":"Build in progress","state":"IN_PROGRESS","resource":"projects/1053801277711/locations/us-central1/builds/ec29a5e9-103e-472d-90b2-67311596b732","resourceUri":"https://console.cloud.google.com/cloud-build/builds;region=us-central1/ec29a5e9-103e-472d-90b2-67311596b732?project=1053801277711"},{"name":"SERVICE","state":"NOT_STARTED"},{"name":"TRIGGER","state":"NOT_STARTED"}],"operationType":"CREATE_FUNCTION","buildName":"projects/1053801277711/locations/us-central1/builds/ec29a5e9-103e-472d-90b2-67311596b732"},"done":false}
[debug] [2026-08-22T01:49:11.869Z] [create-default-us-central1-deleteEntryFromGoogleSheets] Retrying task index 0
[debug] [2026-08-22T01:49:11.869Z] Checked if tokens are valid: true, expires at: 1787365546050
[debug] [2026-08-22T01:49:11.869Z] Checked if tokens are valid: true, expires at: 1787365546050
[debug] [2026-08-22T01:49:11.870Z] >>> [apiv2][query] GET https://cloudfunctions.googleapis.com/v2/projects/hours-tracker-505617/locations/us-central1/operations/operation-1787363303193-65998f2c57d18-63b6c5ee-b3a7e8e4 [none]
[debug] [2026-08-22T01:49:12.131Z] <<< [apiv2][status] GET https://cloudfunctions.googleapis.com/v2/projects/hours-tracker-505617/locations/us-central1/operations/operation-1787363303193-65998f2c57d18-63b6c5ee-b3a7e8e4 200
[debug] [2026-08-22T01:49:12.132Z] <<< [apiv2][body] GET https://cloudfunctions.googleapis.com/v2/projects/hours-tracker-505617/locations/us-central1/operations/operation-1787363303193-65998f2c57d18-63b6c5ee-b3a7e8e4 {"name":"projects/hours-tracker-505617/locations/us-central1/operations/operation-1787363303193-65998f2c57d18-63b6c5ee-b3a7e8e4","metadata":{"@type":"type.googleapis.com/google.cloud.functions.v2.OperationMetadata","createTime":"2026-08-22T01:48:23.938527171Z","target":"projects/hours-tracker-505617/locations/us-central1/functions/deleteEntryFromGoogleSheets","verb":"create","cancelRequested":false,"apiVersion":"v2","requestResource":{"@type":"type.googleapis.com/google.cloud.functions.v2.Function","name":"projects/hours-tracker-505617/locations/us-central1/functions/deleteEntryFromGoogleSheets","buildConfig":{"runtime":"nodejs22","entryPoint":"deleteEntryFromGoogleSheets","source":{"storageSource":{"bucket":"gcf-v2-sources-1053801277711-us-central1","object":"deleteEntryFromGoogleSheets/function-source.zip","generation":"1787363303573949"}},"environmentVariables":{"GOOGLE_NODE_RUN_SCRIPTS":""},"serviceAccount":"projects/hours-tracker-505617/serviceAccounts/1053801277711-compute@developer.gserviceaccount.com","automaticUpdatePolicy":{}},"serviceConfig":{"service":"projects/hours-tracker-505617/locations/us-central1/services/deleteentryfromgooglesheets","timeoutSeconds":60,"environmentVariables":{"GOOGLE_SHEET_ID":"1lCqSLt9Euep6TFEHGuqHFkbxWdgsuxoSBeMVa4yYxmE","FIREBASE_CONFIG":"{\"projectId\":\"hours-tracker-505617\",\"storageBucket\":\"hours-tracker-505617.firebasestorage.app\"}","GCLOUD_PROJECT":"hours-tracker-505617","EVENTARC_CLOUD_EVENT_SOURCE":"projects/hours-tracker-505617/locations/us-central1/services/deleteEntryFromGoogleSheets","FUNCTION_REGION":"us-central1","FUNCTION_SIGNATURE_TYPE":"cloudevent","FUNCTION_TARGET":"deleteEntryFromGoogleSheets","LOG_EXECUTION_ID":"true"},"ingressSettings":"ALLOW_ALL","serviceAccountEmail":"1053801277711-compute@developer.gserviceaccount.com","availableMemory":"256Mi","maxInstanceRequestConcurrency":80,"availableCpu":"1"},"eventTrigger":{"trigger":"projects/hours-tracker-505617/locations/nam5/triggers/deleteentryfromgooglesheets-102784","triggerRegion":"nam5","eventType":"google.cloud.firestore.document.v1.deleted","eventFilters":[{"attribute":"database","value":"(default)"},{"attribute":"namespace","value":"(default)"},{"attribute":"document","value":"users/{userId}/entries/{entryId}","operator":"match-path-pattern"}],"serviceAccountEmail":"1053801277711-compute@developer.gserviceaccount.com","retryPolicy":"RETRY_POLICY_DO_NOT_RETRY"},"labels":{"deployment-tool":"cli-firebase","firebase-functions-hash":"69c6cbc8f9c35e96c21267c5a3b99d10d50b9d20"},"environment":"GEN_2"},"stages":[{"name":"BUILD","message":"Build in progress","state":"IN_PROGRESS","resource":"projects/1053801277711/locations/us-central1/builds/ec29a5e9-103e-472d-90b2-67311596b732","resourceUri":"https://console.cloud.google.com/cloud-build/builds;region=us-central1/ec29a5e9-103e-472d-90b2-67311596b732?project=1053801277711"},{"name":"SERVICE","state":"NOT_STARTED"},{"name":"TRIGGER","state":"NOT_STARTED"}],"operationType":"CREATE_FUNCTION","buildName":"projects/1053801277711/locations/us-central1/builds/ec29a5e9-103e-472d-90b2-67311596b732"},"done":false}
[debug] [2026-08-22T01:49:22.133Z] [create-default-us-central1-deleteEntryFromGoogleSheets] Retrying task index 0
[debug] [2026-08-22T01:49:22.134Z] Checked if tokens are valid: true, expires at: 1787365546050
[debug] [2026-08-22T01:49:22.134Z] Checked if tokens are valid: true, expires at: 1787365546050
[debug] [2026-08-22T01:49:22.134Z] >>> [apiv2][query] GET https://cloudfunctions.googleapis.com/v2/projects/hours-tracker-505617/locations/us-central1/operations/operation-1787363303193-65998f2c57d18-63b6c5ee-b3a7e8e4 [none]
[debug] [2026-08-22T01:49:22.439Z] <<< [apiv2][status] GET https://cloudfunctions.googleapis.com/v2/projects/hours-tracker-505617/locations/us-central1/operations/operation-1787363303193-65998f2c57d18-63b6c5ee-b3a7e8e4 200
[debug] [2026-08-22T01:49:22.440Z] <<< [apiv2][body] GET https://cloudfunctions.googleapis.com/v2/projects/hours-tracker-505617/locations/us-central1/operations/operation-1787363303193-65998f2c57d18-63b6c5ee-b3a7e8e4 {"name":"projects/hours-tracker-505617/locations/us-central1/operations/operation-1787363303193-65998f2c57d18-63b6c5ee-b3a7e8e4","metadata":{"@type":"type.googleapis.com/google.cloud.functions.v2.OperationMetadata","createTime":"2026-08-22T01:48:23.938527171Z","target":"projects/hours-tracker-505617/locations/us-central1/functions/deleteEntryFromGoogleSheets","verb":"create","cancelRequested":false,"apiVersion":"v2","requestResource":{"@type":"type.googleapis.com/google.cloud.functions.v2.Function","name":"projects/hours-tracker-505617/locations/us-central1/functions/deleteEntryFromGoogleSheets","buildConfig":{"runtime":"nodejs22","entryPoint":"deleteEntryFromGoogleSheets","source":{"storageSource":{"bucket":"gcf-v2-sources-1053801277711-us-central1","object":"deleteEntryFromGoogleSheets/function-source.zip","generation":"1787363303573949"}},"environmentVariables":{"GOOGLE_NODE_RUN_SCRIPTS":""},"serviceAccount":"projects/hours-tracker-505617/serviceAccounts/1053801277711-compute@developer.gserviceaccount.com","automaticUpdatePolicy":{}},"serviceConfig":{"service":"projects/hours-tracker-505617/locations/us-central1/services/deleteentryfromgooglesheets","timeoutSeconds":60,"environmentVariables":{"GOOGLE_SHEET_ID":"1lCqSLt9Euep6TFEHGuqHFkbxWdgsuxoSBeMVa4yYxmE","FIREBASE_CONFIG":"{\"projectId\":\"hours-tracker-505617\",\"storageBucket\":\"hours-tracker-505617.firebasestorage.app\"}","GCLOUD_PROJECT":"hours-tracker-505617","EVENTARC_CLOUD_EVENT_SOURCE":"projects/hours-tracker-505617/locations/us-central1/services/deleteEntryFromGoogleSheets","FUNCTION_REGION":"us-central1","FUNCTION_SIGNATURE_TYPE":"cloudevent","FUNCTION_TARGET":"deleteEntryFromGoogleSheets","LOG_EXECUTION_ID":"true"},"ingressSettings":"ALLOW_ALL","serviceAccountEmail":"1053801277711-compute@developer.gserviceaccount.com","availableMemory":"256Mi","maxInstanceRequestConcurrency":80,"availableCpu":"1"},"eventTrigger":{"trigger":"projects/hours-tracker-505617/locations/nam5/triggers/deleteentryfromgooglesheets-102784","triggerRegion":"nam5","eventType":"google.cloud.firestore.document.v1.deleted","eventFilters":[{"attribute":"database","value":"(default)"},{"attribute":"namespace","value":"(default)"},{"attribute":"document","value":"users/{userId}/entries/{entryId}","operator":"match-path-pattern"}],"serviceAccountEmail":"1053801277711-compute@developer.gserviceaccount.com","retryPolicy":"RETRY_POLICY_DO_NOT_RETRY"},"labels":{"deployment-tool":"cli-firebase","firebase-functions-hash":"69c6cbc8f9c35e96c21267c5a3b99d10d50b9d20"},"environment":"GEN_2"},"stages":[{"name":"BUILD","message":"Build in progress","state":"IN_PROGRESS","resource":"projects/1053801277711/locations/us-central1/builds/ec29a5e9-103e-472d-90b2-67311596b732","resourceUri":"https://console.cloud.google.com/cloud-build/builds;region=us-central1/ec29a5e9-103e-472d-90b2-67311596b732?project=1053801277711"},{"name":"SERVICE","state":"NOT_STARTED"},{"name":"TRIGGER","state":"NOT_STARTED"}],"operationType":"CREATE_FUNCTION","buildName":"projects/1053801277711/locations/us-central1/builds/ec29a5e9-103e-472d-90b2-67311596b732"},"done":false}
[debug] [2026-08-22T01:49:32.442Z] [create-default-us-central1-deleteEntryFromGoogleSheets] Retrying task index 0
[debug] [2026-08-22T01:49:32.442Z] Checked if tokens are valid: true, expires at: 1787365546050
[debug] [2026-08-22T01:49:32.442Z] Checked if tokens are valid: true, expires at: 1787365546050
[debug] [2026-08-22T01:49:32.442Z] >>> [apiv2][query] GET https://cloudfunctions.googleapis.com/v2/projects/hours-tracker-505617/locations/us-central1/operations/operation-1787363303193-65998f2c57d18-63b6c5ee-b3a7e8e4 [none]
[debug] [2026-08-22T01:49:32.625Z] <<< [apiv2][status] GET https://cloudfunctions.googleapis.com/v2/projects/hours-tracker-505617/locations/us-central1/operations/operation-1787363303193-65998f2c57d18-63b6c5ee-b3a7e8e4 200
[debug] [2026-08-22T01:49:32.625Z] <<< [apiv2][body] GET https://cloudfunctions.googleapis.com/v2/projects/hours-tracker-505617/locations/us-central1/operations/operation-1787363303193-65998f2c57d18-63b6c5ee-b3a7e8e4 {"name":"projects/hours-tracker-505617/locations/us-central1/operations/operation-1787363303193-65998f2c57d18-63b6c5ee-b3a7e8e4","metadata":{"@type":"type.googleapis.com/google.cloud.functions.v2.OperationMetadata","createTime":"2026-08-22T01:48:23.938527171Z","target":"projects/hours-tracker-505617/locations/us-central1/functions/deleteEntryFromGoogleSheets","verb":"create","cancelRequested":false,"apiVersion":"v2","requestResource":{"@type":"type.googleapis.com/google.cloud.functions.v2.Function","name":"projects/hours-tracker-505617/locations/us-central1/functions/deleteEntryFromGoogleSheets","buildConfig":{"runtime":"nodejs22","entryPoint":"deleteEntryFromGoogleSheets","source":{"storageSource":{"bucket":"gcf-v2-sources-1053801277711-us-central1","object":"deleteEntryFromGoogleSheets/function-source.zip","generation":"1787363303573949"}},"environmentVariables":{"GOOGLE_NODE_RUN_SCRIPTS":""},"serviceAccount":"projects/hours-tracker-505617/serviceAccounts/1053801277711-compute@developer.gserviceaccount.com","automaticUpdatePolicy":{}},"serviceConfig":{"service":"projects/hours-tracker-505617/locations/us-central1/services/deleteentryfromgooglesheets","timeoutSeconds":60,"environmentVariables":{"GOOGLE_SHEET_ID":"1lCqSLt9Euep6TFEHGuqHFkbxWdgsuxoSBeMVa4yYxmE","FIREBASE_CONFIG":"{\"projectId\":\"hours-tracker-505617\",\"storageBucket\":\"hours-tracker-505617.firebasestorage.app\"}","GCLOUD_PROJECT":"hours-tracker-505617","EVENTARC_CLOUD_EVENT_SOURCE":"projects/hours-tracker-505617/locations/us-central1/services/deleteEntryFromGoogleSheets","FUNCTION_REGION":"us-central1","FUNCTION_SIGNATURE_TYPE":"cloudevent","FUNCTION_TARGET":"deleteEntryFromGoogleSheets","LOG_EXECUTION_ID":"true"},"ingressSettings":"ALLOW_ALL","serviceAccountEmail":"1053801277711-compute@developer.gserviceaccount.com","availableMemory":"256Mi","maxInstanceRequestConcurrency":80,"availableCpu":"1"},"eventTrigger":{"trigger":"projects/hours-tracker-505617/locations/nam5/triggers/deleteentryfromgooglesheets-102784","triggerRegion":"nam5","eventType":"google.cloud.firestore.document.v1.deleted","eventFilters":[{"attribute":"database","value":"(default)"},{"attribute":"namespace","value":"(default)"},{"attribute":"document","value":"users/{userId}/entries/{entryId}","operator":"match-path-pattern"}],"serviceAccountEmail":"1053801277711-compute@developer.gserviceaccount.com","retryPolicy":"RETRY_POLICY_DO_NOT_RETRY"},"labels":{"deployment-tool":"cli-firebase","firebase-functions-hash":"69c6cbc8f9c35e96c21267c5a3b99d10d50b9d20"},"environment":"GEN_2"},"stages":[{"name":"BUILD","message":"Build finished","state":"COMPLETE","resource":"projects/1053801277711/locations/us-central1/builds/ec29a5e9-103e-472d-90b2-67311596b732","resourceUri":"https://console.cloud.google.com/cloud-build/builds;region=us-central1/ec29a5e9-103e-472d-90b2-67311596b732?project=1053801277711"},{"name":"SERVICE","message":"Creating Cloud Run service","state":"IN_PROGRESS","resource":"projects/hours-tracker-505617/locations/us-central1/services/deleteentryfromgooglesheets","resourceUri":"https://console.cloud.google.com/run/detail/us-central1/deleteentryfromgooglesheets?project=hours-tracker-505617"},{"name":"TRIGGER","state":"NOT_STARTED"}],"sourceToken":"Clhwcm9qZWN0cy8xMDUzODAxMjc3NzExL2xvY2F0aW9ucy91cy1jZW50cmFsMS9idWlsZHMvZWMyOWE1ZTktMTAzZS00NzJkLTkwYjItNjczMTE1OTZiNzMyEo0BdXMtY2VudHJhbDEtZG9ja2VyLnBrZy5kZXYvaG91cnMtdHJhY2tlci01MDU2MTcvZ2NmLWFydGlmYWN0cy9ob3Vycy0tdHJhY2tlci0tNTA1NjE3X191cy0tY2VudHJhbDFfX2RlbGV0ZV9lbnRyeV9mcm9tX2dvb2dsZV9zaGVldHM6dmVyc2lvbl8xGI/SzdvVHiJZcHJvamVjdHMvaG91cnMtdHJhY2tlci01MDU2MTcvbG9jYXRpb25zL3VzLWNlbnRyYWwxL2Z1bmN0aW9ucy9kZWxldGVFbnRyeUZyb21Hb29nbGVTaGVldHMqDAiqgKTUBhDYz97HAjIIbm9kZWpzMjI6dgojZ2NyLmlvL2dhZS1ydW50aW1lcy9ub2RlanMyMjpzdGFibGUST3VzLWNlbnRyYWwxLWRvY2tlci5wa2cuZGV2L3NlcnZlcmxlc3MtcnVudGltZXMvZ29vZ2xlLTIyLWZ1bGwvcnVudGltZXMvbm9kZWpzMjJAAQ==","operationType":"CREATE_FUNCTION","buildName":"projects/1053801277711/locations/us-central1/builds/ec29a5e9-103e-472d-90b2-67311596b732"},"done":false}
[debug] [2026-08-22T01:49:32.625Z] Got source token Clhwcm9qZWN0cy8xMDUzODAxMjc3NzExL2xvY2F0aW9ucy91cy1jZW50cmFsMS9idWlsZHMvZWMyOWE1ZTktMTAzZS00NzJkLTkwYjItNjczMTE1OTZiNzMyEo0BdXMtY2VudHJhbDEtZG9ja2VyLnBrZy5kZXYvaG91cnMtdHJhY2tlci01MDU2MTcvZ2NmLWFydGlmYWN0cy9ob3Vycy0tdHJhY2tlci0tNTA1NjE3X191cy0tY2VudHJhbDFfX2RlbGV0ZV9lbnRyeV9mcm9tX2dvb2dsZV9zaGVldHM6dmVyc2lvbl8xGI/SzdvVHiJZcHJvamVjdHMvaG91cnMtdHJhY2tlci01MDU2MTcvbG9jYXRpb25zL3VzLWNlbnRyYWwxL2Z1bmN0aW9ucy9kZWxldGVFbnRyeUZyb21Hb29nbGVTaGVldHMqDAiqgKTUBhDYz97HAjIIbm9kZWpzMjI6dgojZ2NyLmlvL2dhZS1ydW50aW1lcy9ub2RlanMyMjpzdGFibGUST3VzLWNlbnRyYWwxLWRvY2tlci5wa2cuZGV2L3NlcnZlcmxlc3MtcnVudGltZXMvZ29vZ2xlLTIyLWZ1bGwvcnVudGltZXMvbm9kZWpzMjJAAQ== for region us-central1
[debug] [2026-08-22T01:49:32.626Z] Checked if tokens are valid: true, expires at: 1787365546050
[debug] [2026-08-22T01:49:32.626Z] Checked if tokens are valid: true, expires at: 1787365546050
[debug] [2026-08-22T01:49:32.626Z] >>> [apiv2][query] PATCH https://cloudfunctions.googleapis.com/v2/projects/hours-tracker-505617/locations/us-central1/functions/syncEntryToGoogleSheets updateMask=name%2CbuildConfig.runtime%2CbuildConfig.entryPoint%2CbuildConfig.source.storageSource.bucket%2CbuildConfig.source.storageSource.object%2CbuildConfig.environmentVariables%2CbuildConfig.sourceToken%2CserviceConfig.environmentVariables%2CserviceConfig.ingressSettings%2CserviceConfig.timeoutSeconds%2CserviceConfig.serviceAccountEmail%2CserviceConfig.availableMemory%2CserviceConfig.minInstanceCount%2CserviceConfig.maxInstanceCount%2CserviceConfig.maxInstanceRequestConcurrency%2CserviceConfig.availableCpu%2CserviceConfig.vpcConnector%2CserviceConfig.vpcConnectorEgressSettings%2CserviceConfig.directVpcNetworkInterface%2CserviceConfig.directVpcEgress%2Clabels%2CeventTrigger.eventType%2CeventTrigger.retryPolicy%2CeventTrigger.eventFilters%2CeventTrigger.triggerRegion
[debug] [2026-08-22T01:49:32.626Z] >>> [apiv2][body] PATCH https://cloudfunctions.googleapis.com/v2/projects/hours-tracker-505617/locations/us-central1/functions/syncEntryToGoogleSheets {"name":"projects/hours-tracker-505617/locations/us-central1/functions/syncEntryToGoogleSheets","buildConfig":{"runtime":"nodejs22","entryPoint":"syncEntryToGoogleSheets","source":{"storageSource":{"bucket":"gcf-v2-uploads-1053801277711.us-central1.cloudfunctions.appspot.com","object":"a9139db6-d70a-4014-8bf3-655fa6ac732f.zip"}},"environmentVariables":{"GOOGLE_NODE_RUN_SCRIPTS":""},"sourceToken":"Clhwcm9qZWN0cy8xMDUzODAxMjc3NzExL2xvY2F0aW9ucy91cy1jZW50cmFsMS9idWlsZHMvZWMyOWE1ZTktMTAzZS00NzJkLTkwYjItNjczMTE1OTZiNzMyEo0BdXMtY2VudHJhbDEtZG9ja2VyLnBrZy5kZXYvaG91cnMtdHJhY2tlci01MDU2MTcvZ2NmLWFydGlmYWN0cy9ob3Vycy0tdHJhY2tlci0tNTA1NjE3X191cy0tY2VudHJhbDFfX2RlbGV0ZV9lbnRyeV9mcm9tX2dvb2dsZV9zaGVldHM6dmVyc2lvbl8xGI/SzdvVHiJZcHJvamVjdHMvaG91cnMtdHJhY2tlci01MDU2MTcvbG9jYXRpb25zL3VzLWNlbnRyYWwxL2Z1bmN0aW9ucy9kZWxldGVFbnRyeUZyb21Hb29nbGVTaGVldHMqDAiqgKTUBhDYz97HAjIIbm9kZWpzMjI6dgojZ2NyLmlvL2dhZS1ydW50aW1lcy9ub2RlanMyMjpzdGFibGUST3VzLWNlbnRyYWwxLWRvY2tlci5wa2cuZGV2L3NlcnZlcmxlc3MtcnVudGltZXMvZ29vZ2xlLTIyLWZ1bGwvcnVudGltZXMvbm9kZWpzMjJAAQ=="},"serviceConfig":{"environmentVariables":{"GOOGLE_SHEET_ID":"1lCqSLt9Euep6TFEHGuqHFkbxWdgsuxoSBeMVa4yYxmE","FIREBASE_CONFIG":"{\"projectId\":\"hours-tracker-505617\",\"storageBucket\":\"hours-tracker-505617.firebasestorage.app\"}","GCLOUD_PROJECT":"hours-tracker-505617","EVENTARC_CLOUD_EVENT_SOURCE":"projects/hours-tracker-505617/locations/us-central1/services/syncEntryToGoogleSheets","FUNCTION_REGION":"us-central1","FUNCTION_SIGNATURE_TYPE":"cloudevent","FUNCTION_TARGET":"syncEntryToGoogleSheets","LOG_EXECUTION_ID":"true"},"ingressSettings":null,"timeoutSeconds":60,"serviceAccountEmail":null,"availableMemory":"256Mi","minInstanceCount":null,"maxInstanceCount":null,"maxInstanceRequestConcurrency":80,"availableCpu":"1","vpcConnector":null,"vpcConnectorEgressSettings":null,"directVpcNetworkInterface":null,"directVpcEgress":null},"labels":{"deployment-tool":"cli-firebase","firebase-functions-hash":"69c6cbc8f9c35e96c21267c5a3b99d10d50b9d20"},"eventTrigger":{"eventType":"google.cloud.firestore.document.v1.created","retryPolicy":"RETRY_POLICY_DO_NOT_RETRY","eventFilters":[{"attribute":"database","value":"(default)"},{"attribute":"namespace","value":"(default)"},{"attribute":"document","value":"users/{userId}/entries/{entryId}","operator":"match-path-pattern"}],"triggerRegion":"nam5"}}
[debug] [2026-08-22T01:49:34.041Z] <<< [apiv2][status] PATCH https://cloudfunctions.googleapis.com/v2/projects/hours-tracker-505617/locations/us-central1/functions/syncEntryToGoogleSheets 200
[debug] [2026-08-22T01:49:34.041Z] <<< [apiv2][body] PATCH https://cloudfunctions.googleapis.com/v2/projects/hours-tracker-505617/locations/us-central1/functions/syncEntryToGoogleSheets {"name":"projects/hours-tracker-505617/locations/us-central1/operations/operation-1787363372755-65998f6eae89b-53d6644d-47f18a58","metadata":{"@type":"type.googleapis.com/google.cloud.functions.v2.OperationMetadata","createTime":"2026-08-22T01:49:33.829888540Z","target":"projects/hours-tracker-505617/locations/us-central1/functions/syncEntryToGoogleSheets","verb":"update","cancelRequested":false,"apiVersion":"v2"},"done":false}
[debug] [2026-08-22T01:49:34.041Z] Checked if tokens are valid: true, expires at: 1787365546050
[debug] [2026-08-22T01:49:34.041Z] Checked if tokens are valid: true, expires at: 1787365546050
[debug] [2026-08-22T01:49:34.041Z] >>> [apiv2][query] GET https://cloudfunctions.googleapis.com/v2/projects/hours-tracker-505617/locations/us-central1/operations/operation-1787363372755-65998f6eae89b-53d6644d-47f18a58 [none]
[debug] [2026-08-22T01:49:34.558Z] <<< [apiv2][status] GET https://cloudfunctions.googleapis.com/v2/projects/hours-tracker-505617/locations/us-central1/operations/operation-1787363372755-65998f6eae89b-53d6644d-47f18a58 200
[debug] [2026-08-22T01:49:34.559Z] <<< [apiv2][body] GET https://cloudfunctions.googleapis.com/v2/projects/hours-tracker-505617/locations/us-central1/operations/operation-1787363372755-65998f6eae89b-53d6644d-47f18a58 {"name":"projects/hours-tracker-505617/locations/us-central1/operations/operation-1787363372755-65998f6eae89b-53d6644d-47f18a58","metadata":{"@type":"type.googleapis.com/google.cloud.functions.v2.OperationMetadata","createTime":"2026-08-22T01:49:33.829888540Z","target":"projects/hours-tracker-505617/locations/us-central1/functions/syncEntryToGoogleSheets","verb":"update","cancelRequested":false,"apiVersion":"v2","requestResource":{"@type":"type.googleapis.com/google.cloud.functions.v2.Function","name":"projects/hours-tracker-505617/locations/us-central1/functions/syncEntryToGoogleSheets","buildConfig":{"runtime":"nodejs22","entryPoint":"syncEntryToGoogleSheets","source":{"storageSource":{"bucket":"gcf-v2-sources-1053801277711-us-central1","object":"syncEntryToGoogleSheets/function-source.zip","generation":"1787363373768296"}},"environmentVariables":{"GOOGLE_NODE_RUN_SCRIPTS":""},"dockerRepository":"projects/hours-tracker-505617/locations/us-central1/repositories/gcf-artifacts","sourceProvenance":{"resolvedStorageSource":{"bucket":"gcf-v2-sources-1053801277711-us-central1","object":"syncEntryToGoogleSheets/function-source.zip","generation":"1787055093363757"}},"dockerRegistry":"ARTIFACT_REGISTRY","sourceToken":"Clhwcm9qZWN0cy8xMDUzODAxMjc3NzExL2xvY2F0aW9ucy91cy1jZW50cmFsMS9idWlsZHMvZWMyOWE1ZTktMTAzZS00NzJkLTkwYjItNjczMTE1OTZiNzMyEo0BdXMtY2VudHJhbDEtZG9ja2VyLnBrZy5kZXYvaG91cnMtdHJhY2tlci01MDU2MTcvZ2NmLWFydGlmYWN0cy9ob3Vycy0tdHJhY2tlci0tNTA1NjE3X191cy0tY2VudHJhbDFfX2RlbGV0ZV9lbnRyeV9mcm9tX2dvb2dsZV9zaGVldHM6dmVyc2lvbl8xGI/SzdvVHiJZcHJvamVjdHMvaG91cnMtdHJhY2tlci01MDU2MTcvbG9jYXRpb25zL3VzLWNlbnRyYWwxL2Z1bmN0aW9ucy9kZWxldGVFbnRyeUZyb21Hb29nbGVTaGVldHMqDAiqgKTUBhDYz97HAjIIbm9kZWpzMjI6dgojZ2NyLmlvL2dhZS1ydW50aW1lcy9ub2RlanMyMjpzdGFibGUST3VzLWNlbnRyYWwxLWRvY2tlci5wa2cuZGV2L3NlcnZlcmxlc3MtcnVudGltZXMvZ29vZ2xlLTIyLWZ1bGwvcnVudGltZXMvbm9kZWpzMjJAAQ==","serviceAccount":"projects/hours-tracker-505617/serviceAccounts/1053801277711-compute@developer.gserviceaccount.com","automaticUpdatePolicy":{}},"serviceConfig":{"service":"projects/hours-tracker-505617/locations/us-central1/services/syncentrytogooglesheets","timeoutSeconds":60,"environmentVariables":{"GOOGLE_SHEET_ID":"1lCqSLt9Euep6TFEHGuqHFkbxWdgsuxoSBeMVa4yYxmE","FIREBASE_CONFIG":"{\"projectId\":\"hours-tracker-505617\",\"storageBucket\":\"hours-tracker-505617.firebasestorage.app\"}","GCLOUD_PROJECT":"hours-tracker-505617","EVENTARC_CLOUD_EVENT_SOURCE":"projects/hours-tracker-505617/locations/us-central1/services/syncEntryToGoogleSheets","FUNCTION_REGION":"us-central1","FUNCTION_SIGNATURE_TYPE":"cloudevent","FUNCTION_TARGET":"syncEntryToGoogleSheets","LOG_EXECUTION_ID":"true"},"ingressSettings":"ALLOW_ALL","uri":"https://syncentrytogooglesheets-tpag7r5hda-uc.a.run.app","serviceAccountEmail":"1053801277711-compute@developer.gserviceaccount.com","availableMemory":"256Mi","allTrafficOnLatestRevision":true,"revision":"syncentrytogooglesheets-00004-ful","maxInstanceRequestConcurrency":80,"availableCpu":"1"},"eventTrigger":{"trigger":"projects/hours-tracker-505617/locations/nam5/triggers/syncentrytogooglesheets-783751","triggerRegion":"nam5","eventType":"google.cloud.firestore.document.v1.created","eventFilters":[{"attribute":"database","value":"(default)"},{"attribute":"namespace","value":"(default)"},{"attribute":"document","value":"users/{userId}/entries/{entryId}","operator":"match-path-pattern"}],"pubsubTopic":"projects/hours-tracker-505617/topics/eventarc-nam5-syncentrytogooglesheets-783751-767","serviceAccountEmail":"1053801277711-compute@developer.gserviceaccount.com","retryPolicy":"RETRY_POLICY_DO_NOT_RETRY"},"state":"ACTIVE","labels":{"deployment-tool":"cli-firebase","firebase-functions-hash":"69c6cbc8f9c35e96c21267c5a3b99d10d50b9d20"},"environment":"GEN_2","url":"https://us-central1-hours-tracker-505617.cloudfunctions.net/syncEntryToGoogleSheets","satisfiesPzi":true},"stages":[{"name":"BUILD","message":"Reusing build","state":"COMPLETE","resource":"projects/1053801277711/locations/us-central1/builds/ec29a5e9-103e-472d-90b2-67311596b732"},{"name":"SERVICE","state":"NOT_STARTED"},{"name":"TRIGGER","state":"NOT_STARTED"}],"sourceToken":"Clhwcm9qZWN0cy8xMDUzODAxMjc3NzExL2xvY2F0aW9ucy91cy1jZW50cmFsMS9idWlsZHMvZWMyOWE1ZTktMTAzZS00NzJkLTkwYjItNjczMTE1OTZiNzMyEo0BdXMtY2VudHJhbDEtZG9ja2VyLnBrZy5kZXYvaG91cnMtdHJhY2tlci01MDU2MTcvZ2NmLWFydGlmYWN0cy9ob3Vycy0tdHJhY2tlci0tNTA1NjE3X191cy0tY2VudHJhbDFfX2RlbGV0ZV9lbnRyeV9mcm9tX2dvb2dsZV9zaGVldHM6dmVyc2lvbl8xGI/SzdvVHiJZcHJvamVjdHMvaG91cnMtdHJhY2tlci01MDU2MTcvbG9jYXRpb25zL3VzLWNlbnRyYWwxL2Z1bmN0aW9ucy9kZWxldGVFbnRyeUZyb21Hb29nbGVTaGVldHMqDAiqgKTUBhDYz97HAjIIbm9kZWpzMjI6dgojZ2NyLmlvL2dhZS1ydW50aW1lcy9ub2RlanMyMjpzdGFibGUST3VzLWNlbnRyYWwxLWRvY2tlci5wa2cuZGV2L3NlcnZlcmxlc3MtcnVudGltZXMvZ29vZ2xlLTIyLWZ1bGwvcnVudGltZXMvbm9kZWpzMjJAAQ==","operationType":"UPDATE_FUNCTION","buildName":"projects/1053801277711/locations/us-central1/builds/ec29a5e9-103e-472d-90b2-67311596b732"},"done":false}
[debug] [2026-08-22T01:49:34.559Z] Got source token Clhwcm9qZWN0cy8xMDUzODAxMjc3NzExL2xvY2F0aW9ucy91cy1jZW50cmFsMS9idWlsZHMvZWMyOWE1ZTktMTAzZS00NzJkLTkwYjItNjczMTE1OTZiNzMyEo0BdXMtY2VudHJhbDEtZG9ja2VyLnBrZy5kZXYvaG91cnMtdHJhY2tlci01MDU2MTcvZ2NmLWFydGlmYWN0cy9ob3Vycy0tdHJhY2tlci0tNTA1NjE3X191cy0tY2VudHJhbDFfX2RlbGV0ZV9lbnRyeV9mcm9tX2dvb2dsZV9zaGVldHM6dmVyc2lvbl8xGI/SzdvVHiJZcHJvamVjdHMvaG91cnMtdHJhY2tlci01MDU2MTcvbG9jYXRpb25zL3VzLWNlbnRyYWwxL2Z1bmN0aW9ucy9kZWxldGVFbnRyeUZyb21Hb29nbGVTaGVldHMqDAiqgKTUBhDYz97HAjIIbm9kZWpzMjI6dgojZ2NyLmlvL2dhZS1ydW50aW1lcy9ub2RlanMyMjpzdGFibGUST3VzLWNlbnRyYWwxLWRvY2tlci5wa2cuZGV2L3NlcnZlcmxlc3MtcnVudGltZXMvZ29vZ2xlLTIyLWZ1bGwvcnVudGltZXMvbm9kZWpzMjJAAQ== for region us-central1
[debug] [2026-08-22T01:49:35.059Z] [update-default-us-central1-syncEntryToGoogleSheets] Retrying task index 0
[debug] [2026-08-22T01:49:35.060Z] Checked if tokens are valid: true, expires at: 1787365546050
[debug] [2026-08-22T01:49:35.060Z] Checked if tokens are valid: true, expires at: 1787365546050
[debug] [2026-08-22T01:49:35.060Z] >>> [apiv2][query] GET https://cloudfunctions.googleapis.com/v2/projects/hours-tracker-505617/locations/us-central1/operations/operation-1787363372755-65998f6eae89b-53d6644d-47f18a58 [none]
[debug] [2026-08-22T01:49:35.581Z] <<< [apiv2][status] GET https://cloudfunctions.googleapis.com/v2/projects/hours-tracker-505617/locations/us-central1/operations/operation-1787363372755-65998f6eae89b-53d6644d-47f18a58 200
[debug] [2026-08-22T01:49:35.581Z] <<< [apiv2][body] GET https://cloudfunctions.googleapis.com/v2/projects/hours-tracker-505617/locations/us-central1/operations/operation-1787363372755-65998f6eae89b-53d6644d-47f18a58 {"name":"projects/hours-tracker-505617/locations/us-central1/operations/operation-1787363372755-65998f6eae89b-53d6644d-47f18a58","metadata":{"@type":"type.googleapis.com/google.cloud.functions.v2.OperationMetadata","createTime":"2026-08-22T01:49:33.829888540Z","target":"projects/hours-tracker-505617/locations/us-central1/functions/syncEntryToGoogleSheets","verb":"update","cancelRequested":false,"apiVersion":"v2","requestResource":{"@type":"type.googleapis.com/google.cloud.functions.v2.Function","name":"projects/hours-tracker-505617/locations/us-central1/functions/syncEntryToGoogleSheets","buildConfig":{"runtime":"nodejs22","entryPoint":"syncEntryToGoogleSheets","source":{"storageSource":{"bucket":"gcf-v2-sources-1053801277711-us-central1","object":"syncEntryToGoogleSheets/function-source.zip","generation":"1787363373768296"}},"environmentVariables":{"GOOGLE_NODE_RUN_SCRIPTS":""},"dockerRepository":"projects/hours-tracker-505617/locations/us-central1/repositories/gcf-artifacts","sourceProvenance":{"resolvedStorageSource":{"bucket":"gcf-v2-sources-1053801277711-us-central1","object":"syncEntryToGoogleSheets/function-source.zip","generation":"1787055093363757"}},"dockerRegistry":"ARTIFACT_REGISTRY","sourceToken":"Clhwcm9qZWN0cy8xMDUzODAxMjc3NzExL2xvY2F0aW9ucy91cy1jZW50cmFsMS9idWlsZHMvZWMyOWE1ZTktMTAzZS00NzJkLTkwYjItNjczMTE1OTZiNzMyEo0BdXMtY2VudHJhbDEtZG9ja2VyLnBrZy5kZXYvaG91cnMtdHJhY2tlci01MDU2MTcvZ2NmLWFydGlmYWN0cy9ob3Vycy0tdHJhY2tlci0tNTA1NjE3X191cy0tY2VudHJhbDFfX2RlbGV0ZV9lbnRyeV9mcm9tX2dvb2dsZV9zaGVldHM6dmVyc2lvbl8xGI/SzdvVHiJZcHJvamVjdHMvaG91cnMtdHJhY2tlci01MDU2MTcvbG9jYXRpb25zL3VzLWNlbnRyYWwxL2Z1bmN0aW9ucy9kZWxldGVFbnRyeUZyb21Hb29nbGVTaGVldHMqDAiqgKTUBhDYz97HAjIIbm9kZWpzMjI6dgojZ2NyLmlvL2dhZS1ydW50aW1lcy9ub2RlanMyMjpzdGFibGUST3VzLWNlbnRyYWwxLWRvY2tlci5wa2cuZGV2L3NlcnZlcmxlc3MtcnVudGltZXMvZ29vZ2xlLTIyLWZ1bGwvcnVudGltZXMvbm9kZWpzMjJAAQ==","serviceAccount":"projects/hours-tracker-505617/serviceAccounts/1053801277711-compute@developer.gserviceaccount.com","automaticUpdatePolicy":{}},"serviceConfig":{"service":"projects/hours-tracker-505617/locations/us-central1/services/syncentrytogooglesheets","timeoutSeconds":60,"environmentVariables":{"GOOGLE_SHEET_ID":"1lCqSLt9Euep6TFEHGuqHFkbxWdgsuxoSBeMVa4yYxmE","FIREBASE_CONFIG":"{\"projectId\":\"hours-tracker-505617\",\"storageBucket\":\"hours-tracker-505617.firebasestorage.app\"}","GCLOUD_PROJECT":"hours-tracker-505617","EVENTARC_CLOUD_EVENT_SOURCE":"projects/hours-tracker-505617/locations/us-central1/services/syncEntryToGoogleSheets","FUNCTION_REGION":"us-central1","FUNCTION_SIGNATURE_TYPE":"cloudevent","FUNCTION_TARGET":"syncEntryToGoogleSheets","LOG_EXECUTION_ID":"true"},"ingressSettings":"ALLOW_ALL","uri":"https://syncentrytogooglesheets-tpag7r5hda-uc.a.run.app","serviceAccountEmail":"1053801277711-compute@developer.gserviceaccount.com","availableMemory":"256Mi","allTrafficOnLatestRevision":true,"revision":"syncentrytogooglesheets-00004-ful","maxInstanceRequestConcurrency":80,"availableCpu":"1"},"eventTrigger":{"trigger":"projects/hours-tracker-505617/locations/nam5/triggers/syncentrytogooglesheets-783751","triggerRegion":"nam5","eventType":"google.cloud.firestore.document.v1.created","eventFilters":[{"attribute":"database","value":"(default)"},{"attribute":"namespace","value":"(default)"},{"attribute":"document","value":"users/{userId}/entries/{entryId}","operator":"match-path-pattern"}],"pubsubTopic":"projects/hours-tracker-505617/topics/eventarc-nam5-syncentrytogooglesheets-783751-767","serviceAccountEmail":"1053801277711-compute@developer.gserviceaccount.com","retryPolicy":"RETRY_POLICY_DO_NOT_RETRY"},"state":"ACTIVE","labels":{"deployment-tool":"cli-firebase","firebase-functions-hash":"69c6cbc8f9c35e96c21267c5a3b99d10d50b9d20"},"environment":"GEN_2","url":"https://us-central1-hours-tracker-505617.cloudfunctions.net/syncEntryToGoogleSheets","satisfiesPzi":true},"stages":[{"name":"BUILD","message":"Reusing build","state":"COMPLETE","resource":"projects/1053801277711/locations/us-central1/builds/ec29a5e9-103e-472d-90b2-67311596b732"},{"name":"SERVICE","message":"Updating Cloud Run service","state":"IN_PROGRESS","resource":"projects/hours-tracker-505617/locations/us-central1/services/syncentrytogooglesheets","resourceUri":"https://console.cloud.google.com/run/detail/us-central1/syncentrytogooglesheets?project=hours-tracker-505617","stateMessages":[{"severity":"INFO","type":"CloudRunServiceNewRevisionTrafficInfo","message":"A new revision will be deployed serving with 100% traffic."}]},{"name":"TRIGGER","state":"NOT_STARTED"}],"sourceToken":"Clhwcm9qZWN0cy8xMDUzODAxMjc3NzExL2xvY2F0aW9ucy91cy1jZW50cmFsMS9idWlsZHMvZWMyOWE1ZTktMTAzZS00NzJkLTkwYjItNjczMTE1OTZiNzMyEo0BdXMtY2VudHJhbDEtZG9ja2VyLnBrZy5kZXYvaG91cnMtdHJhY2tlci01MDU2MTcvZ2NmLWFydGlmYWN0cy9ob3Vycy0tdHJhY2tlci0tNTA1NjE3X191cy0tY2VudHJhbDFfX2RlbGV0ZV9lbnRyeV9mcm9tX2dvb2dsZV9zaGVldHM6dmVyc2lvbl8xGI/SzdvVHiJZcHJvamVjdHMvaG91cnMtdHJhY2tlci01MDU2MTcvbG9jYXRpb25zL3VzLWNlbnRyYWwxL2Z1bmN0aW9ucy9kZWxldGVFbnRyeUZyb21Hb29nbGVTaGVldHMqDAiqgKTUBhDYz97HAjIIbm9kZWpzMjI6dgojZ2NyLmlvL2dhZS1ydW50aW1lcy9ub2RlanMyMjpzdGFibGUST3VzLWNlbnRyYWwxLWRvY2tlci5wa2cuZGV2L3NlcnZlcmxlc3MtcnVudGltZXMvZ29vZ2xlLTIyLWZ1bGwvcnVudGltZXMvbm9kZWpzMjJAAQ==","operationType":"UPDATE_FUNCTION","buildName":"projects/1053801277711/locations/us-central1/builds/ec29a5e9-103e-472d-90b2-67311596b732"},"done":false}
[debug] [2026-08-22T01:49:35.581Z] Got source token Clhwcm9qZWN0cy8xMDUzODAxMjc3NzExL2xvY2F0aW9ucy91cy1jZW50cmFsMS9idWlsZHMvZWMyOWE1ZTktMTAzZS00NzJkLTkwYjItNjczMTE1OTZiNzMyEo0BdXMtY2VudHJhbDEtZG9ja2VyLnBrZy5kZXYvaG91cnMtdHJhY2tlci01MDU2MTcvZ2NmLWFydGlmYWN0cy9ob3Vycy0tdHJhY2tlci0tNTA1NjE3X191cy0tY2VudHJhbDFfX2RlbGV0ZV9lbnRyeV9mcm9tX2dvb2dsZV9zaGVldHM6dmVyc2lvbl8xGI/SzdvVHiJZcHJvamVjdHMvaG91cnMtdHJhY2tlci01MDU2MTcvbG9jYXRpb25zL3VzLWNlbnRyYWwxL2Z1bmN0aW9ucy9kZWxldGVFbnRyeUZyb21Hb29nbGVTaGVldHMqDAiqgKTUBhDYz97HAjIIbm9kZWpzMjI6dgojZ2NyLmlvL2dhZS1ydW50aW1lcy9ub2RlanMyMjpzdGFibGUST3VzLWNlbnRyYWwxLWRvY2tlci5wa2cuZGV2L3NlcnZlcmxlc3MtcnVudGltZXMvZ29vZ2xlLTIyLWZ1bGwvcnVudGltZXMvbm9kZWpzMjJAAQ== for region us-central1
[debug] [2026-08-22T01:49:36.581Z] [update-default-us-central1-syncEntryToGoogleSheets] Retrying task index 0
[debug] [2026-08-22T01:49:36.582Z] Checked if tokens are valid: true, expires at: 1787365546050
[debug] [2026-08-22T01:49:36.582Z] Checked if tokens are valid: true, expires at: 1787365546050
[debug] [2026-08-22T01:49:36.582Z] >>> [apiv2][query] GET https://cloudfunctions.googleapis.com/v2/projects/hours-tracker-505617/locations/us-central1/operations/operation-1787363372755-65998f6eae89b-53d6644d-47f18a58 [none]
[debug] [2026-08-22T01:49:36.710Z] <<< [apiv2][status] GET https://cloudfunctions.googleapis.com/v2/projects/hours-tracker-505617/locations/us-central1/operations/operation-1787363372755-65998f6eae89b-53d6644d-47f18a58 200
[debug] [2026-08-22T01:49:36.710Z] <<< [apiv2][body] GET https://cloudfunctions.googleapis.com/v2/projects/hours-tracker-505617/locations/us-central1/operations/operation-1787363372755-65998f6eae89b-53d6644d-47f18a58 {"name":"projects/hours-tracker-505617/locations/us-central1/operations/operation-1787363372755-65998f6eae89b-53d6644d-47f18a58","metadata":{"@type":"type.googleapis.com/google.cloud.functions.v2.OperationMetadata","createTime":"2026-08-22T01:49:33.829888540Z","target":"projects/hours-tracker-505617/locations/us-central1/functions/syncEntryToGoogleSheets","verb":"update","cancelRequested":false,"apiVersion":"v2","requestResource":{"@type":"type.googleapis.com/google.cloud.functions.v2.Function","name":"projects/hours-tracker-505617/locations/us-central1/functions/syncEntryToGoogleSheets","buildConfig":{"runtime":"nodejs22","entryPoint":"syncEntryToGoogleSheets","source":{"storageSource":{"bucket":"gcf-v2-sources-1053801277711-us-central1","object":"syncEntryToGoogleSheets/function-source.zip","generation":"1787363373768296"}},"environmentVariables":{"GOOGLE_NODE_RUN_SCRIPTS":""},"dockerRepository":"projects/hours-tracker-505617/locations/us-central1/repositories/gcf-artifacts","sourceProvenance":{"resolvedStorageSource":{"bucket":"gcf-v2-sources-1053801277711-us-central1","object":"syncEntryToGoogleSheets/function-source.zip","generation":"1787055093363757"}},"dockerRegistry":"ARTIFACT_REGISTRY","sourceToken":"Clhwcm9qZWN0cy8xMDUzODAxMjc3NzExL2xvY2F0aW9ucy91cy1jZW50cmFsMS9idWlsZHMvZWMyOWE1ZTktMTAzZS00NzJkLTkwYjItNjczMTE1OTZiNzMyEo0BdXMtY2VudHJhbDEtZG9ja2VyLnBrZy5kZXYvaG91cnMtdHJhY2tlci01MDU2MTcvZ2NmLWFydGlmYWN0cy9ob3Vycy0tdHJhY2tlci0tNTA1NjE3X191cy0tY2VudHJhbDFfX2RlbGV0ZV9lbnRyeV9mcm9tX2dvb2dsZV9zaGVldHM6dmVyc2lvbl8xGI/SzdvVHiJZcHJvamVjdHMvaG91cnMtdHJhY2tlci01MDU2MTcvbG9jYXRpb25zL3VzLWNlbnRyYWwxL2Z1bmN0aW9ucy9kZWxldGVFbnRyeUZyb21Hb29nbGVTaGVldHMqDAiqgKTUBhDYz97HAjIIbm9kZWpzMjI6dgojZ2NyLmlvL2dhZS1ydW50aW1lcy9ub2RlanMyMjpzdGFibGUST3VzLWNlbnRyYWwxLWRvY2tlci5wa2cuZGV2L3NlcnZlcmxlc3MtcnVudGltZXMvZ29vZ2xlLTIyLWZ1bGwvcnVudGltZXMvbm9kZWpzMjJAAQ==","serviceAccount":"projects/hours-tracker-505617/serviceAccounts/1053801277711-compute@developer.gserviceaccount.com","automaticUpdatePolicy":{}},"serviceConfig":{"service":"projects/hours-tracker-505617/locations/us-central1/services/syncentrytogooglesheets","timeoutSeconds":60,"environmentVariables":{"GOOGLE_SHEET_ID":"1lCqSLt9Euep6TFEHGuqHFkbxWdgsuxoSBeMVa4yYxmE","FIREBASE_CONFIG":"{\"projectId\":\"hours-tracker-505617\",\"storageBucket\":\"hours-tracker-505617.firebasestorage.app\"}","GCLOUD_PROJECT":"hours-tracker-505617","EVENTARC_CLOUD_EVENT_SOURCE":"projects/hours-tracker-505617/locations/us-central1/services/syncEntryToGoogleSheets","FUNCTION_REGION":"us-central1","FUNCTION_SIGNATURE_TYPE":"cloudevent","FUNCTION_TARGET":"syncEntryToGoogleSheets","LOG_EXECUTION_ID":"true"},"ingressSettings":"ALLOW_ALL","uri":"https://syncentrytogooglesheets-tpag7r5hda-uc.a.run.app","serviceAccountEmail":"1053801277711-compute@developer.gserviceaccount.com","availableMemory":"256Mi","allTrafficOnLatestRevision":true,"revision":"syncentrytogooglesheets-00004-ful","maxInstanceRequestConcurrency":80,"availableCpu":"1"},"eventTrigger":{"trigger":"projects/hours-tracker-505617/locations/nam5/triggers/syncentrytogooglesheets-783751","triggerRegion":"nam5","eventType":"google.cloud.firestore.document.v1.created","eventFilters":[{"attribute":"database","value":"(default)"},{"attribute":"namespace","value":"(default)"},{"attribute":"document","value":"users/{userId}/entries/{entryId}","operator":"match-path-pattern"}],"pubsubTopic":"projects/hours-tracker-505617/topics/eventarc-nam5-syncentrytogooglesheets-783751-767","serviceAccountEmail":"1053801277711-compute@developer.gserviceaccount.com","retryPolicy":"RETRY_POLICY_DO_NOT_RETRY"},"state":"ACTIVE","labels":{"deployment-tool":"cli-firebase","firebase-functions-hash":"69c6cbc8f9c35e96c21267c5a3b99d10d50b9d20"},"environment":"GEN_2","url":"https://us-central1-hours-tracker-505617.cloudfunctions.net/syncEntryToGoogleSheets","satisfiesPzi":true},"stages":[{"name":"BUILD","message":"Reusing build","state":"COMPLETE","resource":"projects/1053801277711/locations/us-central1/builds/ec29a5e9-103e-472d-90b2-67311596b732"},{"name":"SERVICE","message":"Updating Cloud Run service","state":"IN_PROGRESS","resource":"projects/hours-tracker-505617/locations/us-central1/services/syncentrytogooglesheets","resourceUri":"https://console.cloud.google.com/run/detail/us-central1/syncentrytogooglesheets?project=hours-tracker-505617","stateMessages":[{"severity":"INFO","type":"CloudRunServiceNewRevisionTrafficInfo","message":"A new revision will be deployed serving with 100% traffic."}]},{"name":"TRIGGER","state":"NOT_STARTED"}],"sourceToken":"Clhwcm9qZWN0cy8xMDUzODAxMjc3NzExL2xvY2F0aW9ucy91cy1jZW50cmFsMS9idWlsZHMvZWMyOWE1ZTktMTAzZS00NzJkLTkwYjItNjczMTE1OTZiNzMyEo0BdXMtY2VudHJhbDEtZG9ja2VyLnBrZy5kZXYvaG91cnMtdHJhY2tlci01MDU2MTcvZ2NmLWFydGlmYWN0cy9ob3Vycy0tdHJhY2tlci0tNTA1NjE3X191cy0tY2VudHJhbDFfX2RlbGV0ZV9lbnRyeV9mcm9tX2dvb2dsZV9zaGVldHM6dmVyc2lvbl8xGI/SzdvVHiJZcHJvamVjdHMvaG91cnMtdHJhY2tlci01MDU2MTcvbG9jYXRpb25zL3VzLWNlbnRyYWwxL2Z1bmN0aW9ucy9kZWxldGVFbnRyeUZyb21Hb29nbGVTaGVldHMqDAiqgKTUBhDYz97HAjIIbm9kZWpzMjI6dgojZ2NyLmlvL2dhZS1ydW50aW1lcy9ub2RlanMyMjpzdGFibGUST3VzLWNlbnRyYWwxLWRvY2tlci5wa2cuZGV2L3NlcnZlcmxlc3MtcnVudGltZXMvZ29vZ2xlLTIyLWZ1bGwvcnVudGltZXMvbm9kZWpzMjJAAQ==","operationType":"UPDATE_FUNCTION","buildName":"projects/1053801277711/locations/us-central1/builds/ec29a5e9-103e-472d-90b2-67311596b732"},"done":false}
[debug] [2026-08-22T01:49:36.710Z] Got source token Clhwcm9qZWN0cy8xMDUzODAxMjc3NzExL2xvY2F0aW9ucy91cy1jZW50cmFsMS9idWlsZHMvZWMyOWE1ZTktMTAzZS00NzJkLTkwYjItNjczMTE1OTZiNzMyEo0BdXMtY2VudHJhbDEtZG9ja2VyLnBrZy5kZXYvaG91cnMtdHJhY2tlci01MDU2MTcvZ2NmLWFydGlmYWN0cy9ob3Vycy0tdHJhY2tlci0tNTA1NjE3X191cy0tY2VudHJhbDFfX2RlbGV0ZV9lbnRyeV9mcm9tX2dvb2dsZV9zaGVldHM6dmVyc2lvbl8xGI/SzdvVHiJZcHJvamVjdHMvaG91cnMtdHJhY2tlci01MDU2MTcvbG9jYXRpb25zL3VzLWNlbnRyYWwxL2Z1bmN0aW9ucy9kZWxldGVFbnRyeUZyb21Hb29nbGVTaGVldHMqDAiqgKTUBhDYz97HAjIIbm9kZWpzMjI6dgojZ2NyLmlvL2dhZS1ydW50aW1lcy9ub2RlanMyMjpzdGFibGUST3VzLWNlbnRyYWwxLWRvY2tlci5wa2cuZGV2L3NlcnZlcmxlc3MtcnVudGltZXMvZ29vZ2xlLTIyLWZ1bGwvcnVudGltZXMvbm9kZWpzMjJAAQ== for region us-central1
[debug] [2026-08-22T01:49:38.711Z] [update-default-us-central1-syncEntryToGoogleSheets] Retrying task index 0
[debug] [2026-08-22T01:49:38.712Z] Checked if tokens are valid: true, expires at: 1787365546050
[debug] [2026-08-22T01:49:38.712Z] Checked if tokens are valid: true, expires at: 1787365546050
[debug] [2026-08-22T01:49:38.712Z] >>> [apiv2][query] GET https://cloudfunctions.googleapis.com/v2/projects/hours-tracker-505617/locations/us-central1/operations/operation-1787363372755-65998f6eae89b-53d6644d-47f18a58 [none]
[debug] [2026-08-22T01:49:38.849Z] <<< [apiv2][status] GET https://cloudfunctions.googleapis.com/v2/projects/hours-tracker-505617/locations/us-central1/operations/operation-1787363372755-65998f6eae89b-53d6644d-47f18a58 200
[debug] [2026-08-22T01:49:38.849Z] <<< [apiv2][body] GET https://cloudfunctions.googleapis.com/v2/projects/hours-tracker-505617/locations/us-central1/operations/operation-1787363372755-65998f6eae89b-53d6644d-47f18a58 {"name":"projects/hours-tracker-505617/locations/us-central1/operations/operation-1787363372755-65998f6eae89b-53d6644d-47f18a58","metadata":{"@type":"type.googleapis.com/google.cloud.functions.v2.OperationMetadata","createTime":"2026-08-22T01:49:33.829888540Z","target":"projects/hours-tracker-505617/locations/us-central1/functions/syncEntryToGoogleSheets","verb":"update","cancelRequested":false,"apiVersion":"v2","requestResource":{"@type":"type.googleapis.com/google.cloud.functions.v2.Function","name":"projects/hours-tracker-505617/locations/us-central1/functions/syncEntryToGoogleSheets","buildConfig":{"runtime":"nodejs22","entryPoint":"syncEntryToGoogleSheets","source":{"storageSource":{"bucket":"gcf-v2-sources-1053801277711-us-central1","object":"syncEntryToGoogleSheets/function-source.zip","generation":"1787363373768296"}},"environmentVariables":{"GOOGLE_NODE_RUN_SCRIPTS":""},"dockerRepository":"projects/hours-tracker-505617/locations/us-central1/repositories/gcf-artifacts","sourceProvenance":{"resolvedStorageSource":{"bucket":"gcf-v2-sources-1053801277711-us-central1","object":"syncEntryToGoogleSheets/function-source.zip","generation":"1787055093363757"}},"dockerRegistry":"ARTIFACT_REGISTRY","sourceToken":"Clhwcm9qZWN0cy8xMDUzODAxMjc3NzExL2xvY2F0aW9ucy91cy1jZW50cmFsMS9idWlsZHMvZWMyOWE1ZTktMTAzZS00NzJkLTkwYjItNjczMTE1OTZiNzMyEo0BdXMtY2VudHJhbDEtZG9ja2VyLnBrZy5kZXYvaG91cnMtdHJhY2tlci01MDU2MTcvZ2NmLWFydGlmYWN0cy9ob3Vycy0tdHJhY2tlci0tNTA1NjE3X191cy0tY2VudHJhbDFfX2RlbGV0ZV9lbnRyeV9mcm9tX2dvb2dsZV9zaGVldHM6dmVyc2lvbl8xGI/SzdvVHiJZcHJvamVjdHMvaG91cnMtdHJhY2tlci01MDU2MTcvbG9jYXRpb25zL3VzLWNlbnRyYWwxL2Z1bmN0aW9ucy9kZWxldGVFbnRyeUZyb21Hb29nbGVTaGVldHMqDAiqgKTUBhDYz97HAjIIbm9kZWpzMjI6dgojZ2NyLmlvL2dhZS1ydW50aW1lcy9ub2RlanMyMjpzdGFibGUST3VzLWNlbnRyYWwxLWRvY2tlci5wa2cuZGV2L3NlcnZlcmxlc3MtcnVudGltZXMvZ29vZ2xlLTIyLWZ1bGwvcnVudGltZXMvbm9kZWpzMjJAAQ==","serviceAccount":"projects/hours-tracker-505617/serviceAccounts/1053801277711-compute@developer.gserviceaccount.com","automaticUpdatePolicy":{}},"serviceConfig":{"service":"projects/hours-tracker-505617/locations/us-central1/services/syncentrytogooglesheets","timeoutSeconds":60,"environmentVariables":{"GOOGLE_SHEET_ID":"1lCqSLt9Euep6TFEHGuqHFkbxWdgsuxoSBeMVa4yYxmE","FIREBASE_CONFIG":"{\"projectId\":\"hours-tracker-505617\",\"storageBucket\":\"hours-tracker-505617.firebasestorage.app\"}","GCLOUD_PROJECT":"hours-tracker-505617","EVENTARC_CLOUD_EVENT_SOURCE":"projects/hours-tracker-505617/locations/us-central1/services/syncEntryToGoogleSheets","FUNCTION_REGION":"us-central1","FUNCTION_SIGNATURE_TYPE":"cloudevent","FUNCTION_TARGET":"syncEntryToGoogleSheets","LOG_EXECUTION_ID":"true"},"ingressSettings":"ALLOW_ALL","uri":"https://syncentrytogooglesheets-tpag7r5hda-uc.a.run.app","serviceAccountEmail":"1053801277711-compute@developer.gserviceaccount.com","availableMemory":"256Mi","allTrafficOnLatestRevision":true,"revision":"syncentrytogooglesheets-00004-ful","maxInstanceRequestConcurrency":80,"availableCpu":"1"},"eventTrigger":{"trigger":"projects/hours-tracker-505617/locations/nam5/triggers/syncentrytogooglesheets-783751","triggerRegion":"nam5","eventType":"google.cloud.firestore.document.v1.created","eventFilters":[{"attribute":"database","value":"(default)"},{"attribute":"namespace","value":"(default)"},{"attribute":"document","value":"users/{userId}/entries/{entryId}","operator":"match-path-pattern"}],"pubsubTopic":"projects/hours-tracker-505617/topics/eventarc-nam5-syncentrytogooglesheets-783751-767","serviceAccountEmail":"1053801277711-compute@developer.gserviceaccount.com","retryPolicy":"RETRY_POLICY_DO_NOT_RETRY"},"state":"ACTIVE","labels":{"deployment-tool":"cli-firebase","firebase-functions-hash":"69c6cbc8f9c35e96c21267c5a3b99d10d50b9d20"},"environment":"GEN_2","url":"https://us-central1-hours-tracker-505617.cloudfunctions.net/syncEntryToGoogleSheets","satisfiesPzi":true},"stages":[{"name":"BUILD","message":"Reusing build","state":"COMPLETE","resource":"projects/1053801277711/locations/us-central1/builds/ec29a5e9-103e-472d-90b2-67311596b732"},{"name":"SERVICE","message":"Updating Cloud Run service","state":"IN_PROGRESS","resource":"projects/hours-tracker-505617/locations/us-central1/services/syncentrytogooglesheets","resourceUri":"https://console.cloud.google.com/run/detail/us-central1/syncentrytogooglesheets?project=hours-tracker-505617","stateMessages":[{"severity":"INFO","type":"CloudRunServiceNewRevisionTrafficInfo","message":"A new revision will be deployed serving with 100% traffic."}]},{"name":"TRIGGER","state":"NOT_STARTED"}],"sourceToken":"Clhwcm9qZWN0cy8xMDUzODAxMjc3NzExL2xvY2F0aW9ucy91cy1jZW50cmFsMS9idWlsZHMvZWMyOWE1ZTktMTAzZS00NzJkLTkwYjItNjczMTE1OTZiNzMyEo0BdXMtY2VudHJhbDEtZG9ja2VyLnBrZy5kZXYvaG91cnMtdHJhY2tlci01MDU2MTcvZ2NmLWFydGlmYWN0cy9ob3Vycy0tdHJhY2tlci0tNTA1NjE3X191cy0tY2VudHJhbDFfX2RlbGV0ZV9lbnRyeV9mcm9tX2dvb2dsZV9zaGVldHM6dmVyc2lvbl8xGI/SzdvVHiJZcHJvamVjdHMvaG91cnMtdHJhY2tlci01MDU2MTcvbG9jYXRpb25zL3VzLWNlbnRyYWwxL2Z1bmN0aW9ucy9kZWxldGVFbnRyeUZyb21Hb29nbGVTaGVldHMqDAiqgKTUBhDYz97HAjIIbm9kZWpzMjI6dgojZ2NyLmlvL2dhZS1ydW50aW1lcy9ub2RlanMyMjpzdGFibGUST3VzLWNlbnRyYWwxLWRvY2tlci5wa2cuZGV2L3NlcnZlcmxlc3MtcnVudGltZXMvZ29vZ2xlLTIyLWZ1bGwvcnVudGltZXMvbm9kZWpzMjJAAQ==","operationType":"UPDATE_FUNCTION","buildName":"projects/1053801277711/locations/us-central1/builds/ec29a5e9-103e-472d-90b2-67311596b732"},"done":false}
[debug] [2026-08-22T01:49:38.849Z] Got source token Clhwcm9qZWN0cy8xMDUzODAxMjc3NzExL2xvY2F0aW9ucy91cy1jZW50cmFsMS9idWlsZHMvZWMyOWE1ZTktMTAzZS00NzJkLTkwYjItNjczMTE1OTZiNzMyEo0BdXMtY2VudHJhbDEtZG9ja2VyLnBrZy5kZXYvaG91cnMtdHJhY2tlci01MDU2MTcvZ2NmLWFydGlmYWN0cy9ob3Vycy0tdHJhY2tlci0tNTA1NjE3X191cy0tY2VudHJhbDFfX2RlbGV0ZV9lbnRyeV9mcm9tX2dvb2dsZV9zaGVldHM6dmVyc2lvbl8xGI/SzdvVHiJZcHJvamVjdHMvaG91cnMtdHJhY2tlci01MDU2MTcvbG9jYXRpb25zL3VzLWNlbnRyYWwxL2Z1bmN0aW9ucy9kZWxldGVFbnRyeUZyb21Hb29nbGVTaGVldHMqDAiqgKTUBhDYz97HAjIIbm9kZWpzMjI6dgojZ2NyLmlvL2dhZS1ydW50aW1lcy9ub2RlanMyMjpzdGFibGUST3VzLWNlbnRyYWwxLWRvY2tlci5wa2cuZGV2L3NlcnZlcmxlc3MtcnVudGltZXMvZ29vZ2xlLTIyLWZ1bGwvcnVudGltZXMvbm9kZWpzMjJAAQ== for region us-central1
[debug] [2026-08-22T01:49:42.626Z] [create-default-us-central1-deleteEntryFromGoogleSheets] Retrying task index 0
[debug] [2026-08-22T01:49:42.626Z] Checked if tokens are valid: true, expires at: 1787365546050
[debug] [2026-08-22T01:49:42.627Z] Checked if tokens are valid: true, expires at: 1787365546050
[debug] [2026-08-22T01:49:42.627Z] >>> [apiv2][query] GET https://cloudfunctions.googleapis.com/v2/projects/hours-tracker-505617/locations/us-central1/operations/operation-1787363303193-65998f2c57d18-63b6c5ee-b3a7e8e4 [none]
[debug] [2026-08-22T01:49:42.748Z] <<< [apiv2][status] GET https://cloudfunctions.googleapis.com/v2/projects/hours-tracker-505617/locations/us-central1/operations/operation-1787363303193-65998f2c57d18-63b6c5ee-b3a7e8e4 200
[debug] [2026-08-22T01:49:42.748Z] <<< [apiv2][body] GET https://cloudfunctions.googleapis.com/v2/projects/hours-tracker-505617/locations/us-central1/operations/operation-1787363303193-65998f2c57d18-63b6c5ee-b3a7e8e4 {"name":"projects/hours-tracker-505617/locations/us-central1/operations/operation-1787363303193-65998f2c57d18-63b6c5ee-b3a7e8e4","metadata":{"@type":"type.googleapis.com/google.cloud.functions.v2.OperationMetadata","createTime":"2026-08-22T01:48:23.938527171Z","target":"projects/hours-tracker-505617/locations/us-central1/functions/deleteEntryFromGoogleSheets","verb":"create","cancelRequested":false,"apiVersion":"v2","requestResource":{"@type":"type.googleapis.com/google.cloud.functions.v2.Function","name":"projects/hours-tracker-505617/locations/us-central1/functions/deleteEntryFromGoogleSheets","buildConfig":{"runtime":"nodejs22","entryPoint":"deleteEntryFromGoogleSheets","source":{"storageSource":{"bucket":"gcf-v2-sources-1053801277711-us-central1","object":"deleteEntryFromGoogleSheets/function-source.zip","generation":"1787363303573949"}},"environmentVariables":{"GOOGLE_NODE_RUN_SCRIPTS":""},"serviceAccount":"projects/hours-tracker-505617/serviceAccounts/1053801277711-compute@developer.gserviceaccount.com","automaticUpdatePolicy":{}},"serviceConfig":{"service":"projects/hours-tracker-505617/locations/us-central1/services/deleteentryfromgooglesheets","timeoutSeconds":60,"environmentVariables":{"GOOGLE_SHEET_ID":"1lCqSLt9Euep6TFEHGuqHFkbxWdgsuxoSBeMVa4yYxmE","FIREBASE_CONFIG":"{\"projectId\":\"hours-tracker-505617\",\"storageBucket\":\"hours-tracker-505617.firebasestorage.app\"}","GCLOUD_PROJECT":"hours-tracker-505617","EVENTARC_CLOUD_EVENT_SOURCE":"projects/hours-tracker-505617/locations/us-central1/services/deleteEntryFromGoogleSheets","FUNCTION_REGION":"us-central1","FUNCTION_SIGNATURE_TYPE":"cloudevent","FUNCTION_TARGET":"deleteEntryFromGoogleSheets","LOG_EXECUTION_ID":"true"},"ingressSettings":"ALLOW_ALL","serviceAccountEmail":"1053801277711-compute@developer.gserviceaccount.com","availableMemory":"256Mi","maxInstanceRequestConcurrency":80,"availableCpu":"1"},"eventTrigger":{"trigger":"projects/hours-tracker-505617/locations/nam5/triggers/deleteentryfromgooglesheets-102784","triggerRegion":"nam5","eventType":"google.cloud.firestore.document.v1.deleted","eventFilters":[{"attribute":"database","value":"(default)"},{"attribute":"namespace","value":"(default)"},{"attribute":"document","value":"users/{userId}/entries/{entryId}","operator":"match-path-pattern"}],"serviceAccountEmail":"1053801277711-compute@developer.gserviceaccount.com","retryPolicy":"RETRY_POLICY_DO_NOT_RETRY"},"labels":{"deployment-tool":"cli-firebase","firebase-functions-hash":"69c6cbc8f9c35e96c21267c5a3b99d10d50b9d20"},"environment":"GEN_2"},"stages":[{"name":"BUILD","message":"Build finished","state":"COMPLETE","resource":"projects/1053801277711/locations/us-central1/builds/ec29a5e9-103e-472d-90b2-67311596b732","resourceUri":"https://console.cloud.google.com/cloud-build/builds;region=us-central1/ec29a5e9-103e-472d-90b2-67311596b732?project=1053801277711"},{"name":"SERVICE","message":"Creating Cloud Run service","state":"IN_PROGRESS","resource":"projects/hours-tracker-505617/locations/us-central1/services/deleteentryfromgooglesheets","resourceUri":"https://console.cloud.google.com/run/detail/us-central1/deleteentryfromgooglesheets?project=hours-tracker-505617"},{"name":"TRIGGER","state":"NOT_STARTED"}],"sourceToken":"Clhwcm9qZWN0cy8xMDUzODAxMjc3NzExL2xvY2F0aW9ucy91cy1jZW50cmFsMS9idWlsZHMvZWMyOWE1ZTktMTAzZS00NzJkLTkwYjItNjczMTE1OTZiNzMyEo0BdXMtY2VudHJhbDEtZG9ja2VyLnBrZy5kZXYvaG91cnMtdHJhY2tlci01MDU2MTcvZ2NmLWFydGlmYWN0cy9ob3Vycy0tdHJhY2tlci0tNTA1NjE3X191cy0tY2VudHJhbDFfX2RlbGV0ZV9lbnRyeV9mcm9tX2dvb2dsZV9zaGVldHM6dmVyc2lvbl8xGI/SzdvVHiJZcHJvamVjdHMvaG91cnMtdHJhY2tlci01MDU2MTcvbG9jYXRpb25zL3VzLWNlbnRyYWwxL2Z1bmN0aW9ucy9kZWxldGVFbnRyeUZyb21Hb29nbGVTaGVldHMqDAiqgKTUBhDYz97HAjIIbm9kZWpzMjI6dgojZ2NyLmlvL2dhZS1ydW50aW1lcy9ub2RlanMyMjpzdGFibGUST3VzLWNlbnRyYWwxLWRvY2tlci5wa2cuZGV2L3NlcnZlcmxlc3MtcnVudGltZXMvZ29vZ2xlLTIyLWZ1bGwvcnVudGltZXMvbm9kZWpzMjJAAQ==","operationType":"CREATE_FUNCTION","buildName":"projects/1053801277711/locations/us-central1/builds/ec29a5e9-103e-472d-90b2-67311596b732"},"done":false}
[debug] [2026-08-22T01:49:42.748Z] Got source token Clhwcm9qZWN0cy8xMDUzODAxMjc3NzExL2xvY2F0aW9ucy91cy1jZW50cmFsMS9idWlsZHMvZWMyOWE1ZTktMTAzZS00NzJkLTkwYjItNjczMTE1OTZiNzMyEo0BdXMtY2VudHJhbDEtZG9ja2VyLnBrZy5kZXYvaG91cnMtdHJhY2tlci01MDU2MTcvZ2NmLWFydGlmYWN0cy9ob3Vycy0tdHJhY2tlci0tNTA1NjE3X191cy0tY2VudHJhbDFfX2RlbGV0ZV9lbnRyeV9mcm9tX2dvb2dsZV9zaGVldHM6dmVyc2lvbl8xGI/SzdvVHiJZcHJvamVjdHMvaG91cnMtdHJhY2tlci01MDU2MTcvbG9jYXRpb25zL3VzLWNlbnRyYWwxL2Z1bmN0aW9ucy9kZWxldGVFbnRyeUZyb21Hb29nbGVTaGVldHMqDAiqgKTUBhDYz97HAjIIbm9kZWpzMjI6dgojZ2NyLmlvL2dhZS1ydW50aW1lcy9ub2RlanMyMjpzdGFibGUST3VzLWNlbnRyYWwxLWRvY2tlci5wa2cuZGV2L3NlcnZlcmxlc3MtcnVudGltZXMvZ29vZ2xlLTIyLWZ1bGwvcnVudGltZXMvbm9kZWpzMjJAAQ== for region us-central1
[debug] [2026-08-22T01:49:42.849Z] [update-default-us-central1-syncEntryToGoogleSheets] Retrying task index 0
[debug] [2026-08-22T01:49:42.850Z] Checked if tokens are valid: true, expires at: 1787365546050
[debug] [2026-08-22T01:49:42.850Z] Checked if tokens are valid: true, expires at: 1787365546050
[debug] [2026-08-22T01:49:42.850Z] >>> [apiv2][query] GET https://cloudfunctions.googleapis.com/v2/projects/hours-tracker-505617/locations/us-central1/operations/operation-1787363372755-65998f6eae89b-53d6644d-47f18a58 [none]
[debug] [2026-08-22T01:49:42.979Z] <<< [apiv2][status] GET https://cloudfunctions.googleapis.com/v2/projects/hours-tracker-505617/locations/us-central1/operations/operation-1787363372755-65998f6eae89b-53d6644d-47f18a58 200
[debug] [2026-08-22T01:49:42.979Z] <<< [apiv2][body] GET https://cloudfunctions.googleapis.com/v2/projects/hours-tracker-505617/locations/us-central1/operations/operation-1787363372755-65998f6eae89b-53d6644d-47f18a58 {"name":"projects/hours-tracker-505617/locations/us-central1/operations/operation-1787363372755-65998f6eae89b-53d6644d-47f18a58","metadata":{"@type":"type.googleapis.com/google.cloud.functions.v2.OperationMetadata","createTime":"2026-08-22T01:49:33.829888540Z","target":"projects/hours-tracker-505617/locations/us-central1/functions/syncEntryToGoogleSheets","verb":"update","cancelRequested":false,"apiVersion":"v2","requestResource":{"@type":"type.googleapis.com/google.cloud.functions.v2.Function","name":"projects/hours-tracker-505617/locations/us-central1/functions/syncEntryToGoogleSheets","buildConfig":{"runtime":"nodejs22","entryPoint":"syncEntryToGoogleSheets","source":{"storageSource":{"bucket":"gcf-v2-sources-1053801277711-us-central1","object":"syncEntryToGoogleSheets/function-source.zip","generation":"1787363373768296"}},"environmentVariables":{"GOOGLE_NODE_RUN_SCRIPTS":""},"dockerRepository":"projects/hours-tracker-505617/locations/us-central1/repositories/gcf-artifacts","sourceProvenance":{"resolvedStorageSource":{"bucket":"gcf-v2-sources-1053801277711-us-central1","object":"syncEntryToGoogleSheets/function-source.zip","generation":"1787055093363757"}},"dockerRegistry":"ARTIFACT_REGISTRY","sourceToken":"Clhwcm9qZWN0cy8xMDUzODAxMjc3NzExL2xvY2F0aW9ucy91cy1jZW50cmFsMS9idWlsZHMvZWMyOWE1ZTktMTAzZS00NzJkLTkwYjItNjczMTE1OTZiNzMyEo0BdXMtY2VudHJhbDEtZG9ja2VyLnBrZy5kZXYvaG91cnMtdHJhY2tlci01MDU2MTcvZ2NmLWFydGlmYWN0cy9ob3Vycy0tdHJhY2tlci0tNTA1NjE3X191cy0tY2VudHJhbDFfX2RlbGV0ZV9lbnRyeV9mcm9tX2dvb2dsZV9zaGVldHM6dmVyc2lvbl8xGI/SzdvVHiJZcHJvamVjdHMvaG91cnMtdHJhY2tlci01MDU2MTcvbG9jYXRpb25zL3VzLWNlbnRyYWwxL2Z1bmN0aW9ucy9kZWxldGVFbnRyeUZyb21Hb29nbGVTaGVldHMqDAiqgKTUBhDYz97HAjIIbm9kZWpzMjI6dgojZ2NyLmlvL2dhZS1ydW50aW1lcy9ub2RlanMyMjpzdGFibGUST3VzLWNlbnRyYWwxLWRvY2tlci5wa2cuZGV2L3NlcnZlcmxlc3MtcnVudGltZXMvZ29vZ2xlLTIyLWZ1bGwvcnVudGltZXMvbm9kZWpzMjJAAQ==","serviceAccount":"projects/hours-tracker-505617/serviceAccounts/1053801277711-compute@developer.gserviceaccount.com","automaticUpdatePolicy":{}},"serviceConfig":{"service":"projects/hours-tracker-505617/locations/us-central1/services/syncentrytogooglesheets","timeoutSeconds":60,"environmentVariables":{"GOOGLE_SHEET_ID":"1lCqSLt9Euep6TFEHGuqHFkbxWdgsuxoSBeMVa4yYxmE","FIREBASE_CONFIG":"{\"projectId\":\"hours-tracker-505617\",\"storageBucket\":\"hours-tracker-505617.firebasestorage.app\"}","GCLOUD_PROJECT":"hours-tracker-505617","EVENTARC_CLOUD_EVENT_SOURCE":"projects/hours-tracker-505617/locations/us-central1/services/syncEntryToGoogleSheets","FUNCTION_REGION":"us-central1","FUNCTION_SIGNATURE_TYPE":"cloudevent","FUNCTION_TARGET":"syncEntryToGoogleSheets","LOG_EXECUTION_ID":"true"},"ingressSettings":"ALLOW_ALL","uri":"https://syncentrytogooglesheets-tpag7r5hda-uc.a.run.app","serviceAccountEmail":"1053801277711-compute@developer.gserviceaccount.com","availableMemory":"256Mi","allTrafficOnLatestRevision":true,"revision":"syncentrytogooglesheets-00004-ful","maxInstanceRequestConcurrency":80,"availableCpu":"1"},"eventTrigger":{"trigger":"projects/hours-tracker-505617/locations/nam5/triggers/syncentrytogooglesheets-783751","triggerRegion":"nam5","eventType":"google.cloud.firestore.document.v1.created","eventFilters":[{"attribute":"database","value":"(default)"},{"attribute":"namespace","value":"(default)"},{"attribute":"document","value":"users/{userId}/entries/{entryId}","operator":"match-path-pattern"}],"pubsubTopic":"projects/hours-tracker-505617/topics/eventarc-nam5-syncentrytogooglesheets-783751-767","serviceAccountEmail":"1053801277711-compute@developer.gserviceaccount.com","retryPolicy":"RETRY_POLICY_DO_NOT_RETRY"},"state":"ACTIVE","labels":{"deployment-tool":"cli-firebase","firebase-functions-hash":"69c6cbc8f9c35e96c21267c5a3b99d10d50b9d20"},"environment":"GEN_2","url":"https://us-central1-hours-tracker-505617.cloudfunctions.net/syncEntryToGoogleSheets","satisfiesPzi":true},"stages":[{"name":"BUILD","message":"Reusing build","state":"COMPLETE","resource":"projects/1053801277711/locations/us-central1/builds/ec29a5e9-103e-472d-90b2-67311596b732"},{"name":"SERVICE","message":"Updating Cloud Run service","state":"IN_PROGRESS","resource":"projects/hours-tracker-505617/locations/us-central1/services/syncentrytogooglesheets","resourceUri":"https://console.cloud.google.com/run/detail/us-central1/syncentrytogooglesheets?project=hours-tracker-505617","stateMessages":[{"severity":"INFO","type":"CloudRunServiceNewRevisionTrafficInfo","message":"A new revision will be deployed serving with 100% traffic."}]},{"name":"TRIGGER","state":"NOT_STARTED"}],"sourceToken":"Clhwcm9qZWN0cy8xMDUzODAxMjc3NzExL2xvY2F0aW9ucy91cy1jZW50cmFsMS9idWlsZHMvZWMyOWE1ZTktMTAzZS00NzJkLTkwYjItNjczMTE1OTZiNzMyEo0BdXMtY2VudHJhbDEtZG9ja2VyLnBrZy5kZXYvaG91cnMtdHJhY2tlci01MDU2MTcvZ2NmLWFydGlmYWN0cy9ob3Vycy0tdHJhY2tlci0tNTA1NjE3X191cy0tY2VudHJhbDFfX2RlbGV0ZV9lbnRyeV9mcm9tX2dvb2dsZV9zaGVldHM6dmVyc2lvbl8xGI/SzdvVHiJZcHJvamVjdHMvaG91cnMtdHJhY2tlci01MDU2MTcvbG9jYXRpb25zL3VzLWNlbnRyYWwxL2Z1bmN0aW9ucy9kZWxldGVFbnRyeUZyb21Hb29nbGVTaGVldHMqDAiqgKTUBhDYz97HAjIIbm9kZWpzMjI6dgojZ2NyLmlvL2dhZS1ydW50aW1lcy9ub2RlanMyMjpzdGFibGUST3VzLWNlbnRyYWwxLWRvY2tlci5wa2cuZGV2L3NlcnZlcmxlc3MtcnVudGltZXMvZ29vZ2xlLTIyLWZ1bGwvcnVudGltZXMvbm9kZWpzMjJAAQ==","operationType":"UPDATE_FUNCTION","buildName":"projects/1053801277711/locations/us-central1/builds/ec29a5e9-103e-472d-90b2-67311596b732"},"done":false}
[debug] [2026-08-22T01:49:42.979Z] Got source token Clhwcm9qZWN0cy8xMDUzODAxMjc3NzExL2xvY2F0aW9ucy91cy1jZW50cmFsMS9idWlsZHMvZWMyOWE1ZTktMTAzZS00NzJkLTkwYjItNjczMTE1OTZiNzMyEo0BdXMtY2VudHJhbDEtZG9ja2VyLnBrZy5kZXYvaG91cnMtdHJhY2tlci01MDU2MTcvZ2NmLWFydGlmYWN0cy9ob3Vycy0tdHJhY2tlci0tNTA1NjE3X191cy0tY2VudHJhbDFfX2RlbGV0ZV9lbnRyeV9mcm9tX2dvb2dsZV9zaGVldHM6dmVyc2lvbl8xGI/SzdvVHiJZcHJvamVjdHMvaG91cnMtdHJhY2tlci01MDU2MTcvbG9jYXRpb25zL3VzLWNlbnRyYWwxL2Z1bmN0aW9ucy9kZWxldGVFbnRyeUZyb21Hb29nbGVTaGVldHMqDAiqgKTUBhDYz97HAjIIbm9kZWpzMjI6dgojZ2NyLmlvL2dhZS1ydW50aW1lcy9ub2RlanMyMjpzdGFibGUST3VzLWNlbnRyYWwxLWRvY2tlci5wa2cuZGV2L3NlcnZlcmxlc3MtcnVudGltZXMvZ29vZ2xlLTIyLWZ1bGwvcnVudGltZXMvbm9kZWpzMjJAAQ== for region us-central1
[debug] [2026-08-22T01:49:50.980Z] [update-default-us-central1-syncEntryToGoogleSheets] Retrying task index 0
[debug] [2026-08-22T01:49:50.981Z] Checked if tokens are valid: true, expires at: 1787365546050
[debug] [2026-08-22T01:49:50.981Z] Checked if tokens are valid: true, expires at: 1787365546050
[debug] [2026-08-22T01:49:50.981Z] >>> [apiv2][query] GET https://cloudfunctions.googleapis.com/v2/projects/hours-tracker-505617/locations/us-central1/operations/operation-1787363372755-65998f6eae89b-53d6644d-47f18a58 [none]
[debug] [2026-08-22T01:49:51.163Z] <<< [apiv2][status] GET https://cloudfunctions.googleapis.com/v2/projects/hours-tracker-505617/locations/us-central1/operations/operation-1787363372755-65998f6eae89b-53d6644d-47f18a58 200
[debug] [2026-08-22T01:49:51.163Z] <<< [apiv2][body] GET https://cloudfunctions.googleapis.com/v2/projects/hours-tracker-505617/locations/us-central1/operations/operation-1787363372755-65998f6eae89b-53d6644d-47f18a58 {"name":"projects/hours-tracker-505617/locations/us-central1/operations/operation-1787363372755-65998f6eae89b-53d6644d-47f18a58","metadata":{"@type":"type.googleapis.com/google.cloud.functions.v2.OperationMetadata","createTime":"2026-08-22T01:49:33.829888540Z","endTime":"2026-08-22T01:49:45.641626202Z","target":"projects/hours-tracker-505617/locations/us-central1/functions/syncEntryToGoogleSheets","verb":"update","cancelRequested":false,"apiVersion":"v2","requestResource":{"@type":"type.googleapis.com/google.cloud.functions.v2.Function","name":"projects/hours-tracker-505617/locations/us-central1/functions/syncEntryToGoogleSheets","buildConfig":{"runtime":"nodejs22","entryPoint":"syncEntryToGoogleSheets","source":{"storageSource":{"bucket":"gcf-v2-sources-1053801277711-us-central1","object":"syncEntryToGoogleSheets/function-source.zip","generation":"1787363373768296"}},"environmentVariables":{"GOOGLE_NODE_RUN_SCRIPTS":""},"dockerRepository":"projects/hours-tracker-505617/locations/us-central1/repositories/gcf-artifacts","sourceProvenance":{"resolvedStorageSource":{"bucket":"gcf-v2-sources-1053801277711-us-central1","object":"syncEntryToGoogleSheets/function-source.zip","generation":"1787055093363757"}},"dockerRegistry":"ARTIFACT_REGISTRY","sourceToken":"Clhwcm9qZWN0cy8xMDUzODAxMjc3NzExL2xvY2F0aW9ucy91cy1jZW50cmFsMS9idWlsZHMvZWMyOWE1ZTktMTAzZS00NzJkLTkwYjItNjczMTE1OTZiNzMyEo0BdXMtY2VudHJhbDEtZG9ja2VyLnBrZy5kZXYvaG91cnMtdHJhY2tlci01MDU2MTcvZ2NmLWFydGlmYWN0cy9ob3Vycy0tdHJhY2tlci0tNTA1NjE3X191cy0tY2VudHJhbDFfX2RlbGV0ZV9lbnRyeV9mcm9tX2dvb2dsZV9zaGVldHM6dmVyc2lvbl8xGI/SzdvVHiJZcHJvamVjdHMvaG91cnMtdHJhY2tlci01MDU2MTcvbG9jYXRpb25zL3VzLWNlbnRyYWwxL2Z1bmN0aW9ucy9kZWxldGVFbnRyeUZyb21Hb29nbGVTaGVldHMqDAiqgKTUBhDYz97HAjIIbm9kZWpzMjI6dgojZ2NyLmlvL2dhZS1ydW50aW1lcy9ub2RlanMyMjpzdGFibGUST3VzLWNlbnRyYWwxLWRvY2tlci5wa2cuZGV2L3NlcnZlcmxlc3MtcnVudGltZXMvZ29vZ2xlLTIyLWZ1bGwvcnVudGltZXMvbm9kZWpzMjJAAQ==","serviceAccount":"projects/hours-tracker-505617/serviceAccounts/1053801277711-compute@developer.gserviceaccount.com","automaticUpdatePolicy":{}},"serviceConfig":{"service":"projects/hours-tracker-505617/locations/us-central1/services/syncentrytogooglesheets","timeoutSeconds":60,"environmentVariables":{"GOOGLE_SHEET_ID":"1lCqSLt9Euep6TFEHGuqHFkbxWdgsuxoSBeMVa4yYxmE","FIREBASE_CONFIG":"{\"projectId\":\"hours-tracker-505617\",\"storageBucket\":\"hours-tracker-505617.firebasestorage.app\"}","GCLOUD_PROJECT":"hours-tracker-505617","EVENTARC_CLOUD_EVENT_SOURCE":"projects/hours-tracker-505617/locations/us-central1/services/syncEntryToGoogleSheets","FUNCTION_REGION":"us-central1","FUNCTION_SIGNATURE_TYPE":"cloudevent","FUNCTION_TARGET":"syncEntryToGoogleSheets","LOG_EXECUTION_ID":"true"},"ingressSettings":"ALLOW_ALL","uri":"https://syncentrytogooglesheets-tpag7r5hda-uc.a.run.app","serviceAccountEmail":"1053801277711-compute@developer.gserviceaccount.com","availableMemory":"256Mi","allTrafficOnLatestRevision":true,"revision":"syncentrytogooglesheets-00004-ful","maxInstanceRequestConcurrency":80,"availableCpu":"1"},"eventTrigger":{"trigger":"projects/hours-tracker-505617/locations/nam5/triggers/syncentrytogooglesheets-783751","triggerRegion":"nam5","eventType":"google.cloud.firestore.document.v1.created","eventFilters":[{"attribute":"database","value":"(default)"},{"attribute":"namespace","value":"(default)"},{"attribute":"document","value":"users/{userId}/entries/{entryId}","operator":"match-path-pattern"}],"pubsubTopic":"projects/hours-tracker-505617/topics/eventarc-nam5-syncentrytogooglesheets-783751-767","serviceAccountEmail":"1053801277711-compute@developer.gserviceaccount.com","retryPolicy":"RETRY_POLICY_DO_NOT_RETRY"},"state":"ACTIVE","labels":{"deployment-tool":"cli-firebase","firebase-functions-hash":"69c6cbc8f9c35e96c21267c5a3b99d10d50b9d20"},"environment":"GEN_2","url":"https://us-central1-hours-tracker-505617.cloudfunctions.net/syncEntryToGoogleSheets","satisfiesPzi":true},"stages":[{"name":"BUILD","message":"Reusing build","state":"COMPLETE","resource":"projects/1053801277711/locations/us-central1/builds/ec29a5e9-103e-472d-90b2-67311596b732"},{"name":"SERVICE","message":"Updating Cloud Run service","state":"COMPLETE","resource":"projects/hours-tracker-505617/locations/us-central1/services/syncentrytogooglesheets","resourceUri":"https://console.cloud.google.com/run/detail/us-central1/syncentrytogooglesheets?project=hours-tracker-505617","stateMessages":[{"severity":"INFO","type":"CloudRunServiceNewRevisionTrafficInfo","message":"A new revision will be deployed serving with 100% traffic."}]},{"name":"TRIGGER","state":"NOT_STARTED"}],"sourceToken":"Clhwcm9qZWN0cy8xMDUzODAxMjc3NzExL2xvY2F0aW9ucy91cy1jZW50cmFsMS9idWlsZHMvZWMyOWE1ZTktMTAzZS00NzJkLTkwYjItNjczMTE1OTZiNzMyEo0BdXMtY2VudHJhbDEtZG9ja2VyLnBrZy5kZXYvaG91cnMtdHJhY2tlci01MDU2MTcvZ2NmLWFydGlmYWN0cy9ob3Vycy0tdHJhY2tlci0tNTA1NjE3X191cy0tY2VudHJhbDFfX2RlbGV0ZV9lbnRyeV9mcm9tX2dvb2dsZV9zaGVldHM6dmVyc2lvbl8xGI/SzdvVHiJZcHJvamVjdHMvaG91cnMtdHJhY2tlci01MDU2MTcvbG9jYXRpb25zL3VzLWNlbnRyYWwxL2Z1bmN0aW9ucy9kZWxldGVFbnRyeUZyb21Hb29nbGVTaGVldHMqDAiqgKTUBhDYz97HAjIIbm9kZWpzMjI6dgojZ2NyLmlvL2dhZS1ydW50aW1lcy9ub2RlanMyMjpzdGFibGUST3VzLWNlbnRyYWwxLWRvY2tlci5wa2cuZGV2L3NlcnZlcmxlc3MtcnVudGltZXMvZ29vZ2xlLTIyLWZ1bGwvcnVudGltZXMvbm9kZWpzMjJAAQ==","operationType":"UPDATE_FUNCTION","buildName":"projects/1053801277711/locations/us-central1/builds/ec29a5e9-103e-472d-90b2-67311596b732"},"done":true,"response":{"@type":"type.googleapis.com/google.cloud.functions.v2.Function","name":"projects/hours-tracker-505617/locations/us-central1/functions/syncEntryToGoogleSheets","buildConfig":{"build":"projects/1053801277711/locations/us-central1/builds/ec29a5e9-103e-472d-90b2-67311596b732","runtime":"nodejs22","entryPoint":"syncEntryToGoogleSheets","source":{"storageSource":{"bucket":"gcf-v2-sources-1053801277711-us-central1","object":"syncEntryToGoogleSheets/function-source.zip","generation":"1787363373768296"}},"environmentVariables":{"GOOGLE_NODE_RUN_SCRIPTS":""},"dockerRepository":"projects/hours-tracker-505617/locations/us-central1/repositories/gcf-artifacts","sourceProvenance":{"resolvedStorageSource":{"bucket":"gcf-v2-sources-1053801277711-us-central1","object":"syncEntryToGoogleSheets/function-source.zip","generation":"1787363373768296"}},"dockerRegistry":"ARTIFACT_REGISTRY","serviceAccount":"projects/hours-tracker-505617/serviceAccounts/1053801277711-compute@developer.gserviceaccount.com","automaticUpdatePolicy":{}},"serviceConfig":{"service":"projects/hours-tracker-505617/locations/us-central1/services/syncentrytogooglesheets","timeoutSeconds":60,"environmentVariables":{"GOOGLE_SHEET_ID":"1lCqSLt9Euep6TFEHGuqHFkbxWdgsuxoSBeMVa4yYxmE","FIREBASE_CONFIG":"{\"projectId\":\"hours-tracker-505617\",\"storageBucket\":\"hours-tracker-505617.firebasestorage.app\"}","GCLOUD_PROJECT":"hours-tracker-505617","EVENTARC_CLOUD_EVENT_SOURCE":"projects/hours-tracker-505617/locations/us-central1/services/syncEntryToGoogleSheets","FUNCTION_REGION":"us-central1","FUNCTION_SIGNATURE_TYPE":"cloudevent","FUNCTION_TARGET":"syncEntryToGoogleSheets","LOG_EXECUTION_ID":"true"},"maxInstanceCount":20,"ingressSettings":"ALLOW_ALL","uri":"https://syncentrytogooglesheets-tpag7r5hda-uc.a.run.app","serviceAccountEmail":"1053801277711-compute@developer.gserviceaccount.com","availableMemory":"256Mi","allTrafficOnLatestRevision":true,"revision":"syncentrytogooglesheets-00005-zud","maxInstanceRequestConcurrency":80,"availableCpu":"1"},"eventTrigger":{"trigger":"projects/hours-tracker-505617/locations/nam5/triggers/syncentrytogooglesheets-783751","triggerRegion":"nam5","eventType":"google.cloud.firestore.document.v1.created","eventFilters":[{"attribute":"database","value":"(default)"},{"attribute":"namespace","value":"(default)"},{"attribute":"document","value":"users/{userId}/entries/{entryId}","operator":"match-path-pattern"}],"pubsubTopic":"projects/hours-tracker-505617/topics/eventarc-nam5-syncentrytogooglesheets-783751-767","serviceAccountEmail":"1053801277711-compute@developer.gserviceaccount.com","retryPolicy":"RETRY_POLICY_DO_NOT_RETRY"},"state":"ACTIVE","updateTime":"2026-08-22T01:49:33.833260700Z","labels":{"deployment-tool":"cli-firebase","firebase-functions-hash":"69c6cbc8f9c35e96c21267c5a3b99d10d50b9d20"},"environment":"GEN_2","url":"https://us-central1-hours-tracker-505617.cloudfunctions.net/syncEntryToGoogleSheets","createTime":"2026-08-18T01:57:26.066958576Z","satisfiesPzi":true}}
[debug] [2026-08-22T01:49:51.164Z] Got source token Clhwcm9qZWN0cy8xMDUzODAxMjc3NzExL2xvY2F0aW9ucy91cy1jZW50cmFsMS9idWlsZHMvZWMyOWE1ZTktMTAzZS00NzJkLTkwYjItNjczMTE1OTZiNzMyEo0BdXMtY2VudHJhbDEtZG9ja2VyLnBrZy5kZXYvaG91cnMtdHJhY2tlci01MDU2MTcvZ2NmLWFydGlmYWN0cy9ob3Vycy0tdHJhY2tlci0tNTA1NjE3X191cy0tY2VudHJhbDFfX2RlbGV0ZV9lbnRyeV9mcm9tX2dvb2dsZV9zaGVldHM6dmVyc2lvbl8xGI/SzdvVHiJZcHJvamVjdHMvaG91cnMtdHJhY2tlci01MDU2MTcvbG9jYXRpb25zL3VzLWNlbnRyYWwxL2Z1bmN0aW9ucy9kZWxldGVFbnRyeUZyb21Hb29nbGVTaGVldHMqDAiqgKTUBhDYz97HAjIIbm9kZWpzMjI6dgojZ2NyLmlvL2dhZS1ydW50aW1lcy9ub2RlanMyMjpzdGFibGUST3VzLWNlbnRyYWwxLWRvY2tlci5wa2cuZGV2L3NlcnZlcmxlc3MtcnVudGltZXMvZ29vZ2xlLTIyLWZ1bGwvcnVudGltZXMvbm9kZWpzMjJAAQ== for region us-central1
[info] ✔  functions[syncEntryToGoogleSheets(us-central1)] Successful update operation. 
[debug] [2026-08-22T01:49:52.750Z] [create-default-us-central1-deleteEntryFromGoogleSheets] Retrying task index 0
[debug] [2026-08-22T01:49:52.751Z] Checked if tokens are valid: true, expires at: 1787365546050
[debug] [2026-08-22T01:49:52.751Z] Checked if tokens are valid: true, expires at: 1787365546050
[debug] [2026-08-22T01:49:52.751Z] >>> [apiv2][query] GET https://cloudfunctions.googleapis.com/v2/projects/hours-tracker-505617/locations/us-central1/operations/operation-1787363303193-65998f2c57d18-63b6c5ee-b3a7e8e4 [none]
[debug] [2026-08-22T01:49:52.867Z] <<< [apiv2][status] GET https://cloudfunctions.googleapis.com/v2/projects/hours-tracker-505617/locations/us-central1/operations/operation-1787363303193-65998f2c57d18-63b6c5ee-b3a7e8e4 200
[debug] [2026-08-22T01:49:52.867Z] <<< [apiv2][body] GET https://cloudfunctions.googleapis.com/v2/projects/hours-tracker-505617/locations/us-central1/operations/operation-1787363303193-65998f2c57d18-63b6c5ee-b3a7e8e4 {"name":"projects/hours-tracker-505617/locations/us-central1/operations/operation-1787363303193-65998f2c57d18-63b6c5ee-b3a7e8e4","metadata":{"@type":"type.googleapis.com/google.cloud.functions.v2.OperationMetadata","createTime":"2026-08-22T01:48:23.938527171Z","target":"projects/hours-tracker-505617/locations/us-central1/functions/deleteEntryFromGoogleSheets","verb":"create","cancelRequested":false,"apiVersion":"v2","requestResource":{"@type":"type.googleapis.com/google.cloud.functions.v2.Function","name":"projects/hours-tracker-505617/locations/us-central1/functions/deleteEntryFromGoogleSheets","buildConfig":{"runtime":"nodejs22","entryPoint":"deleteEntryFromGoogleSheets","source":{"storageSource":{"bucket":"gcf-v2-sources-1053801277711-us-central1","object":"deleteEntryFromGoogleSheets/function-source.zip","generation":"1787363303573949"}},"environmentVariables":{"GOOGLE_NODE_RUN_SCRIPTS":""},"serviceAccount":"projects/hours-tracker-505617/serviceAccounts/1053801277711-compute@developer.gserviceaccount.com","automaticUpdatePolicy":{}},"serviceConfig":{"service":"projects/hours-tracker-505617/locations/us-central1/services/deleteentryfromgooglesheets","timeoutSeconds":60,"environmentVariables":{"GOOGLE_SHEET_ID":"1lCqSLt9Euep6TFEHGuqHFkbxWdgsuxoSBeMVa4yYxmE","FIREBASE_CONFIG":"{\"projectId\":\"hours-tracker-505617\",\"storageBucket\":\"hours-tracker-505617.firebasestorage.app\"}","GCLOUD_PROJECT":"hours-tracker-505617","EVENTARC_CLOUD_EVENT_SOURCE":"projects/hours-tracker-505617/locations/us-central1/services/deleteEntryFromGoogleSheets","FUNCTION_REGION":"us-central1","FUNCTION_SIGNATURE_TYPE":"cloudevent","FUNCTION_TARGET":"deleteEntryFromGoogleSheets","LOG_EXECUTION_ID":"true"},"ingressSettings":"ALLOW_ALL","serviceAccountEmail":"1053801277711-compute@developer.gserviceaccount.com","availableMemory":"256Mi","maxInstanceRequestConcurrency":80,"availableCpu":"1"},"eventTrigger":{"trigger":"projects/hours-tracker-505617/locations/nam5/triggers/deleteentryfromgooglesheets-102784","triggerRegion":"nam5","eventType":"google.cloud.firestore.document.v1.deleted","eventFilters":[{"attribute":"database","value":"(default)"},{"attribute":"namespace","value":"(default)"},{"attribute":"document","value":"users/{userId}/entries/{entryId}","operator":"match-path-pattern"}],"serviceAccountEmail":"1053801277711-compute@developer.gserviceaccount.com","retryPolicy":"RETRY_POLICY_DO_NOT_RETRY"},"labels":{"deployment-tool":"cli-firebase","firebase-functions-hash":"69c6cbc8f9c35e96c21267c5a3b99d10d50b9d20"},"environment":"GEN_2"},"stages":[{"name":"BUILD","message":"Build finished","state":"COMPLETE","resource":"projects/1053801277711/locations/us-central1/builds/ec29a5e9-103e-472d-90b2-67311596b732","resourceUri":"https://console.cloud.google.com/cloud-build/builds;region=us-central1/ec29a5e9-103e-472d-90b2-67311596b732?project=1053801277711"},{"name":"SERVICE","message":"Creating Cloud Run service","state":"COMPLETE","resource":"projects/hours-tracker-505617/locations/us-central1/services/deleteentryfromgooglesheets","resourceUri":"https://console.cloud.google.com/run/detail/us-central1/deleteentryfromgooglesheets?project=hours-tracker-505617"},{"name":"TRIGGER","message":"Creating Eventarc trigger","state":"IN_PROGRESS","resource":"projects/hours-tracker-505617/locations/nam5/triggers/deleteentryfromgooglesheets-102784"}],"sourceToken":"Clhwcm9qZWN0cy8xMDUzODAxMjc3NzExL2xvY2F0aW9ucy91cy1jZW50cmFsMS9idWlsZHMvZWMyOWE1ZTktMTAzZS00NzJkLTkwYjItNjczMTE1OTZiNzMyEo0BdXMtY2VudHJhbDEtZG9ja2VyLnBrZy5kZXYvaG91cnMtdHJhY2tlci01MDU2MTcvZ2NmLWFydGlmYWN0cy9ob3Vycy0tdHJhY2tlci0tNTA1NjE3X191cy0tY2VudHJhbDFfX2RlbGV0ZV9lbnRyeV9mcm9tX2dvb2dsZV9zaGVldHM6dmVyc2lvbl8xGI/SzdvVHiJZcHJvamVjdHMvaG91cnMtdHJhY2tlci01MDU2MTcvbG9jYXRpb25zL3VzLWNlbnRyYWwxL2Z1bmN0aW9ucy9kZWxldGVFbnRyeUZyb21Hb29nbGVTaGVldHMqDAiqgKTUBhDYz97HAjIIbm9kZWpzMjI6dgojZ2NyLmlvL2dhZS1ydW50aW1lcy9ub2RlanMyMjpzdGFibGUST3VzLWNlbnRyYWwxLWRvY2tlci5wa2cuZGV2L3NlcnZlcmxlc3MtcnVudGltZXMvZ29vZ2xlLTIyLWZ1bGwvcnVudGltZXMvbm9kZWpzMjJAAQ==","operationType":"CREATE_FUNCTION","buildName":"projects/1053801277711/locations/us-central1/builds/ec29a5e9-103e-472d-90b2-67311596b732"},"done":false}
[debug] [2026-08-22T01:49:52.867Z] Got source token Clhwcm9qZWN0cy8xMDUzODAxMjc3NzExL2xvY2F0aW9ucy91cy1jZW50cmFsMS9idWlsZHMvZWMyOWE1ZTktMTAzZS00NzJkLTkwYjItNjczMTE1OTZiNzMyEo0BdXMtY2VudHJhbDEtZG9ja2VyLnBrZy5kZXYvaG91cnMtdHJhY2tlci01MDU2MTcvZ2NmLWFydGlmYWN0cy9ob3Vycy0tdHJhY2tlci0tNTA1NjE3X191cy0tY2VudHJhbDFfX2RlbGV0ZV9lbnRyeV9mcm9tX2dvb2dsZV9zaGVldHM6dmVyc2lvbl8xGI/SzdvVHiJZcHJvamVjdHMvaG91cnMtdHJhY2tlci01MDU2MTcvbG9jYXRpb25zL3VzLWNlbnRyYWwxL2Z1bmN0aW9ucy9kZWxldGVFbnRyeUZyb21Hb29nbGVTaGVldHMqDAiqgKTUBhDYz97HAjIIbm9kZWpzMjI6dgojZ2NyLmlvL2dhZS1ydW50aW1lcy9ub2RlanMyMjpzdGFibGUST3VzLWNlbnRyYWwxLWRvY2tlci5wa2cuZGV2L3NlcnZlcmxlc3MtcnVudGltZXMvZ29vZ2xlLTIyLWZ1bGwvcnVudGltZXMvbm9kZWpzMjJAAQ== for region us-central1
[debug] [2026-08-22T01:50:02.868Z] [create-default-us-central1-deleteEntryFromGoogleSheets] Retrying task index 0
[debug] [2026-08-22T01:50:02.869Z] Checked if tokens are valid: true, expires at: 1787365546050
[debug] [2026-08-22T01:50:02.869Z] Checked if tokens are valid: true, expires at: 1787365546050
[debug] [2026-08-22T01:50:02.869Z] >>> [apiv2][query] GET https://cloudfunctions.googleapis.com/v2/projects/hours-tracker-505617/locations/us-central1/operations/operation-1787363303193-65998f2c57d18-63b6c5ee-b3a7e8e4 [none]
[debug] [2026-08-22T01:50:03.042Z] <<< [apiv2][status] GET https://cloudfunctions.googleapis.com/v2/projects/hours-tracker-505617/locations/us-central1/operations/operation-1787363303193-65998f2c57d18-63b6c5ee-b3a7e8e4 200
[debug] [2026-08-22T01:50:03.042Z] <<< [apiv2][body] GET https://cloudfunctions.googleapis.com/v2/projects/hours-tracker-505617/locations/us-central1/operations/operation-1787363303193-65998f2c57d18-63b6c5ee-b3a7e8e4 {"name":"projects/hours-tracker-505617/locations/us-central1/operations/operation-1787363303193-65998f2c57d18-63b6c5ee-b3a7e8e4","metadata":{"@type":"type.googleapis.com/google.cloud.functions.v2.OperationMetadata","createTime":"2026-08-22T01:48:23.938527171Z","endTime":"2026-08-22T01:49:57.417924040Z","target":"projects/hours-tracker-505617/locations/us-central1/functions/deleteEntryFromGoogleSheets","verb":"create","cancelRequested":false,"apiVersion":"v2","requestResource":{"@type":"type.googleapis.com/google.cloud.functions.v2.Function","name":"projects/hours-tracker-505617/locations/us-central1/functions/deleteEntryFromGoogleSheets","buildConfig":{"runtime":"nodejs22","entryPoint":"deleteEntryFromGoogleSheets","source":{"storageSource":{"bucket":"gcf-v2-sources-1053801277711-us-central1","object":"deleteEntryFromGoogleSheets/function-source.zip","generation":"1787363303573949"}},"environmentVariables":{"GOOGLE_NODE_RUN_SCRIPTS":""},"serviceAccount":"projects/hours-tracker-505617/serviceAccounts/1053801277711-compute@developer.gserviceaccount.com","automaticUpdatePolicy":{}},"serviceConfig":{"service":"projects/hours-tracker-505617/locations/us-central1/services/deleteentryfromgooglesheets","timeoutSeconds":60,"environmentVariables":{"GOOGLE_SHEET_ID":"1lCqSLt9Euep6TFEHGuqHFkbxWdgsuxoSBeMVa4yYxmE","FIREBASE_CONFIG":"{\"projectId\":\"hours-tracker-505617\",\"storageBucket\":\"hours-tracker-505617.firebasestorage.app\"}","GCLOUD_PROJECT":"hours-tracker-505617","EVENTARC_CLOUD_EVENT_SOURCE":"projects/hours-tracker-505617/locations/us-central1/services/deleteEntryFromGoogleSheets","FUNCTION_REGION":"us-central1","FUNCTION_SIGNATURE_TYPE":"cloudevent","FUNCTION_TARGET":"deleteEntryFromGoogleSheets","LOG_EXECUTION_ID":"true"},"ingressSettings":"ALLOW_ALL","serviceAccountEmail":"1053801277711-compute@developer.gserviceaccount.com","availableMemory":"256Mi","maxInstanceRequestConcurrency":80,"availableCpu":"1"},"eventTrigger":{"trigger":"projects/hours-tracker-505617/locations/nam5/triggers/deleteentryfromgooglesheets-102784","triggerRegion":"nam5","eventType":"google.cloud.firestore.document.v1.deleted","eventFilters":[{"attribute":"database","value":"(default)"},{"attribute":"namespace","value":"(default)"},{"attribute":"document","value":"users/{userId}/entries/{entryId}","operator":"match-path-pattern"}],"serviceAccountEmail":"1053801277711-compute@developer.gserviceaccount.com","retryPolicy":"RETRY_POLICY_DO_NOT_RETRY"},"labels":{"deployment-tool":"cli-firebase","firebase-functions-hash":"69c6cbc8f9c35e96c21267c5a3b99d10d50b9d20"},"environment":"GEN_2"},"stages":[{"name":"BUILD","message":"Build finished","state":"COMPLETE","resource":"projects/1053801277711/locations/us-central1/builds/ec29a5e9-103e-472d-90b2-67311596b732","resourceUri":"https://console.cloud.google.com/cloud-build/builds;region=us-central1/ec29a5e9-103e-472d-90b2-67311596b732?project=1053801277711"},{"name":"SERVICE","message":"Creating Cloud Run service","state":"COMPLETE","resource":"projects/hours-tracker-505617/locations/us-central1/services/deleteentryfromgooglesheets","resourceUri":"https://console.cloud.google.com/run/detail/us-central1/deleteentryfromgooglesheets?project=hours-tracker-505617"},{"name":"TRIGGER","message":"Creating Eventarc trigger","state":"COMPLETE","resource":"projects/hours-tracker-505617/locations/nam5/triggers/deleteentryfromgooglesheets-102784"}],"sourceToken":"Clhwcm9qZWN0cy8xMDUzODAxMjc3NzExL2xvY2F0aW9ucy91cy1jZW50cmFsMS9idWlsZHMvZWMyOWE1ZTktMTAzZS00NzJkLTkwYjItNjczMTE1OTZiNzMyEo0BdXMtY2VudHJhbDEtZG9ja2VyLnBrZy5kZXYvaG91cnMtdHJhY2tlci01MDU2MTcvZ2NmLWFydGlmYWN0cy9ob3Vycy0tdHJhY2tlci0tNTA1NjE3X191cy0tY2VudHJhbDFfX2RlbGV0ZV9lbnRyeV9mcm9tX2dvb2dsZV9zaGVldHM6dmVyc2lvbl8xGI/SzdvVHiJZcHJvamVjdHMvaG91cnMtdHJhY2tlci01MDU2MTcvbG9jYXRpb25zL3VzLWNlbnRyYWwxL2Z1bmN0aW9ucy9kZWxldGVFbnRyeUZyb21Hb29nbGVTaGVldHMqDAiqgKTUBhDYz97HAjIIbm9kZWpzMjI6dgojZ2NyLmlvL2dhZS1ydW50aW1lcy9ub2RlanMyMjpzdGFibGUST3VzLWNlbnRyYWwxLWRvY2tlci5wa2cuZGV2L3NlcnZlcmxlc3MtcnVudGltZXMvZ29vZ2xlLTIyLWZ1bGwvcnVudGltZXMvbm9kZWpzMjJAAQ==","operationType":"CREATE_FUNCTION","buildName":"projects/1053801277711/locations/us-central1/builds/ec29a5e9-103e-472d-90b2-67311596b732"},"done":true,"response":{"@type":"type.googleapis.com/google.cloud.functions.v2.Function","name":"projects/hours-tracker-505617/locations/us-central1/functions/deleteEntryFromGoogleSheets","buildConfig":{"build":"projects/1053801277711/locations/us-central1/builds/ec29a5e9-103e-472d-90b2-67311596b732","runtime":"nodejs22","entryPoint":"deleteEntryFromGoogleSheets","source":{"storageSource":{"bucket":"gcf-v2-sources-1053801277711-us-central1","object":"deleteEntryFromGoogleSheets/function-source.zip","generation":"1787363303573949"}},"environmentVariables":{"GOOGLE_NODE_RUN_SCRIPTS":""},"dockerRepository":"projects/hours-tracker-505617/locations/us-central1/repositories/gcf-artifacts","sourceProvenance":{"resolvedStorageSource":{"bucket":"gcf-v2-sources-1053801277711-us-central1","object":"deleteEntryFromGoogleSheets/function-source.zip","generation":"1787363303573949"}},"dockerRegistry":"ARTIFACT_REGISTRY","serviceAccount":"projects/hours-tracker-505617/serviceAccounts/1053801277711-compute@developer.gserviceaccount.com","automaticUpdatePolicy":{}},"serviceConfig":{"service":"projects/hours-tracker-505617/locations/us-central1/services/deleteentryfromgooglesheets","timeoutSeconds":60,"environmentVariables":{"GOOGLE_SHEET_ID":"1lCqSLt9Euep6TFEHGuqHFkbxWdgsuxoSBeMVa4yYxmE","FIREBASE_CONFIG":"{\"projectId\":\"hours-tracker-505617\",\"storageBucket\":\"hours-tracker-505617.firebasestorage.app\"}","GCLOUD_PROJECT":"hours-tracker-505617","EVENTARC_CLOUD_EVENT_SOURCE":"projects/hours-tracker-505617/locations/us-central1/services/deleteEntryFromGoogleSheets","FUNCTION_REGION":"us-central1","FUNCTION_SIGNATURE_TYPE":"cloudevent","FUNCTION_TARGET":"deleteEntryFromGoogleSheets","LOG_EXECUTION_ID":"true"},"ingressSettings":"ALLOW_ALL","uri":"https://deleteentryfromgooglesheets-tpag7r5hda-uc.a.run.app","serviceAccountEmail":"1053801277711-compute@developer.gserviceaccount.com","availableMemory":"256Mi","allTrafficOnLatestRevision":true,"revision":"deleteentryfromgooglesheets-00001-gok","maxInstanceRequestConcurrency":80,"availableCpu":"1"},"eventTrigger":{"trigger":"projects/hours-tracker-505617/locations/nam5/triggers/deleteentryfromgooglesheets-102784","triggerRegion":"nam5","eventType":"google.cloud.firestore.document.v1.deleted","eventFilters":[{"attribute":"namespace","value":"(default)"},{"attribute":"document","value":"users/{userId}/entries/{entryId}","operator":"match-path-pattern"},{"attribute":"database","value":"(default)"}],"pubsubTopic":"projects/hours-tracker-505617/topics/eventarc-nam5-deleteentryfromgooglesheets-102784-582","serviceAccountEmail":"1053801277711-compute@developer.gserviceaccount.com","retryPolicy":"RETRY_POLICY_DO_NOT_RETRY"},"state":"ACTIVE","updateTime":"2026-08-22T01:48:23.933132523Z","labels":{"deployment-tool":"cli-firebase","firebase-functions-hash":"69c6cbc8f9c35e96c21267c5a3b99d10d50b9d20"},"environment":"GEN_2","url":"https://us-central1-hours-tracker-505617.cloudfunctions.net/deleteEntryFromGoogleSheets","createTime":"2026-08-22T01:48:23.933132523Z","satisfiesPzi":true}}
[debug] [2026-08-22T01:50:03.042Z] Got source token Clhwcm9qZWN0cy8xMDUzODAxMjc3NzExL2xvY2F0aW9ucy91cy1jZW50cmFsMS9idWlsZHMvZWMyOWE1ZTktMTAzZS00NzJkLTkwYjItNjczMTE1OTZiNzMyEo0BdXMtY2VudHJhbDEtZG9ja2VyLnBrZy5kZXYvaG91cnMtdHJhY2tlci01MDU2MTcvZ2NmLWFydGlmYWN0cy9ob3Vycy0tdHJhY2tlci0tNTA1NjE3X191cy0tY2VudHJhbDFfX2RlbGV0ZV9lbnRyeV9mcm9tX2dvb2dsZV9zaGVldHM6dmVyc2lvbl8xGI/SzdvVHiJZcHJvamVjdHMvaG91cnMtdHJhY2tlci01MDU2MTcvbG9jYXRpb25zL3VzLWNlbnRyYWwxL2Z1bmN0aW9ucy9kZWxldGVFbnRyeUZyb21Hb29nbGVTaGVldHMqDAiqgKTUBhDYz97HAjIIbm9kZWpzMjI6dgojZ2NyLmlvL2dhZS1ydW50aW1lcy9ub2RlanMyMjpzdGFibGUST3VzLWNlbnRyYWwxLWRvY2tlci5wa2cuZGV2L3NlcnZlcmxlc3MtcnVudGltZXMvZ29vZ2xlLTIyLWZ1bGwvcnVudGltZXMvbm9kZWpzMjJAAQ== for region us-central1
[info] ✔  functions[deleteEntryFromGoogleSheets(us-central1)] Successful create operation. 
[debug] [2026-08-22T01:50:03.044Z] Total Function Deployment time: 99997
[debug] [2026-08-22T01:50:03.044Z] 2 Functions Deployed
[debug] [2026-08-22T01:50:03.044Z] 0 Functions Errored
[debug] [2026-08-22T01:50:03.044Z] 0 Function Deployments Aborted
[debug] [2026-08-22T01:50:03.044Z] Average Function Deployment time: 94056
[debug] [2026-08-22T01:50:03.046Z] Checked if tokens are valid: true, expires at: 1787365546050
[debug] [2026-08-22T01:50:03.046Z] Checked if tokens are valid: true, expires at: 1787365546050
[debug] [2026-08-22T01:50:03.046Z] >>> [apiv2][query] GET https://artifactregistry.googleapis.com/v1/projects/hours-tracker-505617/locations/us-central1/repositories/gcf-artifacts [none]
[debug] [2026-08-22T01:50:03.639Z] <<< [apiv2][status] GET https://artifactregistry.googleapis.com/v1/projects/hours-tracker-505617/locations/us-central1/repositories/gcf-artifacts 200
[debug] [2026-08-22T01:50:03.639Z] <<< [apiv2][body] GET https://artifactregistry.googleapis.com/v1/projects/hours-tracker-505617/locations/us-central1/repositories/gcf-artifacts {"name":"projects/hours-tracker-505617/locations/us-central1/repositories/gcf-artifacts","format":"DOCKER","description":"This repository is created and used by Cloud Functions for storing function docker images.","labels":{"goog-managed-by":"cloudfunctions"},"createTime":"2026-08-18T01:57:35.007441Z","updateTime":"2026-08-22T01:49:28.163094Z","mode":"STANDARD_REPOSITORY","cleanupPolicies":{"firebase-functions-cleanup":{"id":"firebase-functions-cleanup","action":"DELETE","condition":{"tagState":"ANY","olderThan":"604800s"}}},"sizeBytes":"344492446","vulnerabilityScanningConfig":{"lastEnableTime":"2026-08-18T01:57:26.277722595Z","enablementState":"SCANNING_DISABLED","enablementStateReason":"API containerscanning.googleapis.com is not enabled."},"satisfiesPzi":true,"registryUri":"us-central1-docker.pkg.dev/hours-tracker-505617/gcf-artifacts"}
[debug] [2026-08-22T01:50:03.639Z] [
  {
    "config": {
      "public": "firebase-dist",
      "ignore": [
        "firebase.json",
        "**/.*",
        "**/node_modules/**"
      ],
      "headers": [
        {
          "source": "/",
          "headers": [
            {
              "key": "Cache-Control",
              "value": "no-cache, no-store, must-revalidate"
            }
          ]
        },
        {
          "source": "**/*.html",
          "headers": [
            {
              "key": "Cache-Control",
              "value": "no-cache, no-store, must-revalidate"
            }
          ]
        },
        {
          "source": "assets/**",
          "headers": [
            {
              "key": "Cache-Control",
              "value": "no-cache, must-revalidate"
            }
          ]
        }
      ],
      "rewrites": [
        {
          "source": "**",
          "destination": "/index.html"
        }
      ],
      "site": "hours-tracker-505617"
    },
    "version": "projects/1053801277711/sites/hours-tracker-505617/versions/630d4a6207a6fb27"
  }
]
[info] i  hosting[hours-tracker-505617]: finalizing version... 
[debug] [2026-08-22T01:50:03.641Z] Checked if tokens are valid: true, expires at: 1787365546050
[debug] [2026-08-22T01:50:03.641Z] Checked if tokens are valid: true, expires at: 1787365546050
[debug] [2026-08-22T01:50:03.641Z] >>> [apiv2][query] PATCH https://firebasehosting.googleapis.com/v1beta1/projects/-/sites/hours-tracker-505617/versions/630d4a6207a6fb27 updateMask=status%2Cconfig
[debug] [2026-08-22T01:50:03.642Z] >>> [apiv2][body] PATCH https://firebasehosting.googleapis.com/v1beta1/projects/-/sites/hours-tracker-505617/versions/630d4a6207a6fb27 {"status":"FINALIZED","config":{"rewrites":[{"glob":"**","path":"/index.html"}],"headers":[{"glob":"/","headers":{"Cache-Control":"no-cache, no-store, must-revalidate"}},{"glob":"**/*.html","headers":{"Cache-Control":"no-cache, no-store, must-revalidate"}},{"glob":"assets/**","headers":{"Cache-Control":"no-cache, must-revalidate"}}]}}
[debug] [2026-08-22T01:50:04.253Z] <<< [apiv2][status] PATCH https://firebasehosting.googleapis.com/v1beta1/projects/-/sites/hours-tracker-505617/versions/630d4a6207a6fb27 200
[debug] [2026-08-22T01:50:04.254Z] <<< [apiv2][body] PATCH https://firebasehosting.googleapis.com/v1beta1/projects/-/sites/hours-tracker-505617/versions/630d4a6207a6fb27 {"name":"projects/1053801277711/sites/hours-tracker-505617/versions/630d4a6207a6fb27","status":"FINALIZED","config":{"headers":[{"headers":{"Cache-Control":"no-cache, no-store, must-revalidate"},"glob":"/"},{"headers":{"Cache-Control":"no-cache, no-store, must-revalidate"},"glob":"**/*.html"},{"headers":{"Cache-Control":"no-cache, must-revalidate"},"glob":"assets/**"}],"rewrites":[{"glob":"**","path":"/index.html"}]},"labels":{"deployment-tool":"cli-firebase"},"createTime":"2026-08-22T01:48:19.574327Z","createUser":{"email":"sandiepietz@gmail.com"},"finalizeTime":"2026-08-22T01:50:04.126794Z","finalizeUser":{"email":"sandiepietz@gmail.com"}}
[debug] [2026-08-22T01:50:04.254Z] [hosting] finalized version for hours-tracker-505617:[object Object]
[info] ✔  hosting[hours-tracker-505617]: version finalized 
[info] i  hosting[hours-tracker-505617]: releasing new version... 
[debug] [2026-08-22T01:50:04.254Z] Checked if tokens are valid: true, expires at: 1787365546050
[debug] [2026-08-22T01:50:04.254Z] Checked if tokens are valid: true, expires at: 1787365546050
[debug] [2026-08-22T01:50:04.255Z] >>> [apiv2][query] POST https://firebasehosting.googleapis.com/v1beta1/projects/-/sites/hours-tracker-505617/channels/live/releases versionName=projects%2F1053801277711%2Fsites%2Fhours-tracker-505617%2Fversions%2F630d4a6207a6fb27
[debug] [2026-08-22T01:50:04.255Z] >>> [apiv2][body] POST https://firebasehosting.googleapis.com/v1beta1/projects/-/sites/hours-tracker-505617/channels/live/releases {}
[debug] [2026-08-22T01:50:04.661Z] <<< [apiv2][status] POST https://firebasehosting.googleapis.com/v1beta1/projects/-/sites/hours-tracker-505617/channels/live/releases 200
[debug] [2026-08-22T01:54:48.262Z] ----------------------------------------------------------------------
[debug] [2026-08-22T01:54:48.264Z] Command:       /usr/local/bin/node /usr/local/bin/firebase deploy --only hosting
[debug] [2026-08-22T01:54:48.264Z] CLI Version:   15.28.1
[debug] [2026-08-22T01:54:48.264Z] Platform:      darwin
[debug] [2026-08-22T01:54:48.264Z] Node Version:  v24.19.0
[debug] [2026-08-22T01:54:48.264Z] Detected Agent: codex_cli
[debug] [2026-08-22T01:54:48.264Z] Time:          Fri Aug 21 2026 18:54:48 GMT-0700 (Mountain Standard Time)
[debug] [2026-08-22T01:54:48.264Z] ----------------------------------------------------------------------
[debug] 
[debug] [2026-08-22T01:54:48.549Z] > command requires scopes: ["email","openid","https://www.googleapis.com/auth/cloudplatformprojects.readonly","https://www.googleapis.com/auth/firebase","https://www.googleapis.com/auth/cloud-platform"]
[debug] [2026-08-22T01:54:48.549Z] > authorizing via signed-in user (sandiepietz@gmail.com)
[debug] [2026-08-22T01:54:48.549Z] [iam] checking project hours-tracker-505617 for permissions ["firebase.projects.get","firebasehosting.sites.update"]
[debug] [2026-08-22T01:54:48.553Z] Checked if tokens are valid: true, expires at: 1787365546050
[debug] [2026-08-22T01:54:48.553Z] Checked if tokens are valid: true, expires at: 1787365546050
[debug] [2026-08-22T01:54:48.554Z] >>> [apiv2][query] POST https://cloudresourcemanager.googleapis.com/v1/projects/hours-tracker-505617:testIamPermissions [none]
[debug] [2026-08-22T01:54:48.554Z] >>> [apiv2][(partial)header] POST https://cloudresourcemanager.googleapis.com/v1/projects/hours-tracker-505617:testIamPermissions  x-goog-user-project=hours-tracker-505617
[debug] [2026-08-22T01:54:48.554Z] >>> [apiv2][body] POST https://cloudresourcemanager.googleapis.com/v1/projects/hours-tracker-505617:testIamPermissions {"permissions":["firebase.projects.get","firebasehosting.sites.update"]}
[debug] [2026-08-22T01:54:49.276Z] <<< [apiv2][status] POST https://cloudresourcemanager.googleapis.com/v1/projects/hours-tracker-505617:testIamPermissions 200
[debug] [2026-08-22T01:54:49.277Z] <<< [apiv2][body] POST https://cloudresourcemanager.googleapis.com/v1/projects/hours-tracker-505617:testIamPermissions {"permissions":["firebase.projects.get","firebasehosting.sites.update"]}
[debug] [2026-08-22T01:54:49.277Z] Checked if tokens are valid: true, expires at: 1787365546050
[debug] [2026-08-22T01:54:49.277Z] Checked if tokens are valid: true, expires at: 1787365546050
[debug] [2026-08-22T01:54:49.278Z] >>> [apiv2][query] GET https://firebase.googleapis.com/v1beta1/projects/hours-tracker-505617 [none]
[debug] [2026-08-22T01:54:49.790Z] <<< [apiv2][status] GET https://firebase.googleapis.com/v1beta1/projects/hours-tracker-505617 200
[debug] [2026-08-22T01:54:49.791Z] <<< [apiv2][body] GET https://firebase.googleapis.com/v1beta1/projects/hours-tracker-505617 {"projectId":"hours-tracker-505617","projectNumber":"1053801277711","displayName":"Hours Tracker","name":"projects/hours-tracker-505617","resources":{"hostingSite":"hours-tracker-505617"},"state":"ACTIVE","labels":{"firebase":"enabled"},"etag":"1_9b67e5f4-0d64-458f-acc0-b5264089e54e"}
[info] 
[info] === Deploying to 'hours-tracker-505617'...
[info] 
[info] i  deploying hosting 
[debug] [2026-08-22T01:54:49.794Z] Checked if tokens are valid: true, expires at: 1787365546050
[debug] [2026-08-22T01:54:49.794Z] Checked if tokens are valid: true, expires at: 1787365546050
[debug] [2026-08-22T01:54:49.794Z] >>> [apiv2][query] GET https://firebasehosting.googleapis.com/v1beta1/projects/hours-tracker-505617/sites/hours-tracker-505617 [none]
[debug] [2026-08-22T01:54:50.366Z] <<< [apiv2][status] GET https://firebasehosting.googleapis.com/v1beta1/projects/hours-tracker-505617/sites/hours-tracker-505617 200
[debug] [2026-08-22T01:54:50.367Z] <<< [apiv2][body] GET https://firebasehosting.googleapis.com/v1beta1/projects/hours-tracker-505617/sites/hours-tracker-505617 {"name":"projects/hours-tracker-505617/sites/hours-tracker-505617","defaultUrl":"https://hours-tracker-505617.web.app","appId":"1:1053801277711:web:4ef9a62303536bf2bc367a","type":"DEFAULT_SITE"}
[debug] [2026-08-22T01:54:50.368Z] Checked if tokens are valid: true, expires at: 1787365546050
[debug] [2026-08-22T01:54:50.368Z] Checked if tokens are valid: true, expires at: 1787365546050
[debug] [2026-08-22T01:54:50.368Z] >>> [apiv2][query] POST https://firebasehosting.googleapis.com/v1beta1/projects/-/sites/hours-tracker-505617/versions [none]
[debug] [2026-08-22T01:54:50.368Z] >>> [apiv2][body] POST https://firebasehosting.googleapis.com/v1beta1/projects/-/sites/hours-tracker-505617/versions {"status":"CREATED","labels":{"deployment-tool":"cli-firebase"}}
[debug] [2026-08-22T01:54:50.845Z] <<< [apiv2][status] POST https://firebasehosting.googleapis.com/v1beta1/projects/-/sites/hours-tracker-505617/versions 200
[debug] [2026-08-22T01:54:50.845Z] <<< [apiv2][body] POST https://firebasehosting.googleapis.com/v1beta1/projects/-/sites/hours-tracker-505617/versions {"name":"projects/1053801277711/sites/hours-tracker-505617/versions/8d95c079461cb78e","status":"CREATED","config":{},"labels":{"deployment-tool":"cli-firebase"}}
[info] i  hosting[hours-tracker-505617]: beginning deploy... 
[info] i  hosting[hours-tracker-505617]: found 7 files in firebase-dist 
[debug] [2026-08-22T01:54:50.856Z] [hosting] uploading with 200 concurrency
[debug] [2026-08-22T01:54:50.904Z] Checked if tokens are valid: true, expires at: 1787365546050
[debug] [2026-08-22T01:54:50.904Z] Checked if tokens are valid: true, expires at: 1787365546050
[debug] [2026-08-22T01:54:50.904Z] [hosting] hash cache [ZmlyZWJhc2UtZGlzdA] stored for 7 files
[debug] [2026-08-22T01:54:50.904Z] [hosting][hash queue][FINAL] {"max":42,"min":0,"avg":6.428571428571429,"active":0,"complete":7,"success":7,"errored":0,"retried":0,"total":7,"elapsed":44}
[debug] [2026-08-22T01:54:50.904Z] >>> [apiv2][query] POST https://firebasehosting.googleapis.com/v1beta1/projects/1053801277711/sites/hours-tracker-505617/versions/8d95c079461cb78e:populateFiles [none]
[debug] [2026-08-22T01:54:50.904Z] >>> [apiv2][body] POST https://firebasehosting.googleapis.com/v1beta1/projects/1053801277711/sites/hours-tracker-505617/versions/8d95c079461cb78e:populateFiles {"files":{"/window.svg":"32ea868a4067b3f236353dc7f0851952d02ecb0515826d1dd2590e61159b146a","/globe.svg":"a89af50fbe7023054a59f733eab7cc4c89605387c9decd9701536e081f5b607f","/file.svg":"0d4c6b6999e2d6106f033135f4b32598029367bd331608c34c4e4a072ea0b469","/favicon.svg":"f0fc09166d474aacd631f1d6cd9560d37843a8a233ad37eac785909c18823406","/assets/index-B3A5AJiX.css":"55f84bc8e57f93199f877adc9a973a8bb57bc12bba9e972d75dc63fbd9591e2b","/index.html":"d6977c4ce00c4c94a00e97b41ad2be6be20cd82f4b5eb7437235ae4392dd842e","/assets/index-tT16tZ1S.js":"ab4a3afc7f3088c2d29ec02fdb32bfba7a6ac667b57642b4ee841d2a3e47d666"}}
[debug] [2026-08-22T01:54:51.406Z] <<< [apiv2][status] POST https://firebasehosting.googleapis.com/v1beta1/projects/1053801277711/sites/hours-tracker-505617/versions/8d95c079461cb78e:populateFiles 200
[debug] [2026-08-22T01:54:51.406Z] <<< [apiv2][body] POST https://firebasehosting.googleapis.com/v1beta1/projects/1053801277711/sites/hours-tracker-505617/versions/8d95c079461cb78e:populateFiles {"uploadRequiredHashes":["d6977c4ce00c4c94a00e97b41ad2be6be20cd82f4b5eb7437235ae4392dd842e","ab4a3afc7f3088c2d29ec02fdb32bfba7a6ac667b57642b4ee841d2a3e47d666"],"uploadUrl":"https://upload-firebasehosting.googleapis.com/upload/sites/hours-tracker-505617/versions/8d95c079461cb78e/files"}
[debug] [2026-08-22T01:54:51.407Z] Checked if tokens are valid: true, expires at: 1787365546050
[debug] [2026-08-22T01:54:51.408Z] Checked if tokens are valid: true, expires at: 1787365546050
[debug] [2026-08-22T01:54:51.409Z] Checked if tokens are valid: true, expires at: 1787365546050
[debug] [2026-08-22T01:54:51.409Z] Checked if tokens are valid: true, expires at: 1787365546050
[debug] [2026-08-22T01:54:51.409Z] >>> [apiv2][query] POST https://upload-firebasehosting.googleapis.com/upload/sites/hours-tracker-505617/versions/8d95c079461cb78e/files/d6977c4ce00c4c94a00e97b41ad2be6be20cd82f4b5eb7437235ae4392dd842e [none]
[debug] [2026-08-22T01:54:51.409Z] >>> [apiv2][body] POST https://upload-firebasehosting.googleapis.com/upload/sites/hours-tracker-505617/versions/8d95c079461cb78e/files/d6977c4ce00c4c94a00e97b41ad2be6be20cd82f4b5eb7437235ae4392dd842e [stream]
[debug] [2026-08-22T01:54:51.411Z] >>> [apiv2][query] POST https://upload-firebasehosting.googleapis.com/upload/sites/hours-tracker-505617/versions/8d95c079461cb78e/files/ab4a3afc7f3088c2d29ec02fdb32bfba7a6ac667b57642b4ee841d2a3e47d666 [none]
[debug] [2026-08-22T01:54:51.411Z] >>> [apiv2][body] POST https://upload-firebasehosting.googleapis.com/upload/sites/hours-tracker-505617/versions/8d95c079461cb78e/files/ab4a3afc7f3088c2d29ec02fdb32bfba7a6ac667b57642b4ee841d2a3e47d666 [stream]
[debug] [2026-08-22T01:54:51.413Z] [hosting][populate queue][FINAL] {"max":505,"min":505,"avg":505,"active":0,"complete":1,"success":1,"errored":0,"retried":0,"total":1,"elapsed":509}
[debug] [2026-08-22T01:54:51.413Z] [hosting] uploads queued: 2
[debug] [2026-08-22T01:54:52.861Z] <<< [apiv2][status] POST https://upload-firebasehosting.googleapis.com/upload/sites/hours-tracker-505617/versions/8d95c079461cb78e/files/ab4a3afc7f3088c2d29ec02fdb32bfba7a6ac667b57642b4ee841d2a3e47d666 200
[debug] [2026-08-22T01:54:52.861Z] <<< [apiv2][body] POST https://upload-firebasehosting.googleapis.com/upload/sites/hours-tracker-505617/versions/8d95c079461cb78e/files/ab4a3afc7f3088c2d29ec02fdb32bfba7a6ac667b57642b4ee841d2a3e47d666 [stream]
[info] i  hosting: uploading new files [1/2] (50%) 
[debug] [2026-08-22T01:54:52.902Z] <<< [apiv2][status] POST https://upload-firebasehosting.googleapis.com/upload/sites/hours-tracker-505617/versions/8d95c079461cb78e/files/d6977c4ce00c4c94a00e97b41ad2be6be20cd82f4b5eb7437235ae4392dd842e 200
[debug] [2026-08-22T01:54:52.902Z] <<< [apiv2][body] POST https://upload-firebasehosting.googleapis.com/upload/sites/hours-tracker-505617/versions/8d95c079461cb78e/files/d6977c4ce00c4c94a00e97b41ad2be6be20cd82f4b5eb7437235ae4392dd842e [stream]
[debug] [2026-08-22T01:54:52.903Z] [hosting][upload queue][FINAL] {"max":1495,"min":1453,"avg":1474,"active":0,"complete":2,"success":2,"errored":0,"retried":0,"total":2,"elapsed":1496}
[info] i  hosting: upload complete 
[info] ✔  hosting[hours-tracker-505617]: file upload complete 
[debug] [2026-08-22T01:54:52.903Z] [hosting] deploy completed after 2055ms
[debug] [2026-08-22T01:54:52.903Z] [
  {
    "config": {
      "public": "firebase-dist",
      "ignore": [
        "firebase.json",
        "**/.*",
        "**/node_modules/**"
      ],
      "headers": [
        {
          "source": "/",
          "headers": [
            {
              "key": "Cache-Control",
              "value": "no-cache, no-store, must-revalidate"
            }
          ]
        },
        {
          "source": "**/*.html",
          "headers": [
            {
              "key": "Cache-Control",
              "value": "no-cache, no-store, must-revalidate"
            }
          ]
        },
        {
          "source": "assets/**",
          "headers": [
            {
              "key": "Cache-Control",
              "value": "no-cache, must-revalidate"
            }
          ]
        }
      ],
      "rewrites": [
        {
          "source": "**",
          "destination": "/index.html"
        }
      ],
      "site": "hours-tracker-505617"
    },
    "version": "projects/1053801277711/sites/hours-tracker-505617/versions/8d95c079461cb78e"
  }
]
[info] i  hosting[hours-tracker-505617]: finalizing version... 
[debug] [2026-08-22T01:54:52.906Z] Checked if tokens are valid: true, expires at: 1787365546050
[debug] [2026-08-22T01:54:52.906Z] Checked if tokens are valid: true, expires at: 1787365546050
[debug] [2026-08-22T01:54:52.906Z] >>> [apiv2][query] PATCH https://firebasehosting.googleapis.com/v1beta1/projects/-/sites/hours-tracker-505617/versions/8d95c079461cb78e updateMask=status%2Cconfig
[debug] [2026-08-22T01:54:52.906Z] >>> [apiv2][body] PATCH https://firebasehosting.googleapis.com/v1beta1/projects/-/sites/hours-tracker-505617/versions/8d95c079461cb78e {"status":"FINALIZED","config":{"rewrites":[{"glob":"**","path":"/index.html"}],"headers":[{"glob":"/","headers":{"Cache-Control":"no-cache, no-store, must-revalidate"}},{"glob":"**/*.html","headers":{"Cache-Control":"no-cache, no-store, must-revalidate"}},{"glob":"assets/**","headers":{"Cache-Control":"no-cache, must-revalidate"}}]}}
[debug] [2026-08-22T01:54:53.262Z] <<< [apiv2][status] PATCH https://firebasehosting.googleapis.com/v1beta1/projects/-/sites/hours-tracker-505617/versions/8d95c079461cb78e 200
[debug] [2026-08-22T01:54:53.262Z] <<< [apiv2][body] PATCH https://firebasehosting.googleapis.com/v1beta1/projects/-/sites/hours-tracker-505617/versions/8d95c079461cb78e {"name":"projects/1053801277711/sites/hours-tracker-505617/versions/8d95c079461cb78e","status":"FINALIZED","config":{"headers":[{"headers":{"Cache-Control":"no-cache, no-store, must-revalidate"},"glob":"/"},{"headers":{"Cache-Control":"no-cache, no-store, must-revalidate"},"glob":"**/*.html"},{"headers":{"Cache-Control":"no-cache, must-revalidate"},"glob":"assets/**"}],"rewrites":[{"glob":"**","path":"/index.html"}]},"labels":{"deployment-tool":"cli-firebase"},"createTime":"2026-08-22T01:54:50.543031Z","createUser":{"email":"sandiepietz@gmail.com"},"finalizeTime":"2026-08-22T01:54:53.159786Z","finalizeUser":{"email":"sandiepietz@gmail.com"}}
[debug] [2026-08-22T01:54:53.262Z] [hosting] finalized version for hours-tracker-505617:[object Object]
[info] ✔  hosting[hours-tracker-505617]: version finalized 
[info] i  hosting[hours-tracker-505617]: releasing new version... 
[debug] [2026-08-22T01:54:53.263Z] Checked if tokens are valid: true, expires at: 1787365546050
[debug] [2026-08-22T01:54:53.263Z] Checked if tokens are valid: true, expires at: 1787365546050
[debug] [2026-08-22T01:54:53.263Z] >>> [apiv2][query] POST https://firebasehosting.googleapis.com/v1beta1/projects/-/sites/hours-tracker-505617/channels/live/releases versionName=projects%2F1053801277711%2Fsites%2Fhours-tracker-505617%2Fversions%2F8d95c079461cb78e
[debug] [2026-08-22T01:54:53.263Z] >>> [apiv2][body] POST https://firebasehosting.googleapis.com/v1beta1/projects/-/sites/hours-tracker-505617/channels/live/releases {}
[debug] [2026-08-22T01:54:53.591Z] <<< [apiv2][status] POST https://firebasehosting.googleapis.com/v1beta1/projects/-/sites/hours-tracker-505617/channels/live/releases 200
[debug] [2026-08-22T02:49:38.806Z] ----------------------------------------------------------------------
[debug] [2026-08-22T02:49:38.810Z] Command:       /usr/local/bin/node /usr/local/bin/firebase deploy --only hosting
[debug] [2026-08-22T02:49:38.810Z] CLI Version:   15.28.1
[debug] [2026-08-22T02:49:38.810Z] Platform:      darwin
[debug] [2026-08-22T02:49:38.810Z] Node Version:  v24.19.0
[debug] [2026-08-22T02:49:38.810Z] Detected Agent: codex_cli
[debug] [2026-08-22T02:49:38.810Z] Time:          Fri Aug 21 2026 19:49:38 GMT-0700 (Mountain Standard Time)
[debug] [2026-08-22T02:49:38.810Z] ----------------------------------------------------------------------
[debug] 
[debug] [2026-08-22T02:49:39.241Z] > command requires scopes: ["email","openid","https://www.googleapis.com/auth/cloudplatformprojects.readonly","https://www.googleapis.com/auth/firebase","https://www.googleapis.com/auth/cloud-platform"]
[debug] [2026-08-22T02:49:39.241Z] > authorizing via signed-in user (sandiepietz@gmail.com)
[debug] [2026-08-22T02:49:39.241Z] [iam] checking project hours-tracker-505617 for permissions ["firebase.projects.get","firebasehosting.sites.update"]
[debug] [2026-08-22T02:49:39.250Z] Checked if tokens are valid: false, expires at: 1787365546050
[debug] [2026-08-22T02:49:39.250Z] Checked if tokens are valid: false, expires at: 1787365546050
[debug] [2026-08-22T02:49:39.250Z] > refreshing access token with scopes: []
[debug] [2026-08-22T02:49:39.251Z] >>> [apiv2][query] POST https://www.googleapis.com/oauth2/v3/token [none]
[debug] [2026-08-22T02:49:39.251Z] >>> [apiv2][body] POST https://www.googleapis.com/oauth2/v3/token [omitted]
[debug] [2026-08-22T02:49:39.455Z] <<< [apiv2][status] POST https://www.googleapis.com/oauth2/v3/token 200
[debug] [2026-08-22T02:49:39.455Z] <<< [apiv2][body] POST https://www.googleapis.com/oauth2/v3/token [omitted]
[debug] [2026-08-22T02:49:39.466Z] >>> [apiv2][query] POST https://cloudresourcemanager.googleapis.com/v1/projects/hours-tracker-505617:testIamPermissions [none]
[debug] [2026-08-22T02:49:39.466Z] >>> [apiv2][(partial)header] POST https://cloudresourcemanager.googleapis.com/v1/projects/hours-tracker-505617:testIamPermissions  x-goog-user-project=hours-tracker-505617
[debug] [2026-08-22T02:49:39.466Z] >>> [apiv2][body] POST https://cloudresourcemanager.googleapis.com/v1/projects/hours-tracker-505617:testIamPermissions {"permissions":["firebase.projects.get","firebasehosting.sites.update"]}
[debug] [2026-08-22T02:49:39.809Z] <<< [apiv2][status] POST https://cloudresourcemanager.googleapis.com/v1/projects/hours-tracker-505617:testIamPermissions 200
[debug] [2026-08-22T02:49:39.810Z] <<< [apiv2][body] POST https://cloudresourcemanager.googleapis.com/v1/projects/hours-tracker-505617:testIamPermissions {"permissions":["firebase.projects.get","firebasehosting.sites.update"]}
[debug] [2026-08-22T02:49:39.811Z] Checked if tokens are valid: true, expires at: 1787370578455
[debug] [2026-08-22T02:49:39.811Z] Checked if tokens are valid: true, expires at: 1787370578455
[debug] [2026-08-22T02:49:39.811Z] >>> [apiv2][query] GET https://firebase.googleapis.com/v1beta1/projects/hours-tracker-505617 [none]
[debug] [2026-08-22T02:49:40.073Z] <<< [apiv2][status] GET https://firebase.googleapis.com/v1beta1/projects/hours-tracker-505617 200
[debug] [2026-08-22T02:49:40.074Z] <<< [apiv2][body] GET https://firebase.googleapis.com/v1beta1/projects/hours-tracker-505617 {"projectId":"hours-tracker-505617","projectNumber":"1053801277711","displayName":"Hours Tracker","name":"projects/hours-tracker-505617","resources":{"hostingSite":"hours-tracker-505617"},"state":"ACTIVE","labels":{"firebase":"enabled"},"etag":"1_9b67e5f4-0d64-458f-acc0-b5264089e54e"}
[info] 
[info] === Deploying to 'hours-tracker-505617'...
[info] 
[info] i  deploying hosting 
[debug] [2026-08-22T02:49:40.077Z] Checked if tokens are valid: true, expires at: 1787370578455
[debug] [2026-08-22T02:49:40.078Z] Checked if tokens are valid: true, expires at: 1787370578455
[debug] [2026-08-22T02:49:40.078Z] >>> [apiv2][query] GET https://firebasehosting.googleapis.com/v1beta1/projects/hours-tracker-505617/sites/hours-tracker-505617 [none]
[debug] [2026-08-22T02:49:40.603Z] <<< [apiv2][status] GET https://firebasehosting.googleapis.com/v1beta1/projects/hours-tracker-505617/sites/hours-tracker-505617 200
[debug] [2026-08-22T02:49:40.604Z] <<< [apiv2][body] GET https://firebasehosting.googleapis.com/v1beta1/projects/hours-tracker-505617/sites/hours-tracker-505617 {"name":"projects/hours-tracker-505617/sites/hours-tracker-505617","defaultUrl":"https://hours-tracker-505617.web.app","appId":"1:1053801277711:web:4ef9a62303536bf2bc367a","type":"DEFAULT_SITE"}
[debug] [2026-08-22T02:49:40.605Z] Checked if tokens are valid: true, expires at: 1787370578455
[debug] [2026-08-22T02:49:40.606Z] Checked if tokens are valid: true, expires at: 1787370578455
[debug] [2026-08-22T02:49:40.606Z] >>> [apiv2][query] POST https://firebasehosting.googleapis.com/v1beta1/projects/-/sites/hours-tracker-505617/versions [none]
[debug] [2026-08-22T02:49:40.606Z] >>> [apiv2][body] POST https://firebasehosting.googleapis.com/v1beta1/projects/-/sites/hours-tracker-505617/versions {"status":"CREATED","labels":{"deployment-tool":"cli-firebase"}}
[debug] [2026-08-22T02:49:41.130Z] <<< [apiv2][status] POST https://firebasehosting.googleapis.com/v1beta1/projects/-/sites/hours-tracker-505617/versions 200
[debug] [2026-08-22T02:49:41.130Z] <<< [apiv2][body] POST https://firebasehosting.googleapis.com/v1beta1/projects/-/sites/hours-tracker-505617/versions {"name":"projects/1053801277711/sites/hours-tracker-505617/versions/0f68ac2f1a3b03aa","status":"CREATED","config":{},"labels":{"deployment-tool":"cli-firebase"}}
[info] i  hosting[hours-tracker-505617]: beginning deploy... 
[info] i  hosting[hours-tracker-505617]: found 7 files in firebase-dist 
[debug] [2026-08-22T02:49:41.148Z] [hosting] uploading with 200 concurrency
[debug] [2026-08-22T02:49:41.188Z] Checked if tokens are valid: true, expires at: 1787370578455
[debug] [2026-08-22T02:49:41.188Z] Checked if tokens are valid: true, expires at: 1787370578455
[debug] [2026-08-22T02:49:41.188Z] [hosting] hash cache [ZmlyZWJhc2UtZGlzdA] stored for 7 files
[debug] [2026-08-22T02:49:41.188Z] [hosting][hash queue][FINAL] {"max":39,"min":0,"avg":5.857142857142857,"active":0,"complete":7,"success":7,"errored":0,"retried":0,"total":7,"elapsed":39}
[debug] [2026-08-22T02:49:41.189Z] >>> [apiv2][query] POST https://firebasehosting.googleapis.com/v1beta1/projects/1053801277711/sites/hours-tracker-505617/versions/0f68ac2f1a3b03aa:populateFiles [none]
[debug] [2026-08-22T02:49:41.189Z] >>> [apiv2][body] POST https://firebasehosting.googleapis.com/v1beta1/projects/1053801277711/sites/hours-tracker-505617/versions/0f68ac2f1a3b03aa:populateFiles {"files":{"/window.svg":"32ea868a4067b3f236353dc7f0851952d02ecb0515826d1dd2590e61159b146a","/globe.svg":"a89af50fbe7023054a59f733eab7cc4c89605387c9decd9701536e081f5b607f","/file.svg":"0d4c6b6999e2d6106f033135f4b32598029367bd331608c34c4e4a072ea0b469","/favicon.svg":"f0fc09166d474aacd631f1d6cd9560d37843a8a233ad37eac785909c18823406","/assets/index-B3A5AJiX.css":"55f84bc8e57f93199f877adc9a973a8bb57bc12bba9e972d75dc63fbd9591e2b","/index.html":"8aa4349d52473140c0abbe5efb2dd4bc0e95dfcbe38f1920b132653981b6213f","/assets/index-tT16tZ1S.js":"64c8c6f953b97386ef68da94e5f6251ca834968761260b6870a80aece3ed0bb5"}}
[debug] [2026-08-22T02:49:41.858Z] <<< [apiv2][status] POST https://firebasehosting.googleapis.com/v1beta1/projects/1053801277711/sites/hours-tracker-505617/versions/0f68ac2f1a3b03aa:populateFiles 200
[debug] [2026-08-22T02:49:41.858Z] <<< [apiv2][body] POST https://firebasehosting.googleapis.com/v1beta1/projects/1053801277711/sites/hours-tracker-505617/versions/0f68ac2f1a3b03aa:populateFiles {"uploadRequiredHashes":["64c8c6f953b97386ef68da94e5f6251ca834968761260b6870a80aece3ed0bb5","8aa4349d52473140c0abbe5efb2dd4bc0e95dfcbe38f1920b132653981b6213f"],"uploadUrl":"https://upload-firebasehosting.googleapis.com/upload/sites/hours-tracker-505617/versions/0f68ac2f1a3b03aa/files"}
[debug] [2026-08-22T02:49:41.859Z] Checked if tokens are valid: true, expires at: 1787370578455
[debug] [2026-08-22T02:49:41.859Z] Checked if tokens are valid: true, expires at: 1787370578455
[debug] [2026-08-22T02:49:41.860Z] Checked if tokens are valid: true, expires at: 1787370578455
[debug] [2026-08-22T02:49:41.860Z] Checked if tokens are valid: true, expires at: 1787370578455
[debug] [2026-08-22T02:49:41.860Z] >>> [apiv2][query] POST https://upload-firebasehosting.googleapis.com/upload/sites/hours-tracker-505617/versions/0f68ac2f1a3b03aa/files/64c8c6f953b97386ef68da94e5f6251ca834968761260b6870a80aece3ed0bb5 [none]
[debug] [2026-08-22T02:49:41.860Z] >>> [apiv2][body] POST https://upload-firebasehosting.googleapis.com/upload/sites/hours-tracker-505617/versions/0f68ac2f1a3b03aa/files/64c8c6f953b97386ef68da94e5f6251ca834968761260b6870a80aece3ed0bb5 [stream]
[debug] [2026-08-22T02:49:41.862Z] >>> [apiv2][query] POST https://upload-firebasehosting.googleapis.com/upload/sites/hours-tracker-505617/versions/0f68ac2f1a3b03aa/files/8aa4349d52473140c0abbe5efb2dd4bc0e95dfcbe38f1920b132653981b6213f [none]
[debug] [2026-08-22T02:49:41.862Z] >>> [apiv2][body] POST https://upload-firebasehosting.googleapis.com/upload/sites/hours-tracker-505617/versions/0f68ac2f1a3b03aa/files/8aa4349d52473140c0abbe5efb2dd4bc0e95dfcbe38f1920b132653981b6213f [stream]
[debug] [2026-08-22T02:49:41.864Z] [hosting][populate queue][FINAL] {"max":672,"min":672,"avg":672,"active":0,"complete":1,"success":1,"errored":0,"retried":0,"total":1,"elapsed":676}
[debug] [2026-08-22T02:49:41.864Z] [hosting] uploads queued: 2
[info] i  hosting: uploading new files [0/2] (0%) 
[debug] [2026-08-22T02:49:43.193Z] <<< [apiv2][status] POST https://upload-firebasehosting.googleapis.com/upload/sites/hours-tracker-505617/versions/0f68ac2f1a3b03aa/files/64c8c6f953b97386ef68da94e5f6251ca834968761260b6870a80aece3ed0bb5 200
[debug] [2026-08-22T02:49:43.193Z] <<< [apiv2][body] POST https://upload-firebasehosting.googleapis.com/upload/sites/hours-tracker-505617/versions/0f68ac2f1a3b03aa/files/64c8c6f953b97386ef68da94e5f6251ca834968761260b6870a80aece3ed0bb5 [stream]
[debug] [2026-08-22T02:49:43.255Z] <<< [apiv2][status] POST https://upload-firebasehosting.googleapis.com/upload/sites/hours-tracker-505617/versions/0f68ac2f1a3b03aa/files/8aa4349d52473140c0abbe5efb2dd4bc0e95dfcbe38f1920b132653981b6213f 200
[debug] [2026-08-22T02:49:43.255Z] <<< [apiv2][body] POST https://upload-firebasehosting.googleapis.com/upload/sites/hours-tracker-505617/versions/0f68ac2f1a3b03aa/files/8aa4349d52473140c0abbe5efb2dd4bc0e95dfcbe38f1920b132653981b6213f [stream]
[debug] [2026-08-22T02:49:43.256Z] [hosting][upload queue][FINAL] {"max":1396,"min":1335,"avg":1365.5,"active":0,"complete":2,"success":2,"errored":0,"retried":0,"total":2,"elapsed":1398}
[info] i  hosting: upload complete 
[info] ✔  hosting[hours-tracker-505617]: file upload complete 
[debug] [2026-08-22T02:49:43.256Z] [hosting] deploy completed after 2123ms
[debug] [2026-08-22T02:49:43.256Z] [
  {
    "config": {
      "public": "firebase-dist",
      "ignore": [
        "firebase.json",
        "**/.*",
        "**/node_modules/**"
      ],
      "headers": [
        {
          "source": "/",
          "headers": [
            {
              "key": "Cache-Control",
              "value": "no-cache, no-store, must-revalidate"
            }
          ]
        },
        {
          "source": "**/*.html",
          "headers": [
            {
              "key": "Cache-Control",
              "value": "no-cache, no-store, must-revalidate"
            }
          ]
        },
        {
          "source": "assets/**",
          "headers": [
            {
              "key": "Cache-Control",
              "value": "no-cache, must-revalidate"
            }
          ]
        }
      ],
      "rewrites": [
        {
          "source": "**",
          "destination": "/index.html"
        }
      ],
      "site": "hours-tracker-505617"
    },
    "version": "projects/1053801277711/sites/hours-tracker-505617/versions/0f68ac2f1a3b03aa"
  }
]
[info] i  hosting[hours-tracker-505617]: finalizing version... 
[debug] [2026-08-22T02:49:43.260Z] Checked if tokens are valid: true, expires at: 1787370578455
[debug] [2026-08-22T02:49:43.260Z] Checked if tokens are valid: true, expires at: 1787370578455
[debug] [2026-08-22T02:49:43.260Z] >>> [apiv2][query] PATCH https://firebasehosting.googleapis.com/v1beta1/projects/-/sites/hours-tracker-505617/versions/0f68ac2f1a3b03aa updateMask=status%2Cconfig
[debug] [2026-08-22T02:49:43.260Z] >>> [apiv2][body] PATCH https://firebasehosting.googleapis.com/v1beta1/projects/-/sites/hours-tracker-505617/versions/0f68ac2f1a3b03aa {"status":"FINALIZED","config":{"rewrites":[{"glob":"**","path":"/index.html"}],"headers":[{"glob":"/","headers":{"Cache-Control":"no-cache, no-store, must-revalidate"}},{"glob":"**/*.html","headers":{"Cache-Control":"no-cache, no-store, must-revalidate"}},{"glob":"assets/**","headers":{"Cache-Control":"no-cache, must-revalidate"}}]}}
[debug] [2026-08-22T02:49:44.008Z] <<< [apiv2][status] PATCH https://firebasehosting.googleapis.com/v1beta1/projects/-/sites/hours-tracker-505617/versions/0f68ac2f1a3b03aa 200
[debug] [2026-08-22T02:49:44.009Z] <<< [apiv2][body] PATCH https://firebasehosting.googleapis.com/v1beta1/projects/-/sites/hours-tracker-505617/versions/0f68ac2f1a3b03aa {"name":"projects/1053801277711/sites/hours-tracker-505617/versions/0f68ac2f1a3b03aa","status":"FINALIZED","config":{"headers":[{"headers":{"Cache-Control":"no-cache, no-store, must-revalidate"},"glob":"/"},{"headers":{"Cache-Control":"no-cache, no-store, must-revalidate"},"glob":"**/*.html"},{"headers":{"Cache-Control":"no-cache, must-revalidate"},"glob":"assets/**"}],"rewrites":[{"glob":"**","path":"/index.html"}]},"labels":{"deployment-tool":"cli-firebase"},"createTime":"2026-08-22T02:49:40.784446Z","createUser":{"email":"sandiepietz@gmail.com"},"finalizeTime":"2026-08-22T02:49:43.973468Z","finalizeUser":{"email":"sandiepietz@gmail.com"}}
[debug] [2026-08-22T02:49:44.009Z] [hosting] finalized version for hours-tracker-505617:[object Object]
[info] ✔  hosting[hours-tracker-505617]: version finalized 
[info] i  hosting[hours-tracker-505617]: releasing new version... 
[debug] [2026-08-22T02:49:44.009Z] Checked if tokens are valid: true, expires at: 1787370578455
[debug] [2026-08-22T02:49:44.009Z] Checked if tokens are valid: true, expires at: 1787370578455
[debug] [2026-08-22T02:49:44.010Z] >>> [apiv2][query] POST https://firebasehosting.googleapis.com/v1beta1/projects/-/sites/hours-tracker-505617/channels/live/releases versionName=projects%2F1053801277711%2Fsites%2Fhours-tracker-505617%2Fversions%2F0f68ac2f1a3b03aa
[debug] [2026-08-22T02:49:44.010Z] >>> [apiv2][body] POST https://firebasehosting.googleapis.com/v1beta1/projects/-/sites/hours-tracker-505617/channels/live/releases {}
[debug] [2026-08-22T02:49:44.417Z] <<< [apiv2][status] POST https://firebasehosting.googleapis.com/v1beta1/projects/-/sites/hours-tracker-505617/channels/live/releases 200
[debug] [2026-08-22T03:03:18.716Z] ----------------------------------------------------------------------
[debug] [2026-08-22T03:03:18.720Z] Command:       /usr/local/bin/node /usr/local/bin/firebase deploy --only hosting
[debug] [2026-08-22T03:03:18.721Z] CLI Version:   15.28.1
[debug] [2026-08-22T03:03:18.721Z] Platform:      darwin
[debug] [2026-08-22T03:03:18.721Z] Node Version:  v24.19.0
[debug] [2026-08-22T03:03:18.721Z] Detected Agent: codex_cli
[debug] [2026-08-22T03:03:18.721Z] Time:          Fri Aug 21 2026 20:03:18 GMT-0700 (Mountain Standard Time)
[debug] [2026-08-22T03:03:18.721Z] ----------------------------------------------------------------------
[debug] 
[debug] [2026-08-22T03:03:19.119Z] > command requires scopes: ["email","openid","https://www.googleapis.com/auth/cloudplatformprojects.readonly","https://www.googleapis.com/auth/firebase","https://www.googleapis.com/auth/cloud-platform"]
[debug] [2026-08-22T03:03:19.119Z] > authorizing via signed-in user (sandiepietz@gmail.com)
[debug] [2026-08-22T03:03:19.119Z] [iam] checking project hours-tracker-505617 for permissions ["firebase.projects.get","firebasehosting.sites.update"]
[debug] [2026-08-22T03:03:19.129Z] Checked if tokens are valid: true, expires at: 1787370578455
[debug] [2026-08-22T03:03:19.129Z] Checked if tokens are valid: true, expires at: 1787370578455
[debug] [2026-08-22T03:03:19.130Z] >>> [apiv2][query] POST https://cloudresourcemanager.googleapis.com/v1/projects/hours-tracker-505617:testIamPermissions [none]
[debug] [2026-08-22T03:03:19.130Z] >>> [apiv2][(partial)header] POST https://cloudresourcemanager.googleapis.com/v1/projects/hours-tracker-505617:testIamPermissions  x-goog-user-project=hours-tracker-505617
[debug] [2026-08-22T03:03:19.130Z] >>> [apiv2][body] POST https://cloudresourcemanager.googleapis.com/v1/projects/hours-tracker-505617:testIamPermissions {"permissions":["firebase.projects.get","firebasehosting.sites.update"]}
[debug] [2026-08-22T03:03:19.509Z] <<< [apiv2][status] POST https://cloudresourcemanager.googleapis.com/v1/projects/hours-tracker-505617:testIamPermissions 200
[debug] [2026-08-22T03:03:19.509Z] <<< [apiv2][body] POST https://cloudresourcemanager.googleapis.com/v1/projects/hours-tracker-505617:testIamPermissions {"permissions":["firebase.projects.get","firebasehosting.sites.update"]}
[debug] [2026-08-22T03:03:19.510Z] Checked if tokens are valid: true, expires at: 1787370578455
[debug] [2026-08-22T03:03:19.510Z] Checked if tokens are valid: true, expires at: 1787370578455
[debug] [2026-08-22T03:03:19.510Z] >>> [apiv2][query] GET https://firebase.googleapis.com/v1beta1/projects/hours-tracker-505617 [none]
[debug] [2026-08-22T03:03:19.768Z] <<< [apiv2][status] GET https://firebase.googleapis.com/v1beta1/projects/hours-tracker-505617 200
[debug] [2026-08-22T03:03:19.769Z] <<< [apiv2][body] GET https://firebase.googleapis.com/v1beta1/projects/hours-tracker-505617 {"projectId":"hours-tracker-505617","projectNumber":"1053801277711","displayName":"Hours Tracker","name":"projects/hours-tracker-505617","resources":{"hostingSite":"hours-tracker-505617"},"state":"ACTIVE","labels":{"firebase":"enabled"},"etag":"1_9b67e5f4-0d64-458f-acc0-b5264089e54e"}
[info] 
[info] === Deploying to 'hours-tracker-505617'...
[info] 
[info] i  deploying hosting 
[debug] [2026-08-22T03:03:19.772Z] Checked if tokens are valid: true, expires at: 1787370578455
[debug] [2026-08-22T03:03:19.772Z] Checked if tokens are valid: true, expires at: 1787370578455
[debug] [2026-08-22T03:03:19.773Z] >>> [apiv2][query] GET https://firebasehosting.googleapis.com/v1beta1/projects/hours-tracker-505617/sites/hours-tracker-505617 [none]
[debug] [2026-08-22T03:03:20.353Z] <<< [apiv2][status] GET https://firebasehosting.googleapis.com/v1beta1/projects/hours-tracker-505617/sites/hours-tracker-505617 200
[debug] [2026-08-22T03:03:20.354Z] <<< [apiv2][body] GET https://firebasehosting.googleapis.com/v1beta1/projects/hours-tracker-505617/sites/hours-tracker-505617 {"name":"projects/hours-tracker-505617/sites/hours-tracker-505617","defaultUrl":"https://hours-tracker-505617.web.app","appId":"1:1053801277711:web:4ef9a62303536bf2bc367a","type":"DEFAULT_SITE"}
[debug] [2026-08-22T03:03:20.355Z] Checked if tokens are valid: true, expires at: 1787370578455
[debug] [2026-08-22T03:03:20.355Z] Checked if tokens are valid: true, expires at: 1787370578455
[debug] [2026-08-22T03:03:20.356Z] >>> [apiv2][query] POST https://firebasehosting.googleapis.com/v1beta1/projects/-/sites/hours-tracker-505617/versions [none]
[debug] [2026-08-22T03:03:20.356Z] >>> [apiv2][body] POST https://firebasehosting.googleapis.com/v1beta1/projects/-/sites/hours-tracker-505617/versions {"status":"CREATED","labels":{"deployment-tool":"cli-firebase"}}
[debug] [2026-08-22T03:03:20.920Z] <<< [apiv2][status] POST https://firebasehosting.googleapis.com/v1beta1/projects/-/sites/hours-tracker-505617/versions 200
[debug] [2026-08-22T03:03:20.920Z] <<< [apiv2][body] POST https://firebasehosting.googleapis.com/v1beta1/projects/-/sites/hours-tracker-505617/versions {"name":"projects/1053801277711/sites/hours-tracker-505617/versions/9d14566de515fbd5","status":"CREATED","config":{},"labels":{"deployment-tool":"cli-firebase"}}
[info] i  hosting[hours-tracker-505617]: beginning deploy... 
[info] i  hosting[hours-tracker-505617]: found 7 files in firebase-dist 
[debug] [2026-08-22T03:03:20.942Z] [hosting] uploading with 200 concurrency
[debug] [2026-08-22T03:03:20.980Z] Checked if tokens are valid: true, expires at: 1787370578455
[debug] [2026-08-22T03:03:20.980Z] Checked if tokens are valid: true, expires at: 1787370578455
[debug] [2026-08-22T03:03:20.980Z] [hosting] hash cache [ZmlyZWJhc2UtZGlzdA] stored for 7 files
[debug] [2026-08-22T03:03:20.980Z] [hosting][hash queue][FINAL] {"max":37,"min":0,"avg":5.571428571428571,"active":0,"complete":7,"success":7,"errored":0,"retried":0,"total":7,"elapsed":38}
[debug] [2026-08-22T03:03:20.981Z] >>> [apiv2][query] POST https://firebasehosting.googleapis.com/v1beta1/projects/1053801277711/sites/hours-tracker-505617/versions/9d14566de515fbd5:populateFiles [none]
[debug] [2026-08-22T03:03:20.981Z] >>> [apiv2][body] POST https://firebasehosting.googleapis.com/v1beta1/projects/1053801277711/sites/hours-tracker-505617/versions/9d14566de515fbd5:populateFiles {"files":{"/window.svg":"32ea868a4067b3f236353dc7f0851952d02ecb0515826d1dd2590e61159b146a","/globe.svg":"a89af50fbe7023054a59f733eab7cc4c89605387c9decd9701536e081f5b607f","/file.svg":"0d4c6b6999e2d6106f033135f4b32598029367bd331608c34c4e4a072ea0b469","/favicon.svg":"f0fc09166d474aacd631f1d6cd9560d37843a8a233ad37eac785909c18823406","/assets/index-B3A5AJiX.css":"55f84bc8e57f93199f877adc9a973a8bb57bc12bba9e972d75dc63fbd9591e2b","/index.html":"3e2ca92b2e0b975dd61a5250a935ee9049694e3ef6972312c558609699fb9cf4","/assets/index-tT16tZ1S.js":"3fcd71439d24f8d0da49353388377234eb102c01ae2d4b7d0286dc5edcc3eda8"}}
[debug] [2026-08-22T03:03:21.582Z] <<< [apiv2][status] POST https://firebasehosting.googleapis.com/v1beta1/projects/1053801277711/sites/hours-tracker-505617/versions/9d14566de515fbd5:populateFiles 200
[debug] [2026-08-22T03:03:21.582Z] <<< [apiv2][body] POST https://firebasehosting.googleapis.com/v1beta1/projects/1053801277711/sites/hours-tracker-505617/versions/9d14566de515fbd5:populateFiles {"uploadRequiredHashes":["3e2ca92b2e0b975dd61a5250a935ee9049694e3ef6972312c558609699fb9cf4","3fcd71439d24f8d0da49353388377234eb102c01ae2d4b7d0286dc5edcc3eda8"],"uploadUrl":"https://upload-firebasehosting.googleapis.com/upload/sites/hours-tracker-505617/versions/9d14566de515fbd5/files"}
[debug] [2026-08-22T03:03:21.583Z] Checked if tokens are valid: true, expires at: 1787370578455
[debug] [2026-08-22T03:03:21.583Z] Checked if tokens are valid: true, expires at: 1787370578455
[debug] [2026-08-22T03:03:21.583Z] Checked if tokens are valid: true, expires at: 1787370578455
[debug] [2026-08-22T03:03:21.583Z] Checked if tokens are valid: true, expires at: 1787370578455
[debug] [2026-08-22T03:03:21.584Z] >>> [apiv2][query] POST https://upload-firebasehosting.googleapis.com/upload/sites/hours-tracker-505617/versions/9d14566de515fbd5/files/3e2ca92b2e0b975dd61a5250a935ee9049694e3ef6972312c558609699fb9cf4 [none]
[debug] [2026-08-22T03:03:21.584Z] >>> [apiv2][body] POST https://upload-firebasehosting.googleapis.com/upload/sites/hours-tracker-505617/versions/9d14566de515fbd5/files/3e2ca92b2e0b975dd61a5250a935ee9049694e3ef6972312c558609699fb9cf4 [stream]
[debug] [2026-08-22T03:03:21.586Z] >>> [apiv2][query] POST https://upload-firebasehosting.googleapis.com/upload/sites/hours-tracker-505617/versions/9d14566de515fbd5/files/3fcd71439d24f8d0da49353388377234eb102c01ae2d4b7d0286dc5edcc3eda8 [none]
[debug] [2026-08-22T03:03:21.586Z] >>> [apiv2][body] POST https://upload-firebasehosting.googleapis.com/upload/sites/hours-tracker-505617/versions/9d14566de515fbd5/files/3fcd71439d24f8d0da49353388377234eb102c01ae2d4b7d0286dc5edcc3eda8 [stream]
[debug] [2026-08-22T03:03:21.588Z] [hosting][populate queue][FINAL] {"max":604,"min":604,"avg":604,"active":0,"complete":1,"success":1,"errored":0,"retried":0,"total":1,"elapsed":608}
[debug] [2026-08-22T03:03:21.588Z] [hosting] uploads queued: 2
[debug] [2026-08-22T03:03:22.813Z] <<< [apiv2][status] POST https://upload-firebasehosting.googleapis.com/upload/sites/hours-tracker-505617/versions/9d14566de515fbd5/files/3fcd71439d24f8d0da49353388377234eb102c01ae2d4b7d0286dc5edcc3eda8 200
[debug] [2026-08-22T03:03:22.814Z] <<< [apiv2][body] POST https://upload-firebasehosting.googleapis.com/upload/sites/hours-tracker-505617/versions/9d14566de515fbd5/files/3fcd71439d24f8d0da49353388377234eb102c01ae2d4b7d0286dc5edcc3eda8 [stream]
[info] i  hosting: uploading new files [1/2] (50%) 
[debug] [2026-08-22T03:03:23.014Z] <<< [apiv2][status] POST https://upload-firebasehosting.googleapis.com/upload/sites/hours-tracker-505617/versions/9d14566de515fbd5/files/3e2ca92b2e0b975dd61a5250a935ee9049694e3ef6972312c558609699fb9cf4 200
[debug] [2026-08-22T03:03:23.015Z] <<< [apiv2][body] POST https://upload-firebasehosting.googleapis.com/upload/sites/hours-tracker-505617/versions/9d14566de515fbd5/files/3e2ca92b2e0b975dd61a5250a935ee9049694e3ef6972312c558609699fb9cf4 [stream]
[debug] [2026-08-22T03:03:23.015Z] [hosting][upload queue][FINAL] {"max":1433,"min":1231,"avg":1332,"active":0,"complete":2,"success":2,"errored":0,"retried":0,"total":2,"elapsed":1433}
[info] i  hosting: upload complete 
[info] ✔  hosting[hours-tracker-505617]: file upload complete 
[debug] [2026-08-22T03:03:23.016Z] [hosting] deploy completed after 2084ms
[debug] [2026-08-22T03:03:23.016Z] [
  {
    "config": {
      "public": "firebase-dist",
      "ignore": [
        "firebase.json",
        "**/.*",
        "**/node_modules/**"
      ],
      "headers": [
        {
          "source": "/",
          "headers": [
            {
              "key": "Cache-Control",
              "value": "no-cache, no-store, must-revalidate"
            }
          ]
        },
        {
          "source": "**/*.html",
          "headers": [
            {
              "key": "Cache-Control",
              "value": "no-cache, no-store, must-revalidate"
            }
          ]
        },
        {
          "source": "assets/**",
          "headers": [
            {
              "key": "Cache-Control",
              "value": "no-cache, must-revalidate"
            }
          ]
        }
      ],
      "rewrites": [
        {
          "source": "**",
          "destination": "/index.html"
        }
      ],
      "site": "hours-tracker-505617"
    },
    "version": "projects/1053801277711/sites/hours-tracker-505617/versions/9d14566de515fbd5"
  }
]
[info] i  hosting[hours-tracker-505617]: finalizing version... 
[debug] [2026-08-22T03:03:23.019Z] Checked if tokens are valid: true, expires at: 1787370578455
[debug] [2026-08-22T03:03:23.019Z] Checked if tokens are valid: true, expires at: 1787370578455
[debug] [2026-08-22T03:03:23.019Z] >>> [apiv2][query] PATCH https://firebasehosting.googleapis.com/v1beta1/projects/-/sites/hours-tracker-505617/versions/9d14566de515fbd5 updateMask=status%2Cconfig
[debug] [2026-08-22T03:03:23.019Z] >>> [apiv2][body] PATCH https://firebasehosting.googleapis.com/v1beta1/projects/-/sites/hours-tracker-505617/versions/9d14566de515fbd5 {"status":"FINALIZED","config":{"rewrites":[{"glob":"**","path":"/index.html"}],"headers":[{"glob":"/","headers":{"Cache-Control":"no-cache, no-store, must-revalidate"}},{"glob":"**/*.html","headers":{"Cache-Control":"no-cache, no-store, must-revalidate"}},{"glob":"assets/**","headers":{"Cache-Control":"no-cache, must-revalidate"}}]}}
[debug] [2026-08-22T03:03:23.540Z] <<< [apiv2][status] PATCH https://firebasehosting.googleapis.com/v1beta1/projects/-/sites/hours-tracker-505617/versions/9d14566de515fbd5 200
[debug] [2026-08-22T03:03:23.540Z] <<< [apiv2][body] PATCH https://firebasehosting.googleapis.com/v1beta1/projects/-/sites/hours-tracker-505617/versions/9d14566de515fbd5 {"name":"projects/1053801277711/sites/hours-tracker-505617/versions/9d14566de515fbd5","status":"FINALIZED","config":{"headers":[{"headers":{"Cache-Control":"no-cache, no-store, must-revalidate"},"glob":"/"},{"headers":{"Cache-Control":"no-cache, no-store, must-revalidate"},"glob":"**/*.html"},{"headers":{"Cache-Control":"no-cache, must-revalidate"},"glob":"assets/**"}],"rewrites":[{"glob":"**","path":"/index.html"}]},"labels":{"deployment-tool":"cli-firebase"},"createTime":"2026-08-22T03:03:20.550654Z","createUser":{"email":"sandiepietz@gmail.com"},"finalizeTime":"2026-08-22T03:03:23.508Z","finalizeUser":{"email":"sandiepietz@gmail.com"}}
[debug] [2026-08-22T03:03:23.540Z] [hosting] finalized version for hours-tracker-505617:[object Object]
[info] ✔  hosting[hours-tracker-505617]: version finalized 
[info] i  hosting[hours-tracker-505617]: releasing new version... 
[debug] [2026-08-22T03:03:23.541Z] Checked if tokens are valid: true, expires at: 1787370578455
[debug] [2026-08-22T03:03:23.541Z] Checked if tokens are valid: true, expires at: 1787370578455
[debug] [2026-08-22T03:03:23.541Z] >>> [apiv2][query] POST https://firebasehosting.googleapis.com/v1beta1/projects/-/sites/hours-tracker-505617/channels/live/releases versionName=projects%2F1053801277711%2Fsites%2Fhours-tracker-505617%2Fversions%2F9d14566de515fbd5
[debug] [2026-08-22T03:03:23.541Z] >>> [apiv2][body] POST https://firebasehosting.googleapis.com/v1beta1/projects/-/sites/hours-tracker-505617/channels/live/releases {}
[debug] [2026-08-22T03:03:23.913Z] <<< [apiv2][status] POST https://firebasehosting.googleapis.com/v1beta1/projects/-/sites/hours-tracker-505617/channels/live/releases 200
[debug] [2026-08-22T03:07:18.646Z] ----------------------------------------------------------------------
[debug] [2026-08-22T03:07:18.647Z] Command:       /usr/local/bin/node /usr/local/bin/firebase deploy --only hosting
[debug] [2026-08-22T03:07:18.647Z] CLI Version:   15.28.1
[debug] [2026-08-22T03:07:18.647Z] Platform:      darwin
[debug] [2026-08-22T03:07:18.647Z] Node Version:  v24.19.0
[debug] [2026-08-22T03:07:18.647Z] Detected Agent: codex_cli
[debug] [2026-08-22T03:07:18.647Z] Time:          Fri Aug 21 2026 20:07:18 GMT-0700 (Mountain Standard Time)
[debug] [2026-08-22T03:07:18.647Z] ----------------------------------------------------------------------
[debug] 
[debug] [2026-08-22T03:07:18.881Z] > command requires scopes: ["email","openid","https://www.googleapis.com/auth/cloudplatformprojects.readonly","https://www.googleapis.com/auth/firebase","https://www.googleapis.com/auth/cloud-platform"]
[debug] [2026-08-22T03:07:18.881Z] > authorizing via signed-in user (sandiepietz@gmail.com)
[debug] [2026-08-22T03:07:18.881Z] [iam] checking project hours-tracker-505617 for permissions ["firebase.projects.get","firebasehosting.sites.update"]
[debug] [2026-08-22T03:07:18.885Z] Checked if tokens are valid: true, expires at: 1787370578455
[debug] [2026-08-22T03:07:18.885Z] Checked if tokens are valid: true, expires at: 1787370578455
[debug] [2026-08-22T03:07:18.886Z] >>> [apiv2][query] POST https://cloudresourcemanager.googleapis.com/v1/projects/hours-tracker-505617:testIamPermissions [none]
[debug] [2026-08-22T03:07:18.886Z] >>> [apiv2][(partial)header] POST https://cloudresourcemanager.googleapis.com/v1/projects/hours-tracker-505617:testIamPermissions  x-goog-user-project=hours-tracker-505617
[debug] [2026-08-22T03:07:18.886Z] >>> [apiv2][body] POST https://cloudresourcemanager.googleapis.com/v1/projects/hours-tracker-505617:testIamPermissions {"permissions":["firebase.projects.get","firebasehosting.sites.update"]}
[debug] [2026-08-22T03:07:19.368Z] <<< [apiv2][status] POST https://cloudresourcemanager.googleapis.com/v1/projects/hours-tracker-505617:testIamPermissions 200
[debug] [2026-08-22T03:07:19.369Z] <<< [apiv2][body] POST https://cloudresourcemanager.googleapis.com/v1/projects/hours-tracker-505617:testIamPermissions {"permissions":["firebase.projects.get","firebasehosting.sites.update"]}
[debug] [2026-08-22T03:07:19.369Z] Checked if tokens are valid: true, expires at: 1787370578455
[debug] [2026-08-22T03:07:19.369Z] Checked if tokens are valid: true, expires at: 1787370578455
[debug] [2026-08-22T03:07:19.370Z] >>> [apiv2][query] GET https://firebase.googleapis.com/v1beta1/projects/hours-tracker-505617 [none]
[debug] [2026-08-22T03:07:19.627Z] <<< [apiv2][status] GET https://firebase.googleapis.com/v1beta1/projects/hours-tracker-505617 200
[debug] [2026-08-22T03:07:19.627Z] <<< [apiv2][body] GET https://firebase.googleapis.com/v1beta1/projects/hours-tracker-505617 {"projectId":"hours-tracker-505617","projectNumber":"1053801277711","displayName":"Hours Tracker","name":"projects/hours-tracker-505617","resources":{"hostingSite":"hours-tracker-505617"},"state":"ACTIVE","labels":{"firebase":"enabled"},"etag":"1_9b67e5f4-0d64-458f-acc0-b5264089e54e"}
[info] 
[info] === Deploying to 'hours-tracker-505617'...
[info] 
[info] i  deploying hosting 
[debug] [2026-08-22T03:07:19.630Z] Checked if tokens are valid: true, expires at: 1787370578455
[debug] [2026-08-22T03:07:19.630Z] Checked if tokens are valid: true, expires at: 1787370578455
[debug] [2026-08-22T03:07:19.630Z] >>> [apiv2][query] GET https://firebasehosting.googleapis.com/v1beta1/projects/hours-tracker-505617/sites/hours-tracker-505617 [none]
[debug] [2026-08-22T03:07:20.089Z] <<< [apiv2][status] GET https://firebasehosting.googleapis.com/v1beta1/projects/hours-tracker-505617/sites/hours-tracker-505617 200
[debug] [2026-08-22T03:07:20.089Z] <<< [apiv2][body] GET https://firebasehosting.googleapis.com/v1beta1/projects/hours-tracker-505617/sites/hours-tracker-505617 {"name":"projects/hours-tracker-505617/sites/hours-tracker-505617","defaultUrl":"https://hours-tracker-505617.web.app","appId":"1:1053801277711:web:4ef9a62303536bf2bc367a","type":"DEFAULT_SITE"}
[debug] [2026-08-22T03:07:20.090Z] Checked if tokens are valid: true, expires at: 1787370578455
[debug] [2026-08-22T03:07:20.090Z] Checked if tokens are valid: true, expires at: 1787370578455
[debug] [2026-08-22T03:07:20.091Z] >>> [apiv2][query] POST https://firebasehosting.googleapis.com/v1beta1/projects/-/sites/hours-tracker-505617/versions [none]
[debug] [2026-08-22T03:07:20.091Z] >>> [apiv2][body] POST https://firebasehosting.googleapis.com/v1beta1/projects/-/sites/hours-tracker-505617/versions {"status":"CREATED","labels":{"deployment-tool":"cli-firebase"}}
[debug] [2026-08-22T03:07:20.588Z] <<< [apiv2][status] POST https://firebasehosting.googleapis.com/v1beta1/projects/-/sites/hours-tracker-505617/versions 200
[debug] [2026-08-22T03:07:20.589Z] <<< [apiv2][body] POST https://firebasehosting.googleapis.com/v1beta1/projects/-/sites/hours-tracker-505617/versions {"name":"projects/1053801277711/sites/hours-tracker-505617/versions/7d5de222189e0047","status":"CREATED","config":{},"labels":{"deployment-tool":"cli-firebase"}}
[info] i  hosting[hours-tracker-505617]: beginning deploy... 
[info] i  hosting[hours-tracker-505617]: found 7 files in firebase-dist 
[debug] [2026-08-22T03:07:20.599Z] [hosting] uploading with 200 concurrency
[debug] [2026-08-22T03:07:20.646Z] Checked if tokens are valid: true, expires at: 1787370578455
[debug] [2026-08-22T03:07:20.646Z] Checked if tokens are valid: true, expires at: 1787370578455
[debug] [2026-08-22T03:07:20.647Z] [hosting] hash cache [ZmlyZWJhc2UtZGlzdA] stored for 7 files
[debug] [2026-08-22T03:07:20.647Z] [hosting][hash queue][FINAL] {"max":44,"min":0,"avg":6.571428571428571,"active":0,"complete":7,"success":7,"errored":0,"retried":0,"total":7,"elapsed":47}
[debug] [2026-08-22T03:07:20.647Z] >>> [apiv2][query] POST https://firebasehosting.googleapis.com/v1beta1/projects/1053801277711/sites/hours-tracker-505617/versions/7d5de222189e0047:populateFiles [none]
[debug] [2026-08-22T03:07:20.647Z] >>> [apiv2][body] POST https://firebasehosting.googleapis.com/v1beta1/projects/1053801277711/sites/hours-tracker-505617/versions/7d5de222189e0047:populateFiles {"files":{"/window.svg":"32ea868a4067b3f236353dc7f0851952d02ecb0515826d1dd2590e61159b146a","/globe.svg":"a89af50fbe7023054a59f733eab7cc4c89605387c9decd9701536e081f5b607f","/file.svg":"0d4c6b6999e2d6106f033135f4b32598029367bd331608c34c4e4a072ea0b469","/favicon.svg":"f0fc09166d474aacd631f1d6cd9560d37843a8a233ad37eac785909c18823406","/assets/index-B3A5AJiX.css":"55f84bc8e57f93199f877adc9a973a8bb57bc12bba9e972d75dc63fbd9591e2b","/index.html":"d478397a969afd3044c808717549eb8aca421e7d41bb4e757efe3fa1315dfaf4","/assets/index-tT16tZ1S.js":"bfd4a96509e7f82c9f163a37883706d6e92866bb16efee7bc50af6f9a577dd42"}}
[debug] [2026-08-22T03:07:20.998Z] <<< [apiv2][status] POST https://firebasehosting.googleapis.com/v1beta1/projects/1053801277711/sites/hours-tracker-505617/versions/7d5de222189e0047:populateFiles 200
[debug] [2026-08-22T03:07:20.998Z] <<< [apiv2][body] POST https://firebasehosting.googleapis.com/v1beta1/projects/1053801277711/sites/hours-tracker-505617/versions/7d5de222189e0047:populateFiles {"uploadRequiredHashes":["d478397a969afd3044c808717549eb8aca421e7d41bb4e757efe3fa1315dfaf4","bfd4a96509e7f82c9f163a37883706d6e92866bb16efee7bc50af6f9a577dd42"],"uploadUrl":"https://upload-firebasehosting.googleapis.com/upload/sites/hours-tracker-505617/versions/7d5de222189e0047/files"}
[debug] [2026-08-22T03:07:20.999Z] Checked if tokens are valid: true, expires at: 1787370578455
[debug] [2026-08-22T03:07:20.999Z] Checked if tokens are valid: true, expires at: 1787370578455
[debug] [2026-08-22T03:07:20.999Z] Checked if tokens are valid: true, expires at: 1787370578455
[debug] [2026-08-22T03:07:21.000Z] Checked if tokens are valid: true, expires at: 1787370578455
[debug] [2026-08-22T03:07:21.001Z] >>> [apiv2][query] POST https://upload-firebasehosting.googleapis.com/upload/sites/hours-tracker-505617/versions/7d5de222189e0047/files/d478397a969afd3044c808717549eb8aca421e7d41bb4e757efe3fa1315dfaf4 [none]
[debug] [2026-08-22T03:07:21.001Z] >>> [apiv2][body] POST https://upload-firebasehosting.googleapis.com/upload/sites/hours-tracker-505617/versions/7d5de222189e0047/files/d478397a969afd3044c808717549eb8aca421e7d41bb4e757efe3fa1315dfaf4 [stream]
[debug] [2026-08-22T03:07:21.003Z] >>> [apiv2][query] POST https://upload-firebasehosting.googleapis.com/upload/sites/hours-tracker-505617/versions/7d5de222189e0047/files/bfd4a96509e7f82c9f163a37883706d6e92866bb16efee7bc50af6f9a577dd42 [none]
[debug] [2026-08-22T03:07:21.003Z] >>> [apiv2][body] POST https://upload-firebasehosting.googleapis.com/upload/sites/hours-tracker-505617/versions/7d5de222189e0047/files/bfd4a96509e7f82c9f163a37883706d6e92866bb16efee7bc50af6f9a577dd42 [stream]
[debug] [2026-08-22T03:07:21.005Z] [hosting][populate queue][FINAL] {"max":355,"min":355,"avg":355,"active":0,"complete":1,"success":1,"errored":0,"retried":0,"total":1,"elapsed":359}
[debug] [2026-08-22T03:07:21.005Z] [hosting] uploads queued: 2
[debug] [2026-08-22T03:07:21.911Z] <<< [apiv2][status] POST https://upload-firebasehosting.googleapis.com/upload/sites/hours-tracker-505617/versions/7d5de222189e0047/files/d478397a969afd3044c808717549eb8aca421e7d41bb4e757efe3fa1315dfaf4 200
[debug] [2026-08-22T03:07:21.912Z] <<< [apiv2][body] POST https://upload-firebasehosting.googleapis.com/upload/sites/hours-tracker-505617/versions/7d5de222189e0047/files/d478397a969afd3044c808717549eb8aca421e7d41bb4e757efe3fa1315dfaf4 [stream]
[debug] [2026-08-22T03:07:22.141Z] <<< [apiv2][status] POST https://upload-firebasehosting.googleapis.com/upload/sites/hours-tracker-505617/versions/7d5de222189e0047/files/bfd4a96509e7f82c9f163a37883706d6e92866bb16efee7bc50af6f9a577dd42 200
[debug] [2026-08-22T03:07:22.142Z] <<< [apiv2][body] POST https://upload-firebasehosting.googleapis.com/upload/sites/hours-tracker-505617/versions/7d5de222189e0047/files/bfd4a96509e7f82c9f163a37883706d6e92866bb16efee7bc50af6f9a577dd42 [stream]
[debug] [2026-08-22T03:07:22.142Z] [hosting][upload queue][FINAL] {"max":1143,"min":914,"avg":1028.5,"active":0,"complete":2,"success":2,"errored":0,"retried":0,"total":2,"elapsed":1144}
[info] i  hosting: upload complete 
[info] ✔  hosting[hours-tracker-505617]: file upload complete 
[debug] [2026-08-22T03:07:22.143Z] [hosting] deploy completed after 1551ms
[debug] [2026-08-22T03:07:22.143Z] [
  {
    "config": {
      "public": "firebase-dist",
      "ignore": [
        "firebase.json",
        "**/.*",
        "**/node_modules/**"
      ],
      "headers": [
        {
          "source": "/",
          "headers": [
            {
              "key": "Cache-Control",
              "value": "no-cache, no-store, must-revalidate"
            }
          ]
        },
        {
          "source": "**/*.html",
          "headers": [
            {
              "key": "Cache-Control",
              "value": "no-cache, no-store, must-revalidate"
            }
          ]
        },
        {
          "source": "assets/**",
          "headers": [
            {
              "key": "Cache-Control",
              "value": "no-cache, must-revalidate"
            }
          ]
        }
      ],
      "rewrites": [
        {
          "source": "**",
          "destination": "/index.html"
        }
      ],
      "site": "hours-tracker-505617"
    },
    "version": "projects/1053801277711/sites/hours-tracker-505617/versions/7d5de222189e0047"
  }
]
[info] i  hosting[hours-tracker-505617]: finalizing version... 
[debug] [2026-08-22T03:07:22.146Z] Checked if tokens are valid: true, expires at: 1787370578455
[debug] [2026-08-22T03:07:22.146Z] Checked if tokens are valid: true, expires at: 1787370578455
[debug] [2026-08-22T03:07:22.146Z] >>> [apiv2][query] PATCH https://firebasehosting.googleapis.com/v1beta1/projects/-/sites/hours-tracker-505617/versions/7d5de222189e0047 updateMask=status%2Cconfig
[debug] [2026-08-22T03:07:22.146Z] >>> [apiv2][body] PATCH https://firebasehosting.googleapis.com/v1beta1/projects/-/sites/hours-tracker-505617/versions/7d5de222189e0047 {"status":"FINALIZED","config":{"rewrites":[{"glob":"**","path":"/index.html"}],"headers":[{"glob":"/","headers":{"Cache-Control":"no-cache, no-store, must-revalidate"}},{"glob":"**/*.html","headers":{"Cache-Control":"no-cache, no-store, must-revalidate"}},{"glob":"assets/**","headers":{"Cache-Control":"no-cache, must-revalidate"}}]}}
[debug] [2026-08-22T03:07:22.534Z] <<< [apiv2][status] PATCH https://firebasehosting.googleapis.com/v1beta1/projects/-/sites/hours-tracker-505617/versions/7d5de222189e0047 200
[debug] [2026-08-22T03:07:22.535Z] <<< [apiv2][body] PATCH https://firebasehosting.googleapis.com/v1beta1/projects/-/sites/hours-tracker-505617/versions/7d5de222189e0047 {"name":"projects/1053801277711/sites/hours-tracker-505617/versions/7d5de222189e0047","status":"FINALIZED","config":{"headers":[{"headers":{"Cache-Control":"no-cache, no-store, must-revalidate"},"glob":"/"},{"headers":{"Cache-Control":"no-cache, no-store, must-revalidate"},"glob":"**/*.html"},{"headers":{"Cache-Control":"no-cache, must-revalidate"},"glob":"assets/**"}],"rewrites":[{"glob":"**","path":"/index.html"}]},"labels":{"deployment-tool":"cli-firebase"},"createTime":"2026-08-22T03:07:20.269047Z","createUser":{"email":"sandiepietz@gmail.com"},"finalizeTime":"2026-08-22T03:07:22.443974Z","finalizeUser":{"email":"sandiepietz@gmail.com"}}
[debug] [2026-08-22T03:07:22.535Z] [hosting] finalized version for hours-tracker-505617:[object Object]
[info] ✔  hosting[hours-tracker-505617]: version finalized 
[info] i  hosting[hours-tracker-505617]: releasing new version... 
[debug] [2026-08-22T03:07:22.535Z] Checked if tokens are valid: true, expires at: 1787370578455
[debug] [2026-08-22T03:07:22.535Z] Checked if tokens are valid: true, expires at: 1787370578455
[debug] [2026-08-22T03:07:22.536Z] >>> [apiv2][query] POST https://firebasehosting.googleapis.com/v1beta1/projects/-/sites/hours-tracker-505617/channels/live/releases versionName=projects%2F1053801277711%2Fsites%2Fhours-tracker-505617%2Fversions%2F7d5de222189e0047
[debug] [2026-08-22T03:07:22.536Z] >>> [apiv2][body] POST https://firebasehosting.googleapis.com/v1beta1/projects/-/sites/hours-tracker-505617/channels/live/releases {}
[debug] [2026-08-22T03:07:22.943Z] <<< [apiv2][status] POST https://firebasehosting.googleapis.com/v1beta1/projects/-/sites/hours-tracker-505617/channels/live/releases 200
[debug] [2026-08-22T03:10:47.689Z] ----------------------------------------------------------------------
[debug] [2026-08-22T03:10:47.691Z] Command:       /usr/local/bin/node /usr/local/bin/firebase deploy --only hosting
[debug] [2026-08-22T03:10:47.691Z] CLI Version:   15.28.1
[debug] [2026-08-22T03:10:47.691Z] Platform:      darwin
[debug] [2026-08-22T03:10:47.691Z] Node Version:  v24.19.0
[debug] [2026-08-22T03:10:47.691Z] Detected Agent: codex_cli
[debug] [2026-08-22T03:10:47.691Z] Time:          Fri Aug 21 2026 20:10:47 GMT-0700 (Mountain Standard Time)
[debug] [2026-08-22T03:10:47.691Z] ----------------------------------------------------------------------
[debug] 
[debug] [2026-08-22T03:10:47.922Z] > command requires scopes: ["email","openid","https://www.googleapis.com/auth/cloudplatformprojects.readonly","https://www.googleapis.com/auth/firebase","https://www.googleapis.com/auth/cloud-platform"]
[debug] [2026-08-22T03:10:47.922Z] > authorizing via signed-in user (sandiepietz@gmail.com)
[debug] [2026-08-22T03:10:47.922Z] [iam] checking project hours-tracker-505617 for permissions ["firebase.projects.get","firebasehosting.sites.update"]
[debug] [2026-08-22T03:10:47.926Z] Checked if tokens are valid: true, expires at: 1787370578455
[debug] [2026-08-22T03:10:47.926Z] Checked if tokens are valid: true, expires at: 1787370578455
[debug] [2026-08-22T03:10:47.927Z] >>> [apiv2][query] POST https://cloudresourcemanager.googleapis.com/v1/projects/hours-tracker-505617:testIamPermissions [none]
[debug] [2026-08-22T03:10:47.927Z] >>> [apiv2][(partial)header] POST https://cloudresourcemanager.googleapis.com/v1/projects/hours-tracker-505617:testIamPermissions  x-goog-user-project=hours-tracker-505617
[debug] [2026-08-22T03:10:47.927Z] >>> [apiv2][body] POST https://cloudresourcemanager.googleapis.com/v1/projects/hours-tracker-505617:testIamPermissions {"permissions":["firebase.projects.get","firebasehosting.sites.update"]}
[debug] [2026-08-22T03:10:48.304Z] <<< [apiv2][status] POST https://cloudresourcemanager.googleapis.com/v1/projects/hours-tracker-505617:testIamPermissions 200
[debug] [2026-08-22T03:10:48.304Z] <<< [apiv2][body] POST https://cloudresourcemanager.googleapis.com/v1/projects/hours-tracker-505617:testIamPermissions {"permissions":["firebase.projects.get","firebasehosting.sites.update"]}
[debug] [2026-08-22T03:10:48.304Z] Checked if tokens are valid: true, expires at: 1787370578455
[debug] [2026-08-22T03:10:48.304Z] Checked if tokens are valid: true, expires at: 1787370578455
[debug] [2026-08-22T03:10:48.305Z] >>> [apiv2][query] GET https://firebase.googleapis.com/v1beta1/projects/hours-tracker-505617 [none]
[debug] [2026-08-22T03:10:48.574Z] <<< [apiv2][status] GET https://firebase.googleapis.com/v1beta1/projects/hours-tracker-505617 200
[debug] [2026-08-22T03:10:48.574Z] <<< [apiv2][body] GET https://firebase.googleapis.com/v1beta1/projects/hours-tracker-505617 {"projectId":"hours-tracker-505617","projectNumber":"1053801277711","displayName":"Hours Tracker","name":"projects/hours-tracker-505617","resources":{"hostingSite":"hours-tracker-505617"},"state":"ACTIVE","labels":{"firebase":"enabled"},"etag":"1_9b67e5f4-0d64-458f-acc0-b5264089e54e"}
[info] 
[info] === Deploying to 'hours-tracker-505617'...
[info] 
[info] i  deploying hosting 
[debug] [2026-08-22T03:10:48.576Z] Checked if tokens are valid: true, expires at: 1787370578455
[debug] [2026-08-22T03:10:48.576Z] Checked if tokens are valid: true, expires at: 1787370578455
[debug] [2026-08-22T03:10:48.576Z] >>> [apiv2][query] GET https://firebasehosting.googleapis.com/v1beta1/projects/hours-tracker-505617/sites/hours-tracker-505617 [none]
[debug] [2026-08-22T03:10:49.182Z] <<< [apiv2][status] GET https://firebasehosting.googleapis.com/v1beta1/projects/hours-tracker-505617/sites/hours-tracker-505617 200
[debug] [2026-08-22T03:10:49.183Z] <<< [apiv2][body] GET https://firebasehosting.googleapis.com/v1beta1/projects/hours-tracker-505617/sites/hours-tracker-505617 {"name":"projects/hours-tracker-505617/sites/hours-tracker-505617","defaultUrl":"https://hours-tracker-505617.web.app","appId":"1:1053801277711:web:4ef9a62303536bf2bc367a","type":"DEFAULT_SITE"}
[debug] [2026-08-22T03:10:49.184Z] Checked if tokens are valid: true, expires at: 1787370578455
[debug] [2026-08-22T03:10:49.184Z] Checked if tokens are valid: true, expires at: 1787370578455
[debug] [2026-08-22T03:10:49.185Z] >>> [apiv2][query] POST https://firebasehosting.googleapis.com/v1beta1/projects/-/sites/hours-tracker-505617/versions [none]
[debug] [2026-08-22T03:10:49.185Z] >>> [apiv2][body] POST https://firebasehosting.googleapis.com/v1beta1/projects/-/sites/hours-tracker-505617/versions {"status":"CREATED","labels":{"deployment-tool":"cli-firebase"}}
[debug] [2026-08-22T03:10:49.691Z] <<< [apiv2][status] POST https://firebasehosting.googleapis.com/v1beta1/projects/-/sites/hours-tracker-505617/versions 200
[debug] [2026-08-22T03:10:49.691Z] <<< [apiv2][body] POST https://firebasehosting.googleapis.com/v1beta1/projects/-/sites/hours-tracker-505617/versions {"name":"projects/1053801277711/sites/hours-tracker-505617/versions/f8b6fccc5ff12450","status":"CREATED","config":{},"labels":{"deployment-tool":"cli-firebase"}}
[info] i  hosting[hours-tracker-505617]: beginning deploy... 
[info] i  hosting[hours-tracker-505617]: found 7 files in firebase-dist 
[debug] [2026-08-22T03:10:49.702Z] [hosting] uploading with 200 concurrency
[debug] [2026-08-22T03:10:49.749Z] Checked if tokens are valid: true, expires at: 1787370578455
[debug] [2026-08-22T03:10:49.749Z] Checked if tokens are valid: true, expires at: 1787370578455
[debug] [2026-08-22T03:10:49.749Z] [hosting] hash cache [ZmlyZWJhc2UtZGlzdA] stored for 7 files
[debug] [2026-08-22T03:10:49.749Z] [hosting][hash queue][FINAL] {"max":45,"min":0,"avg":6.857142857142857,"active":0,"complete":7,"success":7,"errored":0,"retried":0,"total":7,"elapsed":46}
[debug] [2026-08-22T03:10:49.750Z] >>> [apiv2][query] POST https://firebasehosting.googleapis.com/v1beta1/projects/1053801277711/sites/hours-tracker-505617/versions/f8b6fccc5ff12450:populateFiles [none]
[debug] [2026-08-22T03:10:49.750Z] >>> [apiv2][body] POST https://firebasehosting.googleapis.com/v1beta1/projects/1053801277711/sites/hours-tracker-505617/versions/f8b6fccc5ff12450:populateFiles {"files":{"/window.svg":"32ea868a4067b3f236353dc7f0851952d02ecb0515826d1dd2590e61159b146a","/globe.svg":"a89af50fbe7023054a59f733eab7cc4c89605387c9decd9701536e081f5b607f","/file.svg":"0d4c6b6999e2d6106f033135f4b32598029367bd331608c34c4e4a072ea0b469","/favicon.svg":"f0fc09166d474aacd631f1d6cd9560d37843a8a233ad37eac785909c18823406","/assets/index-B3A5AJiX.css":"55f84bc8e57f93199f877adc9a973a8bb57bc12bba9e972d75dc63fbd9591e2b","/index.html":"9c513cb13f948070794c31e1a5ecb611335ecf10ed17c534e9aa612df8bf87a5","/assets/index-tT16tZ1S.js":"dd1a85434c7b4b15cc7e25b1d8c539450cb76d2c81a246eda3972ce89818cc8b"}}
[debug] [2026-08-22T03:10:50.102Z] <<< [apiv2][status] POST https://firebasehosting.googleapis.com/v1beta1/projects/1053801277711/sites/hours-tracker-505617/versions/f8b6fccc5ff12450:populateFiles 200
[debug] [2026-08-22T03:10:50.102Z] <<< [apiv2][body] POST https://firebasehosting.googleapis.com/v1beta1/projects/1053801277711/sites/hours-tracker-505617/versions/f8b6fccc5ff12450:populateFiles {"uploadRequiredHashes":["dd1a85434c7b4b15cc7e25b1d8c539450cb76d2c81a246eda3972ce89818cc8b","9c513cb13f948070794c31e1a5ecb611335ecf10ed17c534e9aa612df8bf87a5"],"uploadUrl":"https://upload-firebasehosting.googleapis.com/upload/sites/hours-tracker-505617/versions/f8b6fccc5ff12450/files"}
[debug] [2026-08-22T03:10:50.104Z] Checked if tokens are valid: true, expires at: 1787370578455
[debug] [2026-08-22T03:10:50.104Z] Checked if tokens are valid: true, expires at: 1787370578455
[debug] [2026-08-22T03:10:50.105Z] Checked if tokens are valid: true, expires at: 1787370578455
[debug] [2026-08-22T03:10:50.105Z] Checked if tokens are valid: true, expires at: 1787370578455
[debug] [2026-08-22T03:10:50.105Z] >>> [apiv2][query] POST https://upload-firebasehosting.googleapis.com/upload/sites/hours-tracker-505617/versions/f8b6fccc5ff12450/files/dd1a85434c7b4b15cc7e25b1d8c539450cb76d2c81a246eda3972ce89818cc8b [none]
[debug] [2026-08-22T03:10:50.105Z] >>> [apiv2][body] POST https://upload-firebasehosting.googleapis.com/upload/sites/hours-tracker-505617/versions/f8b6fccc5ff12450/files/dd1a85434c7b4b15cc7e25b1d8c539450cb76d2c81a246eda3972ce89818cc8b [stream]
[debug] [2026-08-22T03:10:50.107Z] >>> [apiv2][query] POST https://upload-firebasehosting.googleapis.com/upload/sites/hours-tracker-505617/versions/f8b6fccc5ff12450/files/9c513cb13f948070794c31e1a5ecb611335ecf10ed17c534e9aa612df8bf87a5 [none]
[debug] [2026-08-22T03:10:50.108Z] >>> [apiv2][body] POST https://upload-firebasehosting.googleapis.com/upload/sites/hours-tracker-505617/versions/f8b6fccc5ff12450/files/9c513cb13f948070794c31e1a5ecb611335ecf10ed17c534e9aa612df8bf87a5 [stream]
[debug] [2026-08-22T03:10:50.110Z] [hosting][populate queue][FINAL] {"max":356,"min":356,"avg":356,"active":0,"complete":1,"success":1,"errored":0,"retried":0,"total":1,"elapsed":361}
[debug] [2026-08-22T03:10:50.110Z] [hosting] uploads queued: 2
[debug] [2026-08-22T03:10:51.021Z] <<< [apiv2][status] POST https://upload-firebasehosting.googleapis.com/upload/sites/hours-tracker-505617/versions/f8b6fccc5ff12450/files/dd1a85434c7b4b15cc7e25b1d8c539450cb76d2c81a246eda3972ce89818cc8b 200
[debug] [2026-08-22T03:10:51.021Z] <<< [apiv2][body] POST https://upload-firebasehosting.googleapis.com/upload/sites/hours-tracker-505617/versions/f8b6fccc5ff12450/files/dd1a85434c7b4b15cc7e25b1d8c539450cb76d2c81a246eda3972ce89818cc8b [stream]
[debug] [2026-08-22T03:10:51.178Z] <<< [apiv2][status] POST https://upload-firebasehosting.googleapis.com/upload/sites/hours-tracker-505617/versions/f8b6fccc5ff12450/files/9c513cb13f948070794c31e1a5ecb611335ecf10ed17c534e9aa612df8bf87a5 200
[debug] [2026-08-22T03:10:51.178Z] <<< [apiv2][body] POST https://upload-firebasehosting.googleapis.com/upload/sites/hours-tracker-505617/versions/f8b6fccc5ff12450/files/9c513cb13f948070794c31e1a5ecb611335ecf10ed17c534e9aa612df8bf87a5 [stream]
[debug] [2026-08-22T03:10:51.179Z] [hosting][upload queue][FINAL] {"max":1075,"min":919,"avg":997,"active":0,"complete":2,"success":2,"errored":0,"retried":0,"total":2,"elapsed":1077}
[info] i  hosting: upload complete 
[info] ✔  hosting[hours-tracker-505617]: file upload complete 
[debug] [2026-08-22T03:10:51.180Z] [hosting] deploy completed after 1486ms
[debug] [2026-08-22T03:10:51.180Z] [
  {
    "config": {
      "public": "firebase-dist",
      "ignore": [
        "firebase.json",
        "**/.*",
        "**/node_modules/**"
      ],
      "headers": [
        {
          "source": "/",
          "headers": [
            {
              "key": "Cache-Control",
              "value": "no-cache, no-store, must-revalidate"
            }
          ]
        },
        {
          "source": "**/*.html",
          "headers": [
            {
              "key": "Cache-Control",
              "value": "no-cache, no-store, must-revalidate"
            }
          ]
        },
        {
          "source": "assets/**",
          "headers": [
            {
              "key": "Cache-Control",
              "value": "no-cache, must-revalidate"
            }
          ]
        }
      ],
      "rewrites": [
        {
          "source": "**",
          "destination": "/index.html"
        }
      ],
      "site": "hours-tracker-505617"
    },
    "version": "projects/1053801277711/sites/hours-tracker-505617/versions/f8b6fccc5ff12450"
  }
]
[info] i  hosting[hours-tracker-505617]: finalizing version... 
[debug] [2026-08-22T03:10:51.183Z] Checked if tokens are valid: true, expires at: 1787370578455
[debug] [2026-08-22T03:10:51.183Z] Checked if tokens are valid: true, expires at: 1787370578455
[debug] [2026-08-22T03:10:51.184Z] >>> [apiv2][query] PATCH https://firebasehosting.googleapis.com/v1beta1/projects/-/sites/hours-tracker-505617/versions/f8b6fccc5ff12450 updateMask=status%2Cconfig
[debug] [2026-08-22T03:10:51.184Z] >>> [apiv2][body] PATCH https://firebasehosting.googleapis.com/v1beta1/projects/-/sites/hours-tracker-505617/versions/f8b6fccc5ff12450 {"status":"FINALIZED","config":{"rewrites":[{"glob":"**","path":"/index.html"}],"headers":[{"glob":"/","headers":{"Cache-Control":"no-cache, no-store, must-revalidate"}},{"glob":"**/*.html","headers":{"Cache-Control":"no-cache, no-store, must-revalidate"}},{"glob":"assets/**","headers":{"Cache-Control":"no-cache, must-revalidate"}}]}}
[debug] [2026-08-22T03:10:51.638Z] <<< [apiv2][status] PATCH https://firebasehosting.googleapis.com/v1beta1/projects/-/sites/hours-tracker-505617/versions/f8b6fccc5ff12450 200
[debug] [2026-08-22T03:10:51.638Z] <<< [apiv2][body] PATCH https://firebasehosting.googleapis.com/v1beta1/projects/-/sites/hours-tracker-505617/versions/f8b6fccc5ff12450 {"name":"projects/1053801277711/sites/hours-tracker-505617/versions/f8b6fccc5ff12450","status":"FINALIZED","config":{"headers":[{"headers":{"Cache-Control":"no-cache, no-store, must-revalidate"},"glob":"/"},{"headers":{"Cache-Control":"no-cache, no-store, must-revalidate"},"glob":"**/*.html"},{"headers":{"Cache-Control":"no-cache, must-revalidate"},"glob":"assets/**"}],"rewrites":[{"glob":"**","path":"/index.html"}]},"labels":{"deployment-tool":"cli-firebase"},"createTime":"2026-08-22T03:10:49.402250Z","createUser":{"email":"sandiepietz@gmail.com"},"finalizeTime":"2026-08-22T03:10:51.484862Z","finalizeUser":{"email":"sandiepietz@gmail.com"}}
[debug] [2026-08-22T03:10:51.638Z] [hosting] finalized version for hours-tracker-505617:[object Object]
[info] ✔  hosting[hours-tracker-505617]: version finalized 
[info] i  hosting[hours-tracker-505617]: releasing new version... 
[debug] [2026-08-22T03:10:51.638Z] Checked if tokens are valid: true, expires at: 1787370578455
[debug] [2026-08-22T03:10:51.639Z] Checked if tokens are valid: true, expires at: 1787370578455
[debug] [2026-08-22T03:10:51.639Z] >>> [apiv2][query] POST https://firebasehosting.googleapis.com/v1beta1/projects/-/sites/hours-tracker-505617/channels/live/releases versionName=projects%2F1053801277711%2Fsites%2Fhours-tracker-505617%2Fversions%2Ff8b6fccc5ff12450
[debug] [2026-08-22T03:10:51.639Z] >>> [apiv2][body] POST https://firebasehosting.googleapis.com/v1beta1/projects/-/sites/hours-tracker-505617/channels/live/releases {}
[debug] [2026-08-22T03:10:52.046Z] <<< [apiv2][status] POST https://firebasehosting.googleapis.com/v1beta1/projects/-/sites/hours-tracker-505617/channels/live/releases 200
[debug] [2026-08-22T03:13:05.578Z] ----------------------------------------------------------------------
[debug] [2026-08-22T03:13:05.579Z] Command:       /usr/local/bin/node /usr/local/bin/firebase deploy --only hosting
[debug] [2026-08-22T03:13:05.579Z] CLI Version:   15.28.1
[debug] [2026-08-22T03:13:05.579Z] Platform:      darwin
[debug] [2026-08-22T03:13:05.579Z] Node Version:  v24.19.0
[debug] [2026-08-22T03:13:05.579Z] Detected Agent: codex_cli
[debug] [2026-08-22T03:13:05.580Z] Time:          Fri Aug 21 2026 20:13:05 GMT-0700 (Mountain Standard Time)
[debug] [2026-08-22T03:13:05.580Z] ----------------------------------------------------------------------
[debug] 
[debug] [2026-08-22T03:13:05.813Z] > command requires scopes: ["email","openid","https://www.googleapis.com/auth/cloudplatformprojects.readonly","https://www.googleapis.com/auth/firebase","https://www.googleapis.com/auth/cloud-platform"]
[debug] [2026-08-22T03:13:05.813Z] > authorizing via signed-in user (sandiepietz@gmail.com)
[debug] [2026-08-22T03:13:05.813Z] [iam] checking project hours-tracker-505617 for permissions ["firebase.projects.get","firebasehosting.sites.update"]
[debug] [2026-08-22T03:13:05.817Z] Checked if tokens are valid: true, expires at: 1787370578455
[debug] [2026-08-22T03:13:05.817Z] Checked if tokens are valid: true, expires at: 1787370578455
[debug] [2026-08-22T03:13:05.818Z] >>> [apiv2][query] POST https://cloudresourcemanager.googleapis.com/v1/projects/hours-tracker-505617:testIamPermissions [none]
[debug] [2026-08-22T03:13:05.818Z] >>> [apiv2][(partial)header] POST https://cloudresourcemanager.googleapis.com/v1/projects/hours-tracker-505617:testIamPermissions  x-goog-user-project=hours-tracker-505617
[debug] [2026-08-22T03:13:05.818Z] >>> [apiv2][body] POST https://cloudresourcemanager.googleapis.com/v1/projects/hours-tracker-505617:testIamPermissions {"permissions":["firebase.projects.get","firebasehosting.sites.update"]}
[debug] [2026-08-22T03:13:06.203Z] <<< [apiv2][status] POST https://cloudresourcemanager.googleapis.com/v1/projects/hours-tracker-505617:testIamPermissions 200
[debug] [2026-08-22T03:13:06.203Z] <<< [apiv2][body] POST https://cloudresourcemanager.googleapis.com/v1/projects/hours-tracker-505617:testIamPermissions {"permissions":["firebase.projects.get","firebasehosting.sites.update"]}
[debug] [2026-08-22T03:13:06.204Z] Checked if tokens are valid: true, expires at: 1787370578455
[debug] [2026-08-22T03:13:06.204Z] Checked if tokens are valid: true, expires at: 1787370578455
[debug] [2026-08-22T03:13:06.204Z] >>> [apiv2][query] GET https://firebase.googleapis.com/v1beta1/projects/hours-tracker-505617 [none]
[debug] [2026-08-22T03:13:06.486Z] <<< [apiv2][status] GET https://firebase.googleapis.com/v1beta1/projects/hours-tracker-505617 200
[debug] [2026-08-22T03:13:06.486Z] <<< [apiv2][body] GET https://firebase.googleapis.com/v1beta1/projects/hours-tracker-505617 {"projectId":"hours-tracker-505617","projectNumber":"1053801277711","displayName":"Hours Tracker","name":"projects/hours-tracker-505617","resources":{"hostingSite":"hours-tracker-505617"},"state":"ACTIVE","labels":{"firebase":"enabled"},"etag":"1_9b67e5f4-0d64-458f-acc0-b5264089e54e"}
[info] 
[info] === Deploying to 'hours-tracker-505617'...
[info] 
[info] i  deploying hosting 
[debug] [2026-08-22T03:13:06.490Z] Checked if tokens are valid: true, expires at: 1787370578455
[debug] [2026-08-22T03:13:06.491Z] Checked if tokens are valid: true, expires at: 1787370578455
[debug] [2026-08-22T03:13:06.491Z] >>> [apiv2][query] GET https://firebasehosting.googleapis.com/v1beta1/projects/hours-tracker-505617/sites/hours-tracker-505617 [none]
[debug] [2026-08-22T03:13:06.952Z] <<< [apiv2][status] GET https://firebasehosting.googleapis.com/v1beta1/projects/hours-tracker-505617/sites/hours-tracker-505617 200
[debug] [2026-08-22T03:13:06.952Z] <<< [apiv2][body] GET https://firebasehosting.googleapis.com/v1beta1/projects/hours-tracker-505617/sites/hours-tracker-505617 {"name":"projects/hours-tracker-505617/sites/hours-tracker-505617","defaultUrl":"https://hours-tracker-505617.web.app","appId":"1:1053801277711:web:4ef9a62303536bf2bc367a","type":"DEFAULT_SITE"}
[debug] [2026-08-22T03:13:06.953Z] Checked if tokens are valid: true, expires at: 1787370578455
[debug] [2026-08-22T03:13:06.953Z] Checked if tokens are valid: true, expires at: 1787370578455
[debug] [2026-08-22T03:13:06.954Z] >>> [apiv2][query] POST https://firebasehosting.googleapis.com/v1beta1/projects/-/sites/hours-tracker-505617/versions [none]
[debug] [2026-08-22T03:13:06.954Z] >>> [apiv2][body] POST https://firebasehosting.googleapis.com/v1beta1/projects/-/sites/hours-tracker-505617/versions {"status":"CREATED","labels":{"deployment-tool":"cli-firebase"}}
[debug] [2026-08-22T03:13:07.425Z] <<< [apiv2][status] POST https://firebasehosting.googleapis.com/v1beta1/projects/-/sites/hours-tracker-505617/versions 200
[debug] [2026-08-22T03:13:07.425Z] <<< [apiv2][body] POST https://firebasehosting.googleapis.com/v1beta1/projects/-/sites/hours-tracker-505617/versions {"name":"projects/1053801277711/sites/hours-tracker-505617/versions/84ad9cf484567f41","status":"CREATED","config":{},"labels":{"deployment-tool":"cli-firebase"}}
[info] i  hosting[hours-tracker-505617]: beginning deploy... 
[info] i  hosting[hours-tracker-505617]: found 7 files in firebase-dist 
[debug] [2026-08-22T03:13:07.436Z] [hosting] uploading with 200 concurrency
[debug] [2026-08-22T03:13:07.482Z] Checked if tokens are valid: true, expires at: 1787370578455
[debug] [2026-08-22T03:13:07.482Z] Checked if tokens are valid: true, expires at: 1787370578455
[debug] [2026-08-22T03:13:07.483Z] [hosting] hash cache [ZmlyZWJhc2UtZGlzdA] stored for 7 files
[debug] [2026-08-22T03:13:07.483Z] [hosting][hash queue][FINAL] {"max":44,"min":0,"avg":6.571428571428571,"active":0,"complete":7,"success":7,"errored":0,"retried":0,"total":7,"elapsed":47}
[debug] [2026-08-22T03:13:07.483Z] >>> [apiv2][query] POST https://firebasehosting.googleapis.com/v1beta1/projects/1053801277711/sites/hours-tracker-505617/versions/84ad9cf484567f41:populateFiles [none]
[debug] [2026-08-22T03:13:07.483Z] >>> [apiv2][body] POST https://firebasehosting.googleapis.com/v1beta1/projects/1053801277711/sites/hours-tracker-505617/versions/84ad9cf484567f41:populateFiles {"files":{"/window.svg":"32ea868a4067b3f236353dc7f0851952d02ecb0515826d1dd2590e61159b146a","/globe.svg":"a89af50fbe7023054a59f733eab7cc4c89605387c9decd9701536e081f5b607f","/file.svg":"0d4c6b6999e2d6106f033135f4b32598029367bd331608c34c4e4a072ea0b469","/favicon.svg":"f0fc09166d474aacd631f1d6cd9560d37843a8a233ad37eac785909c18823406","/assets/index-B3A5AJiX.css":"55f84bc8e57f93199f877adc9a973a8bb57bc12bba9e972d75dc63fbd9591e2b","/index.html":"db91efbd7c880ca6307362939f2a211120192938790f93930729290daeea9724","/assets/index-tT16tZ1S.js":"537918ffab56dbf3a39934f0ce00eaff78e1129c0b8a889c2f108d99c8572a36"}}
[debug] [2026-08-22T03:13:07.934Z] <<< [apiv2][status] POST https://firebasehosting.googleapis.com/v1beta1/projects/1053801277711/sites/hours-tracker-505617/versions/84ad9cf484567f41:populateFiles 200
[debug] [2026-08-22T03:13:07.934Z] <<< [apiv2][body] POST https://firebasehosting.googleapis.com/v1beta1/projects/1053801277711/sites/hours-tracker-505617/versions/84ad9cf484567f41:populateFiles {"uploadRequiredHashes":["db91efbd7c880ca6307362939f2a211120192938790f93930729290daeea9724","537918ffab56dbf3a39934f0ce00eaff78e1129c0b8a889c2f108d99c8572a36"],"uploadUrl":"https://upload-firebasehosting.googleapis.com/upload/sites/hours-tracker-505617/versions/84ad9cf484567f41/files"}
[debug] [2026-08-22T03:13:07.935Z] Checked if tokens are valid: true, expires at: 1787370578455
[debug] [2026-08-22T03:13:07.936Z] Checked if tokens are valid: true, expires at: 1787370578455
[debug] [2026-08-22T03:13:07.936Z] Checked if tokens are valid: true, expires at: 1787370578455
[debug] [2026-08-22T03:13:07.936Z] Checked if tokens are valid: true, expires at: 1787370578455
[debug] [2026-08-22T03:13:07.936Z] >>> [apiv2][query] POST https://upload-firebasehosting.googleapis.com/upload/sites/hours-tracker-505617/versions/84ad9cf484567f41/files/db91efbd7c880ca6307362939f2a211120192938790f93930729290daeea9724 [none]
[debug] [2026-08-22T03:13:07.936Z] >>> [apiv2][body] POST https://upload-firebasehosting.googleapis.com/upload/sites/hours-tracker-505617/versions/84ad9cf484567f41/files/db91efbd7c880ca6307362939f2a211120192938790f93930729290daeea9724 [stream]
[debug] [2026-08-22T03:13:07.938Z] >>> [apiv2][query] POST https://upload-firebasehosting.googleapis.com/upload/sites/hours-tracker-505617/versions/84ad9cf484567f41/files/537918ffab56dbf3a39934f0ce00eaff78e1129c0b8a889c2f108d99c8572a36 [none]
[debug] [2026-08-22T03:13:07.938Z] >>> [apiv2][body] POST https://upload-firebasehosting.googleapis.com/upload/sites/hours-tracker-505617/versions/84ad9cf484567f41/files/537918ffab56dbf3a39934f0ce00eaff78e1129c0b8a889c2f108d99c8572a36 [stream]
[debug] [2026-08-22T03:13:07.941Z] [hosting][populate queue][FINAL] {"max":454,"min":454,"avg":454,"active":0,"complete":1,"success":1,"errored":0,"retried":0,"total":1,"elapsed":459}
[debug] [2026-08-22T03:13:07.941Z] [hosting] uploads queued: 2
[debug] [2026-08-22T03:13:08.809Z] <<< [apiv2][status] POST https://upload-firebasehosting.googleapis.com/upload/sites/hours-tracker-505617/versions/84ad9cf484567f41/files/537918ffab56dbf3a39934f0ce00eaff78e1129c0b8a889c2f108d99c8572a36 200
[debug] [2026-08-22T03:13:08.809Z] <<< [apiv2][body] POST https://upload-firebasehosting.googleapis.com/upload/sites/hours-tracker-505617/versions/84ad9cf484567f41/files/537918ffab56dbf3a39934f0ce00eaff78e1129c0b8a889c2f108d99c8572a36 [stream]
[debug] [2026-08-22T03:13:09.059Z] <<< [apiv2][status] POST https://upload-firebasehosting.googleapis.com/upload/sites/hours-tracker-505617/versions/84ad9cf484567f41/files/db91efbd7c880ca6307362939f2a211120192938790f93930729290daeea9724 200
[debug] [2026-08-22T03:13:09.060Z] <<< [apiv2][body] POST https://upload-firebasehosting.googleapis.com/upload/sites/hours-tracker-505617/versions/84ad9cf484567f41/files/db91efbd7c880ca6307362939f2a211120192938790f93930729290daeea9724 [stream]
[debug] [2026-08-22T03:13:09.060Z] [hosting][upload queue][FINAL] {"max":1125,"min":873,"avg":999,"active":0,"complete":2,"success":2,"errored":0,"retried":0,"total":2,"elapsed":1125}
[info] i  hosting: upload complete 
[info] ✔  hosting[hours-tracker-505617]: file upload complete 
[debug] [2026-08-22T03:13:09.060Z] [hosting] deploy completed after 1632ms
[debug] [2026-08-22T03:13:09.061Z] [
  {
    "config": {
      "public": "firebase-dist",
      "ignore": [
        "firebase.json",
        "**/.*",
        "**/node_modules/**"
      ],
      "headers": [
        {
          "source": "/",
          "headers": [
            {
              "key": "Cache-Control",
              "value": "no-cache, no-store, must-revalidate"
            }
          ]
        },
        {
          "source": "**/*.html",
          "headers": [
            {
              "key": "Cache-Control",
              "value": "no-cache, no-store, must-revalidate"
            }
          ]
        },
        {
          "source": "assets/**",
          "headers": [
            {
              "key": "Cache-Control",
              "value": "no-cache, must-revalidate"
            }
          ]
        }
      ],
      "rewrites": [
        {
          "source": "**",
          "destination": "/index.html"
        }
      ],
      "site": "hours-tracker-505617"
    },
    "version": "projects/1053801277711/sites/hours-tracker-505617/versions/84ad9cf484567f41"
  }
]
[info] i  hosting[hours-tracker-505617]: finalizing version... 
[debug] [2026-08-22T03:13:09.064Z] Checked if tokens are valid: true, expires at: 1787370578455
[debug] [2026-08-22T03:13:09.064Z] Checked if tokens are valid: true, expires at: 1787370578455
[debug] [2026-08-22T03:13:09.064Z] >>> [apiv2][query] PATCH https://firebasehosting.googleapis.com/v1beta1/projects/-/sites/hours-tracker-505617/versions/84ad9cf484567f41 updateMask=status%2Cconfig
[debug] [2026-08-22T03:13:09.064Z] >>> [apiv2][body] PATCH https://firebasehosting.googleapis.com/v1beta1/projects/-/sites/hours-tracker-505617/versions/84ad9cf484567f41 {"status":"FINALIZED","config":{"rewrites":[{"glob":"**","path":"/index.html"}],"headers":[{"glob":"/","headers":{"Cache-Control":"no-cache, no-store, must-revalidate"}},{"glob":"**/*.html","headers":{"Cache-Control":"no-cache, no-store, must-revalidate"}},{"glob":"assets/**","headers":{"Cache-Control":"no-cache, must-revalidate"}}]}}
[debug] [2026-08-22T03:13:09.471Z] <<< [apiv2][status] PATCH https://firebasehosting.googleapis.com/v1beta1/projects/-/sites/hours-tracker-505617/versions/84ad9cf484567f41 200
[debug] [2026-08-22T03:13:09.471Z] <<< [apiv2][body] PATCH https://firebasehosting.googleapis.com/v1beta1/projects/-/sites/hours-tracker-505617/versions/84ad9cf484567f41 {"name":"projects/1053801277711/sites/hours-tracker-505617/versions/84ad9cf484567f41","status":"FINALIZED","config":{"headers":[{"headers":{"Cache-Control":"no-cache, no-store, must-revalidate"},"glob":"/"},{"headers":{"Cache-Control":"no-cache, no-store, must-revalidate"},"glob":"**/*.html"},{"headers":{"Cache-Control":"no-cache, must-revalidate"},"glob":"assets/**"}],"rewrites":[{"glob":"**","path":"/index.html"}]},"labels":{"deployment-tool":"cli-firebase"},"createTime":"2026-08-22T03:13:07.151016Z","createUser":{"email":"sandiepietz@gmail.com"},"finalizeTime":"2026-08-22T03:13:09.428552Z","finalizeUser":{"email":"sandiepietz@gmail.com"}}
[debug] [2026-08-22T03:13:09.471Z] [hosting] finalized version for hours-tracker-505617:[object Object]
[info] ✔  hosting[hours-tracker-505617]: version finalized 
[info] i  hosting[hours-tracker-505617]: releasing new version... 
[debug] [2026-08-22T03:13:09.471Z] Checked if tokens are valid: true, expires at: 1787370578455
[debug] [2026-08-22T03:13:09.471Z] Checked if tokens are valid: true, expires at: 1787370578455
[debug] [2026-08-22T03:13:09.472Z] >>> [apiv2][query] POST https://firebasehosting.googleapis.com/v1beta1/projects/-/sites/hours-tracker-505617/channels/live/releases versionName=projects%2F1053801277711%2Fsites%2Fhours-tracker-505617%2Fversions%2F84ad9cf484567f41
[debug] [2026-08-22T03:13:09.472Z] >>> [apiv2][body] POST https://firebasehosting.googleapis.com/v1beta1/projects/-/sites/hours-tracker-505617/channels/live/releases {}
[debug] [2026-08-22T03:13:09.777Z] <<< [apiv2][status] POST https://firebasehosting.googleapis.com/v1beta1/projects/-/sites/hours-tracker-505617/channels/live/releases 200
[debug] [2026-08-22T03:15:26.608Z] ----------------------------------------------------------------------
[debug] [2026-08-22T03:15:26.609Z] Command:       /usr/local/bin/node /usr/local/bin/firebase deploy --only hosting
[debug] [2026-08-22T03:15:26.609Z] CLI Version:   15.28.1
[debug] [2026-08-22T03:15:26.609Z] Platform:      darwin
[debug] [2026-08-22T03:15:26.609Z] Node Version:  v24.19.0
[debug] [2026-08-22T03:15:26.609Z] Detected Agent: codex_cli
[debug] [2026-08-22T03:15:26.610Z] Time:          Fri Aug 21 2026 20:15:26 GMT-0700 (Mountain Standard Time)
[debug] [2026-08-22T03:15:26.610Z] ----------------------------------------------------------------------
[debug] 
[debug] [2026-08-22T03:15:26.846Z] > command requires scopes: ["email","openid","https://www.googleapis.com/auth/cloudplatformprojects.readonly","https://www.googleapis.com/auth/firebase","https://www.googleapis.com/auth/cloud-platform"]
[debug] [2026-08-22T03:15:26.846Z] > authorizing via signed-in user (sandiepietz@gmail.com)
[debug] [2026-08-22T03:15:26.846Z] [iam] checking project hours-tracker-505617 for permissions ["firebase.projects.get","firebasehosting.sites.update"]
[debug] [2026-08-22T03:15:26.850Z] Checked if tokens are valid: true, expires at: 1787370578455
[debug] [2026-08-22T03:15:26.851Z] Checked if tokens are valid: true, expires at: 1787370578455
[debug] [2026-08-22T03:15:26.851Z] >>> [apiv2][query] POST https://cloudresourcemanager.googleapis.com/v1/projects/hours-tracker-505617:testIamPermissions [none]
[debug] [2026-08-22T03:15:26.851Z] >>> [apiv2][(partial)header] POST https://cloudresourcemanager.googleapis.com/v1/projects/hours-tracker-505617:testIamPermissions  x-goog-user-project=hours-tracker-505617
[debug] [2026-08-22T03:15:26.851Z] >>> [apiv2][body] POST https://cloudresourcemanager.googleapis.com/v1/projects/hours-tracker-505617:testIamPermissions {"permissions":["firebase.projects.get","firebasehosting.sites.update"]}
[debug] [2026-08-22T03:15:27.313Z] <<< [apiv2][status] POST https://cloudresourcemanager.googleapis.com/v1/projects/hours-tracker-505617:testIamPermissions 200
[debug] [2026-08-22T03:15:27.313Z] <<< [apiv2][body] POST https://cloudresourcemanager.googleapis.com/v1/projects/hours-tracker-505617:testIamPermissions {"permissions":["firebase.projects.get","firebasehosting.sites.update"]}
[debug] [2026-08-22T03:15:27.314Z] Checked if tokens are valid: true, expires at: 1787370578455
[debug] [2026-08-22T03:15:27.314Z] Checked if tokens are valid: true, expires at: 1787370578455
[debug] [2026-08-22T03:15:27.314Z] >>> [apiv2][query] GET https://firebase.googleapis.com/v1beta1/projects/hours-tracker-505617 [none]
[debug] [2026-08-22T03:15:27.578Z] <<< [apiv2][status] GET https://firebase.googleapis.com/v1beta1/projects/hours-tracker-505617 200
[debug] [2026-08-22T03:15:27.578Z] <<< [apiv2][body] GET https://firebase.googleapis.com/v1beta1/projects/hours-tracker-505617 {"projectId":"hours-tracker-505617","projectNumber":"1053801277711","displayName":"Hours Tracker","name":"projects/hours-tracker-505617","resources":{"hostingSite":"hours-tracker-505617"},"state":"ACTIVE","labels":{"firebase":"enabled"},"etag":"1_9b67e5f4-0d64-458f-acc0-b5264089e54e"}
[info] 
[info] === Deploying to 'hours-tracker-505617'...
[info] 
[info] i  deploying hosting 
[debug] [2026-08-22T03:15:27.581Z] Checked if tokens are valid: true, expires at: 1787370578455
[debug] [2026-08-22T03:15:27.582Z] Checked if tokens are valid: true, expires at: 1787370578455
[debug] [2026-08-22T03:15:27.582Z] >>> [apiv2][query] GET https://firebasehosting.googleapis.com/v1beta1/projects/hours-tracker-505617/sites/hours-tracker-505617 [none]
[debug] [2026-08-22T03:15:28.124Z] <<< [apiv2][status] GET https://firebasehosting.googleapis.com/v1beta1/projects/hours-tracker-505617/sites/hours-tracker-505617 200
[debug] [2026-08-22T03:15:28.124Z] <<< [apiv2][body] GET https://firebasehosting.googleapis.com/v1beta1/projects/hours-tracker-505617/sites/hours-tracker-505617 {"name":"projects/hours-tracker-505617/sites/hours-tracker-505617","defaultUrl":"https://hours-tracker-505617.web.app","appId":"1:1053801277711:web:4ef9a62303536bf2bc367a","type":"DEFAULT_SITE"}
[debug] [2026-08-22T03:15:28.125Z] Checked if tokens are valid: true, expires at: 1787370578455
[debug] [2026-08-22T03:15:28.126Z] Checked if tokens are valid: true, expires at: 1787370578455
[debug] [2026-08-22T03:15:28.126Z] >>> [apiv2][query] POST https://firebasehosting.googleapis.com/v1beta1/projects/-/sites/hours-tracker-505617/versions [none]
[debug] [2026-08-22T03:15:28.126Z] >>> [apiv2][body] POST https://firebasehosting.googleapis.com/v1beta1/projects/-/sites/hours-tracker-505617/versions {"status":"CREATED","labels":{"deployment-tool":"cli-firebase"}}
[debug] [2026-08-22T03:15:28.590Z] <<< [apiv2][status] POST https://firebasehosting.googleapis.com/v1beta1/projects/-/sites/hours-tracker-505617/versions 200
[debug] [2026-08-22T03:15:28.590Z] <<< [apiv2][body] POST https://firebasehosting.googleapis.com/v1beta1/projects/-/sites/hours-tracker-505617/versions {"name":"projects/1053801277711/sites/hours-tracker-505617/versions/72985a05e5e8f5df","status":"CREATED","config":{},"labels":{"deployment-tool":"cli-firebase"}}
[info] i  hosting[hours-tracker-505617]: beginning deploy... 
[info] i  hosting[hours-tracker-505617]: found 7 files in firebase-dist 
[debug] [2026-08-22T03:15:28.601Z] [hosting] uploading with 200 concurrency
[debug] [2026-08-22T03:15:28.648Z] Checked if tokens are valid: true, expires at: 1787370578455
[debug] [2026-08-22T03:15:28.648Z] Checked if tokens are valid: true, expires at: 1787370578455
[debug] [2026-08-22T03:15:28.649Z] [hosting] hash cache [ZmlyZWJhc2UtZGlzdA] stored for 7 files
[debug] [2026-08-22T03:15:28.649Z] [hosting][hash queue][FINAL] {"max":45,"min":0,"avg":6.857142857142857,"active":0,"complete":7,"success":7,"errored":0,"retried":0,"total":7,"elapsed":47}
[debug] [2026-08-22T03:15:28.649Z] >>> [apiv2][query] POST https://firebasehosting.googleapis.com/v1beta1/projects/1053801277711/sites/hours-tracker-505617/versions/72985a05e5e8f5df:populateFiles [none]
[debug] [2026-08-22T03:15:28.649Z] >>> [apiv2][body] POST https://firebasehosting.googleapis.com/v1beta1/projects/1053801277711/sites/hours-tracker-505617/versions/72985a05e5e8f5df:populateFiles {"files":{"/window.svg":"32ea868a4067b3f236353dc7f0851952d02ecb0515826d1dd2590e61159b146a","/globe.svg":"a89af50fbe7023054a59f733eab7cc4c89605387c9decd9701536e081f5b607f","/file.svg":"0d4c6b6999e2d6106f033135f4b32598029367bd331608c34c4e4a072ea0b469","/favicon.svg":"f0fc09166d474aacd631f1d6cd9560d37843a8a233ad37eac785909c18823406","/assets/index-B3A5AJiX.css":"55f84bc8e57f93199f877adc9a973a8bb57bc12bba9e972d75dc63fbd9591e2b","/index.html":"c3d451d8f9b117d602a96ef5e29a157eccb55d92aff9fbb3cb1873eee21ba8e5","/assets/index-tT16tZ1S.js":"88429dc160a4000a15c38efab167d3c99ac64564b4881880d5082bcc802a6bf7"}}
[debug] [2026-08-22T03:15:29.046Z] <<< [apiv2][status] POST https://firebasehosting.googleapis.com/v1beta1/projects/1053801277711/sites/hours-tracker-505617/versions/72985a05e5e8f5df:populateFiles 200
[debug] [2026-08-22T03:15:29.046Z] <<< [apiv2][body] POST https://firebasehosting.googleapis.com/v1beta1/projects/1053801277711/sites/hours-tracker-505617/versions/72985a05e5e8f5df:populateFiles {"uploadRequiredHashes":["88429dc160a4000a15c38efab167d3c99ac64564b4881880d5082bcc802a6bf7","c3d451d8f9b117d602a96ef5e29a157eccb55d92aff9fbb3cb1873eee21ba8e5"],"uploadUrl":"https://upload-firebasehosting.googleapis.com/upload/sites/hours-tracker-505617/versions/72985a05e5e8f5df/files"}
[debug] [2026-08-22T03:15:29.047Z] Checked if tokens are valid: true, expires at: 1787370578455
[debug] [2026-08-22T03:15:29.047Z] Checked if tokens are valid: true, expires at: 1787370578455
[debug] [2026-08-22T03:15:29.048Z] Checked if tokens are valid: true, expires at: 1787370578455
[debug] [2026-08-22T03:15:29.048Z] Checked if tokens are valid: true, expires at: 1787370578455
[debug] [2026-08-22T03:15:29.049Z] >>> [apiv2][query] POST https://upload-firebasehosting.googleapis.com/upload/sites/hours-tracker-505617/versions/72985a05e5e8f5df/files/88429dc160a4000a15c38efab167d3c99ac64564b4881880d5082bcc802a6bf7 [none]
[debug] [2026-08-22T03:15:29.049Z] >>> [apiv2][body] POST https://upload-firebasehosting.googleapis.com/upload/sites/hours-tracker-505617/versions/72985a05e5e8f5df/files/88429dc160a4000a15c38efab167d3c99ac64564b4881880d5082bcc802a6bf7 [stream]
[debug] [2026-08-22T03:15:29.050Z] >>> [apiv2][query] POST https://upload-firebasehosting.googleapis.com/upload/sites/hours-tracker-505617/versions/72985a05e5e8f5df/files/c3d451d8f9b117d602a96ef5e29a157eccb55d92aff9fbb3cb1873eee21ba8e5 [none]
[debug] [2026-08-22T03:15:29.051Z] >>> [apiv2][body] POST https://upload-firebasehosting.googleapis.com/upload/sites/hours-tracker-505617/versions/72985a05e5e8f5df/files/c3d451d8f9b117d602a96ef5e29a157eccb55d92aff9fbb3cb1873eee21ba8e5 [stream]
[debug] [2026-08-22T03:15:29.053Z] [hosting][populate queue][FINAL] {"max":401,"min":401,"avg":401,"active":0,"complete":1,"success":1,"errored":0,"retried":0,"total":1,"elapsed":405}
[debug] [2026-08-22T03:15:29.054Z] [hosting] uploads queued: 2
[debug] [2026-08-22T03:15:30.170Z] <<< [apiv2][status] POST https://upload-firebasehosting.googleapis.com/upload/sites/hours-tracker-505617/versions/72985a05e5e8f5df/files/c3d451d8f9b117d602a96ef5e29a157eccb55d92aff9fbb3cb1873eee21ba8e5 200
[debug] [2026-08-22T03:15:30.170Z] <<< [apiv2][body] POST https://upload-firebasehosting.googleapis.com/upload/sites/hours-tracker-505617/versions/72985a05e5e8f5df/files/c3d451d8f9b117d602a96ef5e29a157eccb55d92aff9fbb3cb1873eee21ba8e5 [stream]
[debug] [2026-08-22T03:15:30.171Z] <<< [apiv2][status] POST https://upload-firebasehosting.googleapis.com/upload/sites/hours-tracker-505617/versions/72985a05e5e8f5df/files/88429dc160a4000a15c38efab167d3c99ac64564b4881880d5082bcc802a6bf7 200
[debug] [2026-08-22T03:15:30.171Z] <<< [apiv2][body] POST https://upload-firebasehosting.googleapis.com/upload/sites/hours-tracker-505617/versions/72985a05e5e8f5df/files/88429dc160a4000a15c38efab167d3c99ac64564b4881880d5082bcc802a6bf7 [stream]
[debug] [2026-08-22T03:15:30.171Z] [hosting][upload queue][FINAL] {"max":1124,"min":1122,"avg":1123,"active":0,"complete":2,"success":2,"errored":0,"retried":0,"total":2,"elapsed":1124}
[info] i  hosting: upload complete 
[info] ✔  hosting[hours-tracker-505617]: file upload complete 
[debug] [2026-08-22T03:15:30.173Z] [hosting] deploy completed after 1579ms
[debug] [2026-08-22T03:15:30.173Z] [
  {
    "config": {
      "public": "firebase-dist",
      "ignore": [
        "firebase.json",
        "**/.*",
        "**/node_modules/**"
      ],
      "headers": [
        {
          "source": "/",
          "headers": [
            {
              "key": "Cache-Control",
              "value": "no-cache, no-store, must-revalidate"
            }
          ]
        },
        {
          "source": "**/*.html",
          "headers": [
            {
              "key": "Cache-Control",
              "value": "no-cache, no-store, must-revalidate"
            }
          ]
        },
        {
          "source": "assets/**",
          "headers": [
            {
              "key": "Cache-Control",
              "value": "no-cache, must-revalidate"
            }
          ]
        }
      ],
      "rewrites": [
        {
          "source": "**",
          "destination": "/index.html"
        }
      ],
      "site": "hours-tracker-505617"
    },
    "version": "projects/1053801277711/sites/hours-tracker-505617/versions/72985a05e5e8f5df"
  }
]
[info] i  hosting[hours-tracker-505617]: finalizing version... 
[debug] [2026-08-22T03:15:30.176Z] Checked if tokens are valid: true, expires at: 1787370578455
[debug] [2026-08-22T03:15:30.176Z] Checked if tokens are valid: true, expires at: 1787370578455
[debug] [2026-08-22T03:15:30.177Z] >>> [apiv2][query] PATCH https://firebasehosting.googleapis.com/v1beta1/projects/-/sites/hours-tracker-505617/versions/72985a05e5e8f5df updateMask=status%2Cconfig
[debug] [2026-08-22T03:15:30.177Z] >>> [apiv2][body] PATCH https://firebasehosting.googleapis.com/v1beta1/projects/-/sites/hours-tracker-505617/versions/72985a05e5e8f5df {"status":"FINALIZED","config":{"rewrites":[{"glob":"**","path":"/index.html"}],"headers":[{"glob":"/","headers":{"Cache-Control":"no-cache, no-store, must-revalidate"}},{"glob":"**/*.html","headers":{"Cache-Control":"no-cache, no-store, must-revalidate"}},{"glob":"assets/**","headers":{"Cache-Control":"no-cache, must-revalidate"}}]}}
[debug] [2026-08-22T03:15:30.574Z] <<< [apiv2][status] PATCH https://firebasehosting.googleapis.com/v1beta1/projects/-/sites/hours-tracker-505617/versions/72985a05e5e8f5df 200
[debug] [2026-08-22T03:15:30.575Z] <<< [apiv2][body] PATCH https://firebasehosting.googleapis.com/v1beta1/projects/-/sites/hours-tracker-505617/versions/72985a05e5e8f5df {"name":"projects/1053801277711/sites/hours-tracker-505617/versions/72985a05e5e8f5df","status":"FINALIZED","config":{"headers":[{"headers":{"Cache-Control":"no-cache, no-store, must-revalidate"},"glob":"/"},{"headers":{"Cache-Control":"no-cache, no-store, must-revalidate"},"glob":"**/*.html"},{"headers":{"Cache-Control":"no-cache, must-revalidate"},"glob":"assets/**"}],"rewrites":[{"glob":"**","path":"/index.html"}]},"labels":{"deployment-tool":"cli-firebase"},"createTime":"2026-08-22T03:15:28.381272Z","createUser":{"email":"sandiepietz@gmail.com"},"finalizeTime":"2026-08-22T03:15:30.492920Z","finalizeUser":{"email":"sandiepietz@gmail.com"}}
[debug] [2026-08-22T03:15:30.575Z] [hosting] finalized version for hours-tracker-505617:[object Object]
[info] ✔  hosting[hours-tracker-505617]: version finalized 
[info] i  hosting[hours-tracker-505617]: releasing new version... 
[debug] [2026-08-22T03:15:30.575Z] Checked if tokens are valid: true, expires at: 1787370578455
[debug] [2026-08-22T03:15:30.575Z] Checked if tokens are valid: true, expires at: 1787370578455
[debug] [2026-08-22T03:15:30.576Z] >>> [apiv2][query] POST https://firebasehosting.googleapis.com/v1beta1/projects/-/sites/hours-tracker-505617/channels/live/releases versionName=projects%2F1053801277711%2Fsites%2Fhours-tracker-505617%2Fversions%2F72985a05e5e8f5df
[debug] [2026-08-22T03:15:30.576Z] >>> [apiv2][body] POST https://firebasehosting.googleapis.com/v1beta1/projects/-/sites/hours-tracker-505617/channels/live/releases {}
[debug] [2026-08-22T03:15:30.990Z] <<< [apiv2][status] POST https://firebasehosting.googleapis.com/v1beta1/projects/-/sites/hours-tracker-505617/channels/live/releases 200
[debug] [2026-08-22T03:20:05.203Z] ----------------------------------------------------------------------
[debug] [2026-08-22T03:20:05.204Z] Command:       /usr/local/bin/node /usr/local/bin/firebase deploy --only hosting
[debug] [2026-08-22T03:20:05.204Z] CLI Version:   15.28.1
[debug] [2026-08-22T03:20:05.204Z] Platform:      darwin
[debug] [2026-08-22T03:20:05.204Z] Node Version:  v24.19.0
[debug] [2026-08-22T03:20:05.204Z] Detected Agent: codex_cli
[debug] [2026-08-22T03:20:05.204Z] Time:          Fri Aug 21 2026 20:20:05 GMT-0700 (Mountain Standard Time)
[debug] [2026-08-22T03:20:05.204Z] ----------------------------------------------------------------------
[debug] 
[debug] [2026-08-22T03:20:05.451Z] > command requires scopes: ["email","openid","https://www.googleapis.com/auth/cloudplatformprojects.readonly","https://www.googleapis.com/auth/firebase","https://www.googleapis.com/auth/cloud-platform"]
[debug] [2026-08-22T03:20:05.451Z] > authorizing via signed-in user (sandiepietz@gmail.com)
[debug] [2026-08-22T03:20:05.451Z] [iam] checking project hours-tracker-505617 for permissions ["firebase.projects.get","firebasehosting.sites.update"]
[debug] [2026-08-22T03:20:05.455Z] Checked if tokens are valid: true, expires at: 1787370578455
[debug] [2026-08-22T03:20:05.455Z] Checked if tokens are valid: true, expires at: 1787370578455
[debug] [2026-08-22T03:20:05.456Z] >>> [apiv2][query] POST https://cloudresourcemanager.googleapis.com/v1/projects/hours-tracker-505617:testIamPermissions [none]
[debug] [2026-08-22T03:20:05.456Z] >>> [apiv2][(partial)header] POST https://cloudresourcemanager.googleapis.com/v1/projects/hours-tracker-505617:testIamPermissions  x-goog-user-project=hours-tracker-505617
[debug] [2026-08-22T03:20:05.456Z] >>> [apiv2][body] POST https://cloudresourcemanager.googleapis.com/v1/projects/hours-tracker-505617:testIamPermissions {"permissions":["firebase.projects.get","firebasehosting.sites.update"]}
[debug] [2026-08-22T03:20:05.693Z] <<< [apiv2][status] POST https://cloudresourcemanager.googleapis.com/v1/projects/hours-tracker-505617:testIamPermissions 200
[debug] [2026-08-22T03:20:05.694Z] <<< [apiv2][body] POST https://cloudresourcemanager.googleapis.com/v1/projects/hours-tracker-505617:testIamPermissions {"permissions":["firebase.projects.get","firebasehosting.sites.update"]}
[debug] [2026-08-22T03:20:05.694Z] Checked if tokens are valid: true, expires at: 1787370578455
[debug] [2026-08-22T03:20:05.694Z] Checked if tokens are valid: true, expires at: 1787370578455
[debug] [2026-08-22T03:20:05.694Z] >>> [apiv2][query] GET https://firebase.googleapis.com/v1beta1/projects/hours-tracker-505617 [none]
[debug] [2026-08-22T03:20:05.951Z] <<< [apiv2][status] GET https://firebase.googleapis.com/v1beta1/projects/hours-tracker-505617 200
[debug] [2026-08-22T03:20:05.951Z] <<< [apiv2][body] GET https://firebase.googleapis.com/v1beta1/projects/hours-tracker-505617 {"projectId":"hours-tracker-505617","projectNumber":"1053801277711","displayName":"Hours Tracker","name":"projects/hours-tracker-505617","resources":{"hostingSite":"hours-tracker-505617"},"state":"ACTIVE","labels":{"firebase":"enabled"},"etag":"1_9b67e5f4-0d64-458f-acc0-b5264089e54e"}
[info] 
[info] === Deploying to 'hours-tracker-505617'...
[info] 
[info] i  deploying hosting 
[debug] [2026-08-22T03:20:05.955Z] Checked if tokens are valid: true, expires at: 1787370578455
[debug] [2026-08-22T03:20:05.955Z] Checked if tokens are valid: true, expires at: 1787370578455
[debug] [2026-08-22T03:20:05.956Z] >>> [apiv2][query] GET https://firebasehosting.googleapis.com/v1beta1/projects/hours-tracker-505617/sites/hours-tracker-505617 [none]
[debug] [2026-08-22T03:20:06.536Z] <<< [apiv2][status] GET https://firebasehosting.googleapis.com/v1beta1/projects/hours-tracker-505617/sites/hours-tracker-505617 200
[debug] [2026-08-22T03:20:06.536Z] <<< [apiv2][body] GET https://firebasehosting.googleapis.com/v1beta1/projects/hours-tracker-505617/sites/hours-tracker-505617 {"name":"projects/hours-tracker-505617/sites/hours-tracker-505617","defaultUrl":"https://hours-tracker-505617.web.app","appId":"1:1053801277711:web:4ef9a62303536bf2bc367a","type":"DEFAULT_SITE"}
[debug] [2026-08-22T03:20:06.537Z] Checked if tokens are valid: true, expires at: 1787370578455
[debug] [2026-08-22T03:20:06.538Z] Checked if tokens are valid: true, expires at: 1787370578455
[debug] [2026-08-22T03:20:06.538Z] >>> [apiv2][query] POST https://firebasehosting.googleapis.com/v1beta1/projects/-/sites/hours-tracker-505617/versions [none]
[debug] [2026-08-22T03:20:06.538Z] >>> [apiv2][body] POST https://firebasehosting.googleapis.com/v1beta1/projects/-/sites/hours-tracker-505617/versions {"status":"CREATED","labels":{"deployment-tool":"cli-firebase"}}
[debug] [2026-08-22T03:20:07.048Z] <<< [apiv2][status] POST https://firebasehosting.googleapis.com/v1beta1/projects/-/sites/hours-tracker-505617/versions 200
[debug] [2026-08-22T03:20:07.048Z] <<< [apiv2][body] POST https://firebasehosting.googleapis.com/v1beta1/projects/-/sites/hours-tracker-505617/versions {"name":"projects/1053801277711/sites/hours-tracker-505617/versions/fa500ff956f72b36","status":"CREATED","config":{},"labels":{"deployment-tool":"cli-firebase"}}
[info] i  hosting[hours-tracker-505617]: beginning deploy... 
[info] i  hosting[hours-tracker-505617]: found 7 files in firebase-dist 
[debug] [2026-08-22T03:20:07.058Z] [hosting] uploading with 200 concurrency
[debug] [2026-08-22T03:20:07.105Z] Checked if tokens are valid: true, expires at: 1787370578455
[debug] [2026-08-22T03:20:07.105Z] Checked if tokens are valid: true, expires at: 1787370578455
[debug] [2026-08-22T03:20:07.106Z] [hosting] hash cache [ZmlyZWJhc2UtZGlzdA] stored for 7 files
[debug] [2026-08-22T03:20:07.106Z] [hosting][hash queue][FINAL] {"max":45,"min":0,"avg":6.857142857142857,"active":0,"complete":7,"success":7,"errored":0,"retried":0,"total":7,"elapsed":47}
[debug] [2026-08-22T03:20:07.106Z] >>> [apiv2][query] POST https://firebasehosting.googleapis.com/v1beta1/projects/1053801277711/sites/hours-tracker-505617/versions/fa500ff956f72b36:populateFiles [none]
[debug] [2026-08-22T03:20:07.106Z] >>> [apiv2][body] POST https://firebasehosting.googleapis.com/v1beta1/projects/1053801277711/sites/hours-tracker-505617/versions/fa500ff956f72b36:populateFiles {"files":{"/window.svg":"32ea868a4067b3f236353dc7f0851952d02ecb0515826d1dd2590e61159b146a","/globe.svg":"a89af50fbe7023054a59f733eab7cc4c89605387c9decd9701536e081f5b607f","/file.svg":"0d4c6b6999e2d6106f033135f4b32598029367bd331608c34c4e4a072ea0b469","/favicon.svg":"f0fc09166d474aacd631f1d6cd9560d37843a8a233ad37eac785909c18823406","/assets/index-B3A5AJiX.css":"55f84bc8e57f93199f877adc9a973a8bb57bc12bba9e972d75dc63fbd9591e2b","/index.html":"67767691742bec691c35055455bd6debea0f512c00c0287d605a1694f13d6676","/assets/index-tT16tZ1S.js":"2b9ff067f2b3ccba3bac5e191938e7e0d45209c0d84b5017cac0e092b2fe967e"}}
[debug] [2026-08-22T03:20:07.661Z] <<< [apiv2][status] POST https://firebasehosting.googleapis.com/v1beta1/projects/1053801277711/sites/hours-tracker-505617/versions/fa500ff956f72b36:populateFiles 200
[debug] [2026-08-22T03:20:07.661Z] <<< [apiv2][body] POST https://firebasehosting.googleapis.com/v1beta1/projects/1053801277711/sites/hours-tracker-505617/versions/fa500ff956f72b36:populateFiles {"uploadRequiredHashes":["67767691742bec691c35055455bd6debea0f512c00c0287d605a1694f13d6676","2b9ff067f2b3ccba3bac5e191938e7e0d45209c0d84b5017cac0e092b2fe967e"],"uploadUrl":"https://upload-firebasehosting.googleapis.com/upload/sites/hours-tracker-505617/versions/fa500ff956f72b36/files"}
[debug] [2026-08-22T03:20:07.661Z] Checked if tokens are valid: true, expires at: 1787370578455
[debug] [2026-08-22T03:20:07.662Z] Checked if tokens are valid: true, expires at: 1787370578455
[debug] [2026-08-22T03:20:07.662Z] Checked if tokens are valid: true, expires at: 1787370578455
[debug] [2026-08-22T03:20:07.662Z] Checked if tokens are valid: true, expires at: 1787370578455
[debug] [2026-08-22T03:20:07.663Z] >>> [apiv2][query] POST https://upload-firebasehosting.googleapis.com/upload/sites/hours-tracker-505617/versions/fa500ff956f72b36/files/67767691742bec691c35055455bd6debea0f512c00c0287d605a1694f13d6676 [none]
[debug] [2026-08-22T03:20:07.663Z] >>> [apiv2][body] POST https://upload-firebasehosting.googleapis.com/upload/sites/hours-tracker-505617/versions/fa500ff956f72b36/files/67767691742bec691c35055455bd6debea0f512c00c0287d605a1694f13d6676 [stream]
[debug] [2026-08-22T03:20:07.665Z] >>> [apiv2][query] POST https://upload-firebasehosting.googleapis.com/upload/sites/hours-tracker-505617/versions/fa500ff956f72b36/files/2b9ff067f2b3ccba3bac5e191938e7e0d45209c0d84b5017cac0e092b2fe967e [none]
[debug] [2026-08-22T03:20:07.665Z] >>> [apiv2][body] POST https://upload-firebasehosting.googleapis.com/upload/sites/hours-tracker-505617/versions/fa500ff956f72b36/files/2b9ff067f2b3ccba3bac5e191938e7e0d45209c0d84b5017cac0e092b2fe967e [stream]
[debug] [2026-08-22T03:20:07.667Z] [hosting][populate queue][FINAL] {"max":557,"min":557,"avg":557,"active":0,"complete":1,"success":1,"errored":0,"retried":0,"total":1,"elapsed":562}
[debug] [2026-08-22T03:20:07.667Z] [hosting] uploads queued: 2
[debug] [2026-08-22T03:20:08.789Z] <<< [apiv2][status] POST https://upload-firebasehosting.googleapis.com/upload/sites/hours-tracker-505617/versions/fa500ff956f72b36/files/2b9ff067f2b3ccba3bac5e191938e7e0d45209c0d84b5017cac0e092b2fe967e 200
[debug] [2026-08-22T03:20:08.789Z] <<< [apiv2][body] POST https://upload-firebasehosting.googleapis.com/upload/sites/hours-tracker-505617/versions/fa500ff956f72b36/files/2b9ff067f2b3ccba3bac5e191938e7e0d45209c0d84b5017cac0e092b2fe967e [stream]
[debug] [2026-08-22T03:20:08.829Z] <<< [apiv2][status] POST https://upload-firebasehosting.googleapis.com/upload/sites/hours-tracker-505617/versions/fa500ff956f72b36/files/67767691742bec691c35055455bd6debea0f512c00c0287d605a1694f13d6676 200
[debug] [2026-08-22T03:20:08.829Z] <<< [apiv2][body] POST https://upload-firebasehosting.googleapis.com/upload/sites/hours-tracker-505617/versions/fa500ff956f72b36/files/67767691742bec691c35055455bd6debea0f512c00c0287d605a1694f13d6676 [stream]
[debug] [2026-08-22T03:20:08.830Z] [hosting][upload queue][FINAL] {"max":1169,"min":1127,"avg":1148,"active":0,"complete":2,"success":2,"errored":0,"retried":0,"total":2,"elapsed":1169}
[info] i  hosting: upload complete 
[info] ✔  hosting[hours-tracker-505617]: file upload complete 
[debug] [2026-08-22T03:20:08.831Z] [hosting] deploy completed after 1781ms
[debug] [2026-08-22T03:20:08.832Z] [
  {
    "config": {
      "public": "firebase-dist",
      "ignore": [
        "firebase.json",
        "**/.*",
        "**/node_modules/**"
      ],
      "headers": [
        {
          "source": "/",
          "headers": [
            {
              "key": "Cache-Control",
              "value": "no-cache, no-store, must-revalidate"
            }
          ]
        },
        {
          "source": "**/*.html",
          "headers": [
            {
              "key": "Cache-Control",
              "value": "no-cache, no-store, must-revalidate"
            }
          ]
        },
        {
          "source": "assets/**",
          "headers": [
            {
              "key": "Cache-Control",
              "value": "no-cache, must-revalidate"
            }
          ]
        }
      ],
      "rewrites": [
        {
          "source": "**",
          "destination": "/index.html"
        }
      ],
      "site": "hours-tracker-505617"
    },
    "version": "projects/1053801277711/sites/hours-tracker-505617/versions/fa500ff956f72b36"
  }
]
[info] i  hosting[hours-tracker-505617]: finalizing version... 
[debug] [2026-08-22T03:20:08.834Z] Checked if tokens are valid: true, expires at: 1787370578455
[debug] [2026-08-22T03:20:08.835Z] Checked if tokens are valid: true, expires at: 1787370578455
[debug] [2026-08-22T03:20:08.835Z] >>> [apiv2][query] PATCH https://firebasehosting.googleapis.com/v1beta1/projects/-/sites/hours-tracker-505617/versions/fa500ff956f72b36 updateMask=status%2Cconfig
[debug] [2026-08-22T03:20:08.835Z] >>> [apiv2][body] PATCH https://firebasehosting.googleapis.com/v1beta1/projects/-/sites/hours-tracker-505617/versions/fa500ff956f72b36 {"status":"FINALIZED","config":{"rewrites":[{"glob":"**","path":"/index.html"}],"headers":[{"glob":"/","headers":{"Cache-Control":"no-cache, no-store, must-revalidate"}},{"glob":"**/*.html","headers":{"Cache-Control":"no-cache, no-store, must-revalidate"}},{"glob":"assets/**","headers":{"Cache-Control":"no-cache, must-revalidate"}}]}}
[debug] [2026-08-22T03:20:09.112Z] <<< [apiv2][status] PATCH https://firebasehosting.googleapis.com/v1beta1/projects/-/sites/hours-tracker-505617/versions/fa500ff956f72b36 200
[debug] [2026-08-22T03:20:09.112Z] <<< [apiv2][body] PATCH https://firebasehosting.googleapis.com/v1beta1/projects/-/sites/hours-tracker-505617/versions/fa500ff956f72b36 {"name":"projects/1053801277711/sites/hours-tracker-505617/versions/fa500ff956f72b36","status":"FINALIZED","config":{"headers":[{"headers":{"Cache-Control":"no-cache, no-store, must-revalidate"},"glob":"/"},{"headers":{"Cache-Control":"no-cache, no-store, must-revalidate"},"glob":"**/*.html"},{"headers":{"Cache-Control":"no-cache, must-revalidate"},"glob":"assets/**"}],"rewrites":[{"glob":"**","path":"/index.html"}]},"labels":{"deployment-tool":"cli-firebase"},"createTime":"2026-08-22T03:20:06.741158Z","createUser":{"email":"sandiepietz@gmail.com"},"finalizeTime":"2026-08-22T03:20:09.103085Z","finalizeUser":{"email":"sandiepietz@gmail.com"}}
[debug] [2026-08-22T03:20:09.112Z] [hosting] finalized version for hours-tracker-505617:[object Object]
[info] ✔  hosting[hours-tracker-505617]: version finalized 
[info] i  hosting[hours-tracker-505617]: releasing new version... 
[debug] [2026-08-22T03:20:09.112Z] Checked if tokens are valid: true, expires at: 1787370578455
[debug] [2026-08-22T03:20:09.112Z] Checked if tokens are valid: true, expires at: 1787370578455
[debug] [2026-08-22T03:20:09.113Z] >>> [apiv2][query] POST https://firebasehosting.googleapis.com/v1beta1/projects/-/sites/hours-tracker-505617/channels/live/releases versionName=projects%2F1053801277711%2Fsites%2Fhours-tracker-505617%2Fversions%2Ffa500ff956f72b36
[debug] [2026-08-22T03:20:09.113Z] >>> [apiv2][body] POST https://firebasehosting.googleapis.com/v1beta1/projects/-/sites/hours-tracker-505617/channels/live/releases {}
[debug] [2026-08-22T03:20:09.620Z] <<< [apiv2][status] POST https://firebasehosting.googleapis.com/v1beta1/projects/-/sites/hours-tracker-505617/channels/live/releases 200
[debug] [2026-08-22T03:41:05.879Z] ----------------------------------------------------------------------
[debug] [2026-08-22T03:41:05.883Z] Command:       /usr/local/bin/node /usr/local/bin/firebase deploy --only hosting,firestore:rules
[debug] [2026-08-22T03:41:05.883Z] CLI Version:   15.28.1
[debug] [2026-08-22T03:41:05.883Z] Platform:      darwin
[debug] [2026-08-22T03:41:05.883Z] Node Version:  v24.19.0
[debug] [2026-08-22T03:41:05.883Z] Detected Agent: codex_cli
[debug] [2026-08-22T03:41:05.883Z] Time:          Fri Aug 21 2026 20:41:05 GMT-0700 (Mountain Standard Time)
[debug] [2026-08-22T03:41:05.884Z] ----------------------------------------------------------------------
[debug] 
[debug] [2026-08-22T03:41:06.278Z] > command requires scopes: ["email","openid","https://www.googleapis.com/auth/cloudplatformprojects.readonly","https://www.googleapis.com/auth/firebase","https://www.googleapis.com/auth/cloud-platform"]
[debug] [2026-08-22T03:41:06.278Z] > authorizing via signed-in user (sandiepietz@gmail.com)
[debug] [2026-08-22T03:41:06.278Z] [iam] checking project hours-tracker-505617 for permissions ["datastore.indexes.create","datastore.indexes.delete","datastore.indexes.list","datastore.indexes.update","firebase.projects.get","firebasehosting.sites.update"]
[debug] [2026-08-22T03:41:06.288Z] Checked if tokens are valid: false, expires at: 1787370578455
[debug] [2026-08-22T03:41:06.288Z] Checked if tokens are valid: false, expires at: 1787370578455
[debug] [2026-08-22T03:41:06.289Z] > refreshing access token with scopes: []
[debug] [2026-08-22T03:41:06.290Z] >>> [apiv2][query] POST https://www.googleapis.com/oauth2/v3/token [none]
[debug] [2026-08-22T03:41:06.290Z] >>> [apiv2][body] POST https://www.googleapis.com/oauth2/v3/token [omitted]
[debug] [2026-08-22T03:41:06.484Z] <<< [apiv2][status] POST https://www.googleapis.com/oauth2/v3/token 200
[debug] [2026-08-22T03:41:06.484Z] <<< [apiv2][body] POST https://www.googleapis.com/oauth2/v3/token [omitted]
[debug] [2026-08-22T03:41:06.496Z] >>> [apiv2][query] POST https://cloudresourcemanager.googleapis.com/v1/projects/hours-tracker-505617:testIamPermissions [none]
[debug] [2026-08-22T03:41:06.496Z] >>> [apiv2][(partial)header] POST https://cloudresourcemanager.googleapis.com/v1/projects/hours-tracker-505617:testIamPermissions  x-goog-user-project=hours-tracker-505617
[debug] [2026-08-22T03:41:06.496Z] >>> [apiv2][body] POST https://cloudresourcemanager.googleapis.com/v1/projects/hours-tracker-505617:testIamPermissions {"permissions":["datastore.indexes.create","datastore.indexes.delete","datastore.indexes.list","datastore.indexes.update","firebase.projects.get","firebasehosting.sites.update"]}
[debug] [2026-08-22T03:41:06.892Z] <<< [apiv2][status] POST https://cloudresourcemanager.googleapis.com/v1/projects/hours-tracker-505617:testIamPermissions 200
[debug] [2026-08-22T03:41:06.892Z] <<< [apiv2][body] POST https://cloudresourcemanager.googleapis.com/v1/projects/hours-tracker-505617:testIamPermissions {"permissions":["datastore.indexes.create","datastore.indexes.delete","datastore.indexes.list","datastore.indexes.update","firebase.projects.get","firebasehosting.sites.update"]}
[debug] [2026-08-22T03:41:06.893Z] Checked if tokens are valid: true, expires at: 1787373665484
[debug] [2026-08-22T03:41:06.893Z] Checked if tokens are valid: true, expires at: 1787373665484
[debug] [2026-08-22T03:41:06.894Z] >>> [apiv2][query] GET https://firebase.googleapis.com/v1beta1/projects/hours-tracker-505617 [none]
[debug] [2026-08-22T03:41:07.150Z] <<< [apiv2][status] GET https://firebase.googleapis.com/v1beta1/projects/hours-tracker-505617 200
[debug] [2026-08-22T03:41:07.150Z] <<< [apiv2][body] GET https://firebase.googleapis.com/v1beta1/projects/hours-tracker-505617 {"projectId":"hours-tracker-505617","projectNumber":"1053801277711","displayName":"Hours Tracker","name":"projects/hours-tracker-505617","resources":{"hostingSite":"hours-tracker-505617"},"state":"ACTIVE","labels":{"firebase":"enabled"},"etag":"1_9b67e5f4-0d64-458f-acc0-b5264089e54e"}
[info] 
[info] === Deploying to 'hours-tracker-505617'...
[info] 
[info] i  deploying firestore, hosting 
[info] i  firestore: ensuring required API firestore.googleapis.com is enabled... 
[debug] [2026-08-22T03:41:07.153Z] Checked if tokens are valid: true, expires at: 1787373665484
[debug] [2026-08-22T03:41:07.153Z] Checked if tokens are valid: true, expires at: 1787373665484
[debug] [2026-08-22T03:41:07.153Z] >>> [apiv2][query] GET https://serviceusage.googleapis.com/v1/projects/hours-tracker-505617/services/firestore.googleapis.com [none]
[debug] [2026-08-22T03:41:07.153Z] >>> [apiv2][(partial)header] GET https://serviceusage.googleapis.com/v1/projects/hours-tracker-505617/services/firestore.googleapis.com  x-goog-user-project=hours-tracker-505617
[debug] [2026-08-22T03:41:07.738Z] <<< [apiv2][status] GET https://serviceusage.googleapis.com/v1/projects/hours-tracker-505617/services/firestore.googleapis.com 200
[debug] [2026-08-22T03:41:07.738Z] <<< [apiv2][body] GET https://serviceusage.googleapis.com/v1/projects/hours-tracker-505617/services/firestore.googleapis.com [omitted]
[info] ✔  firestore: required API firestore.googleapis.com is enabled 
[info] i  firestore: ensuring required API firestore.googleapis.com is enabled... 
[debug] [2026-08-22T03:41:07.746Z] Checked if tokens are valid: true, expires at: 1787373665484
[debug] [2026-08-22T03:41:07.746Z] Checked if tokens are valid: true, expires at: 1787373665484
[debug] [2026-08-22T03:41:07.746Z] >>> [apiv2][query] GET https://firestore.googleapis.com/v1/projects/hours-tracker-505617/databases/(default) [none]
[debug] [2026-08-22T03:41:08.145Z] <<< [apiv2][status] GET https://firestore.googleapis.com/v1/projects/hours-tracker-505617/databases/(default) 200
[debug] [2026-08-22T03:41:08.145Z] <<< [apiv2][body] GET https://firestore.googleapis.com/v1/projects/hours-tracker-505617/databases/(default) {"name":"projects/hours-tracker-505617/databases/(default)","uid":"179664e5-a8a7-4f2f-b3f1-46949ab5a860","createTime":"2026-08-17T00:10:10.489469Z","updateTime":"2026-08-17T00:10:10.489469Z","locationId":"nam5","type":"FIRESTORE_NATIVE","concurrencyMode":"PESSIMISTIC","versionRetentionPeriod":"3600s","earliestVersionTime":"2026-08-22T02:41:08.197577Z","appEngineIntegrationMode":"DISABLED","keyPrefix":"s","pointInTimeRecoveryEnablement":"POINT_IN_TIME_RECOVERY_DISABLED","deleteProtectionState":"DELETE_PROTECTION_DISABLED","databaseEdition":"STANDARD","freeTier":true,"realtimeUpdatesMode":"REALTIME_UPDATES_MODE_ENABLED","etag":"ILn8/K+os5YDMNDK0/vSppYD"}
[info] i  cloud.firestore: checking firestore.rules for compilation errors... 
[debug] [2026-08-22T03:41:08.149Z] Checked if tokens are valid: true, expires at: 1787373665484
[debug] [2026-08-22T03:41:08.149Z] Checked if tokens are valid: true, expires at: 1787373665484
[debug] [2026-08-22T03:41:08.149Z] >>> [apiv2][query] POST https://firebaserules.googleapis.com/v1/projects/hours-tracker-505617:test [none]
[debug] [2026-08-22T03:41:08.149Z] >>> [apiv2][body] POST https://firebaserules.googleapis.com/v1/projects/hours-tracker-505617:test [omitted]
[debug] [2026-08-22T03:41:08.424Z] <<< [apiv2][status] POST https://firebaserules.googleapis.com/v1/projects/hours-tracker-505617:test 200
[debug] [2026-08-22T03:41:08.425Z] <<< [apiv2][body] POST https://firebaserules.googleapis.com/v1/projects/hours-tracker-505617:test {}
[info] ✔  cloud.firestore: rules file firestore.rules compiled successfully 
[debug] [2026-08-22T03:41:08.426Z] Checked if tokens are valid: true, expires at: 1787373665484
[debug] [2026-08-22T03:41:08.426Z] Checked if tokens are valid: true, expires at: 1787373665484
[debug] [2026-08-22T03:41:08.426Z] >>> [apiv2][query] GET https://firebasehosting.googleapis.com/v1beta1/projects/hours-tracker-505617/sites/hours-tracker-505617 [none]
[debug] [2026-08-22T03:41:08.940Z] <<< [apiv2][status] GET https://firebasehosting.googleapis.com/v1beta1/projects/hours-tracker-505617/sites/hours-tracker-505617 200
[debug] [2026-08-22T03:41:08.941Z] <<< [apiv2][body] GET https://firebasehosting.googleapis.com/v1beta1/projects/hours-tracker-505617/sites/hours-tracker-505617 {"name":"projects/hours-tracker-505617/sites/hours-tracker-505617","defaultUrl":"https://hours-tracker-505617.web.app","appId":"1:1053801277711:web:4ef9a62303536bf2bc367a","type":"DEFAULT_SITE"}
[debug] [2026-08-22T03:41:08.942Z] Checked if tokens are valid: true, expires at: 1787373665484
[debug] [2026-08-22T03:41:08.942Z] Checked if tokens are valid: true, expires at: 1787373665484
[debug] [2026-08-22T03:41:08.942Z] >>> [apiv2][query] POST https://firebasehosting.googleapis.com/v1beta1/projects/-/sites/hours-tracker-505617/versions [none]
[debug] [2026-08-22T03:41:08.942Z] >>> [apiv2][body] POST https://firebasehosting.googleapis.com/v1beta1/projects/-/sites/hours-tracker-505617/versions {"status":"CREATED","labels":{"deployment-tool":"cli-firebase"}}
[debug] [2026-08-22T03:41:09.553Z] <<< [apiv2][status] POST https://firebasehosting.googleapis.com/v1beta1/projects/-/sites/hours-tracker-505617/versions 200
[debug] [2026-08-22T03:41:09.554Z] <<< [apiv2][body] POST https://firebasehosting.googleapis.com/v1beta1/projects/-/sites/hours-tracker-505617/versions {"name":"projects/1053801277711/sites/hours-tracker-505617/versions/f2115cf9896e03c6","status":"CREATED","config":{},"labels":{"deployment-tool":"cli-firebase"}}
[debug] [2026-08-22T03:41:09.555Z] Checked if tokens are valid: true, expires at: 1787373665484
[debug] [2026-08-22T03:41:09.555Z] Checked if tokens are valid: true, expires at: 1787373665484
[debug] [2026-08-22T03:41:09.555Z] >>> [apiv2][query] GET https://firebaserules.googleapis.com/v1/projects/hours-tracker-505617/releases pageSize=10&pageToken=
[debug] [2026-08-22T03:41:09.884Z] <<< [apiv2][status] GET https://firebaserules.googleapis.com/v1/projects/hours-tracker-505617/releases 200
[debug] [2026-08-22T03:41:09.884Z] <<< [apiv2][body] GET https://firebaserules.googleapis.com/v1/projects/hours-tracker-505617/releases {"releases":[{"name":"projects/hours-tracker-505617/releases/cloud.firestore","rulesetName":"projects/hours-tracker-505617/rulesets/d8155497-43d8-4d3f-946b-21ca0f2c3017","createTime":"2026-08-17T00:10:11.110180Z","updateTime":"2026-08-21T18:43:55.976764Z"}]}
[debug] [2026-08-22T03:41:09.885Z] Checked if tokens are valid: true, expires at: 1787373665484
[debug] [2026-08-22T03:41:09.885Z] Checked if tokens are valid: true, expires at: 1787373665484
[debug] [2026-08-22T03:41:09.885Z] >>> [apiv2][query] GET https://firebaserules.googleapis.com/v1/projects/hours-tracker-505617/rulesets/d8155497-43d8-4d3f-946b-21ca0f2c3017 [none]
[debug] [2026-08-22T03:41:10.053Z] <<< [apiv2][status] GET https://firebaserules.googleapis.com/v1/projects/hours-tracker-505617/rulesets/d8155497-43d8-4d3f-946b-21ca0f2c3017 200
[debug] [2026-08-22T03:41:10.053Z] <<< [apiv2][body] GET https://firebaserules.googleapis.com/v1/projects/hours-tracker-505617/rulesets/d8155497-43d8-4d3f-946b-21ca0f2c3017 [omitted]
[info] i  firestore: uploading rules firestore.rules... 
[debug] [2026-08-22T03:41:10.055Z] Checked if tokens are valid: true, expires at: 1787373665484
[debug] [2026-08-22T03:41:10.055Z] Checked if tokens are valid: true, expires at: 1787373665484
[debug] [2026-08-22T03:41:10.056Z] >>> [apiv2][query] POST https://firebaserules.googleapis.com/v1/projects/hours-tracker-505617/rulesets [none]
[debug] [2026-08-22T03:41:10.056Z] >>> [apiv2][body] POST https://firebaserules.googleapis.com/v1/projects/hours-tracker-505617/rulesets [omitted]
[debug] [2026-08-22T03:41:10.272Z] <<< [apiv2][status] POST https://firebaserules.googleapis.com/v1/projects/hours-tracker-505617/rulesets 200
[debug] [2026-08-22T03:41:10.273Z] <<< [apiv2][body] POST https://firebaserules.googleapis.com/v1/projects/hours-tracker-505617/rulesets {"name":"projects/hours-tracker-505617/rulesets/56cc83de-c67c-4241-afd3-e54531f855b1","source":{"files":[{"content":"rules_version = '2';\nservice cloud.firestore {\n  match /databases/{database}/documents {\n    function signedIn() {\n      return request.auth != null && request.auth.token.email_verified == true;\n    }\n\n    function approved() {\n      return signedIn()\n        && request.auth.token.email in [\n          \"sandiepietz@gmail.com\",\n          \"spietzfadap@gmail.com\",\n          \"tspillersfadap@gmail.com\",\n          \"mitchellpietz@gmail.com\"\n        ];\n    }\n\n    match /users/{userId}/entries/{entryId} {\n      allow read, create, update, delete: if approved()\n        && request.auth.uid == userId;\n    }\n\n    match /users/{userId}/quickNotes/{noteId} {\n      allow read, create, update, delete: if approved()\n        && request.auth.uid == userId;\n    }\n  }\n}\n","name":"firestore.rules"}]},"createTime":"2026-08-22T03:41:10.304735Z","metadata":{"services":["cloud.firestore"]}}
[debug] [2026-08-22T03:41:10.273Z] [rules] created ruleset projects/hours-tracker-505617/rulesets/56cc83de-c67c-4241-afd3-e54531f855b1
[info] i  hosting[hours-tracker-505617]: beginning deploy... 
[info] i  hosting[hours-tracker-505617]: found 7 files in firebase-dist 
[debug] [2026-08-22T03:41:10.286Z] [hosting] uploading with 200 concurrency
[debug] [2026-08-22T03:41:10.333Z] Checked if tokens are valid: true, expires at: 1787373665484
[debug] [2026-08-22T03:41:10.333Z] Checked if tokens are valid: true, expires at: 1787373665484
[debug] [2026-08-22T03:41:10.333Z] [hosting] hash cache [ZmlyZWJhc2UtZGlzdA] stored for 7 files
[debug] [2026-08-22T03:41:10.333Z] [hosting][hash queue][FINAL] {"max":44,"min":0,"avg":6.857142857142857,"active":0,"complete":7,"success":7,"errored":0,"retried":0,"total":7,"elapsed":46}
[debug] [2026-08-22T03:41:10.334Z] >>> [apiv2][query] POST https://firebasehosting.googleapis.com/v1beta1/projects/1053801277711/sites/hours-tracker-505617/versions/f2115cf9896e03c6:populateFiles [none]
[debug] [2026-08-22T03:41:10.334Z] >>> [apiv2][body] POST https://firebasehosting.googleapis.com/v1beta1/projects/1053801277711/sites/hours-tracker-505617/versions/f2115cf9896e03c6:populateFiles {"files":{"/window.svg":"32ea868a4067b3f236353dc7f0851952d02ecb0515826d1dd2590e61159b146a","/globe.svg":"a89af50fbe7023054a59f733eab7cc4c89605387c9decd9701536e081f5b607f","/file.svg":"0d4c6b6999e2d6106f033135f4b32598029367bd331608c34c4e4a072ea0b469","/favicon.svg":"f0fc09166d474aacd631f1d6cd9560d37843a8a233ad37eac785909c18823406","/index.html":"dbc61d7372b6171156509d0196067c9f3f731896b9a8c2bf36d0382108347761","/assets/index-B3A5AJiX.css":"707ee213eb144c2ec8010b9b750383d3cc0d3d5797a2927e4777c11b12bd5393","/assets/index-tT16tZ1S.js":"3ba38bfed28163585001ff1898be358632ab1353cbc15670019da5cb16049d22"}}
[debug] [2026-08-22T03:41:10.659Z] <<< [apiv2][status] POST https://firebasehosting.googleapis.com/v1beta1/projects/1053801277711/sites/hours-tracker-505617/versions/f2115cf9896e03c6:populateFiles 200
[debug] [2026-08-22T03:41:10.659Z] <<< [apiv2][body] POST https://firebasehosting.googleapis.com/v1beta1/projects/1053801277711/sites/hours-tracker-505617/versions/f2115cf9896e03c6:populateFiles {"uploadRequiredHashes":["707ee213eb144c2ec8010b9b750383d3cc0d3d5797a2927e4777c11b12bd5393","3ba38bfed28163585001ff1898be358632ab1353cbc15670019da5cb16049d22","dbc61d7372b6171156509d0196067c9f3f731896b9a8c2bf36d0382108347761"],"uploadUrl":"https://upload-firebasehosting.googleapis.com/upload/sites/hours-tracker-505617/versions/f2115cf9896e03c6/files"}
[debug] [2026-08-22T03:41:10.660Z] Checked if tokens are valid: true, expires at: 1787373665484
[debug] [2026-08-22T03:41:10.660Z] Checked if tokens are valid: true, expires at: 1787373665484
[debug] [2026-08-22T03:41:10.660Z] Checked if tokens are valid: true, expires at: 1787373665484
[debug] [2026-08-22T03:41:10.660Z] Checked if tokens are valid: true, expires at: 1787373665484
[debug] [2026-08-22T03:41:10.661Z] Checked if tokens are valid: true, expires at: 1787373665484
[debug] [2026-08-22T03:41:10.661Z] Checked if tokens are valid: true, expires at: 1787373665484
[debug] [2026-08-22T03:41:10.661Z] >>> [apiv2][query] POST https://upload-firebasehosting.googleapis.com/upload/sites/hours-tracker-505617/versions/f2115cf9896e03c6/files/707ee213eb144c2ec8010b9b750383d3cc0d3d5797a2927e4777c11b12bd5393 [none]
[debug] [2026-08-22T03:41:10.661Z] >>> [apiv2][body] POST https://upload-firebasehosting.googleapis.com/upload/sites/hours-tracker-505617/versions/f2115cf9896e03c6/files/707ee213eb144c2ec8010b9b750383d3cc0d3d5797a2927e4777c11b12bd5393 [stream]
[debug] [2026-08-22T03:41:10.663Z] >>> [apiv2][query] POST https://upload-firebasehosting.googleapis.com/upload/sites/hours-tracker-505617/versions/f2115cf9896e03c6/files/3ba38bfed28163585001ff1898be358632ab1353cbc15670019da5cb16049d22 [none]
[debug] [2026-08-22T03:41:10.663Z] >>> [apiv2][body] POST https://upload-firebasehosting.googleapis.com/upload/sites/hours-tracker-505617/versions/f2115cf9896e03c6/files/3ba38bfed28163585001ff1898be358632ab1353cbc15670019da5cb16049d22 [stream]
[debug] [2026-08-22T03:41:10.663Z] >>> [apiv2][query] POST https://upload-firebasehosting.googleapis.com/upload/sites/hours-tracker-505617/versions/f2115cf9896e03c6/files/dbc61d7372b6171156509d0196067c9f3f731896b9a8c2bf36d0382108347761 [none]
[debug] [2026-08-22T03:41:10.663Z] >>> [apiv2][body] POST https://upload-firebasehosting.googleapis.com/upload/sites/hours-tracker-505617/versions/f2115cf9896e03c6/files/dbc61d7372b6171156509d0196067c9f3f731896b9a8c2bf36d0382108347761 [stream]
[debug] [2026-08-22T03:41:10.666Z] [hosting][populate queue][FINAL] {"max":328,"min":328,"avg":328,"active":0,"complete":1,"success":1,"errored":0,"retried":0,"total":1,"elapsed":333}
[debug] [2026-08-22T03:41:10.666Z] [hosting] uploads queued: 3
[debug] [2026-08-22T03:41:11.706Z] <<< [apiv2][status] POST https://upload-firebasehosting.googleapis.com/upload/sites/hours-tracker-505617/versions/f2115cf9896e03c6/files/dbc61d7372b6171156509d0196067c9f3f731896b9a8c2bf36d0382108347761 200
[debug] [2026-08-22T03:41:11.706Z] <<< [apiv2][body] POST https://upload-firebasehosting.googleapis.com/upload/sites/hours-tracker-505617/versions/f2115cf9896e03c6/files/dbc61d7372b6171156509d0196067c9f3f731896b9a8c2bf36d0382108347761 [stream]
[debug] [2026-08-22T03:41:11.707Z] <<< [apiv2][status] POST https://upload-firebasehosting.googleapis.com/upload/sites/hours-tracker-505617/versions/f2115cf9896e03c6/files/3ba38bfed28163585001ff1898be358632ab1353cbc15670019da5cb16049d22 200
[debug] [2026-08-22T03:41:11.708Z] <<< [apiv2][body] POST https://upload-firebasehosting.googleapis.com/upload/sites/hours-tracker-505617/versions/f2115cf9896e03c6/files/3ba38bfed28163585001ff1898be358632ab1353cbc15670019da5cb16049d22 [stream]
[debug] [2026-08-22T03:41:11.709Z] <<< [apiv2][status] POST https://upload-firebasehosting.googleapis.com/upload/sites/hours-tracker-505617/versions/f2115cf9896e03c6/files/707ee213eb144c2ec8010b9b750383d3cc0d3d5797a2927e4777c11b12bd5393 200
[debug] [2026-08-22T03:41:11.709Z] <<< [apiv2][body] POST https://upload-firebasehosting.googleapis.com/upload/sites/hours-tracker-505617/versions/f2115cf9896e03c6/files/707ee213eb144c2ec8010b9b750383d3cc0d3d5797a2927e4777c11b12bd5393 [stream]
[debug] [2026-08-22T03:41:11.709Z] [hosting][upload queue][FINAL] {"max":1050,"min":1047,"avg":1048.3333333333333,"active":0,"complete":3,"success":3,"errored":0,"retried":0,"total":3,"elapsed":1050}
[info] i  hosting: upload complete 
[info] ✔  hosting[hours-tracker-505617]: file upload complete 
[debug] [2026-08-22T03:41:11.710Z] [hosting] deploy completed after 1433ms
[debug] [2026-08-22T03:41:11.710Z] [rules] releasing cloud.firestore with ruleset projects/hours-tracker-505617/rulesets/56cc83de-c67c-4241-afd3-e54531f855b1
[debug] [2026-08-22T03:41:11.711Z] Checked if tokens are valid: true, expires at: 1787373665484
[debug] [2026-08-22T03:41:11.711Z] Checked if tokens are valid: true, expires at: 1787373665484
[debug] [2026-08-22T03:41:11.711Z] >>> [apiv2][query] PATCH https://firebaserules.googleapis.com/v1/projects/hours-tracker-505617/releases/cloud.firestore [none]
[debug] [2026-08-22T03:41:11.711Z] >>> [apiv2][body] PATCH https://firebaserules.googleapis.com/v1/projects/hours-tracker-505617/releases/cloud.firestore {"release":{"name":"projects/hours-tracker-505617/releases/cloud.firestore","rulesetName":"projects/hours-tracker-505617/rulesets/56cc83de-c67c-4241-afd3-e54531f855b1"}}
[debug] [2026-08-22T03:41:12.114Z] <<< [apiv2][status] PATCH https://firebaserules.googleapis.com/v1/projects/hours-tracker-505617/releases/cloud.firestore 200
[debug] [2026-08-22T03:41:12.114Z] <<< [apiv2][body] PATCH https://firebaserules.googleapis.com/v1/projects/hours-tracker-505617/releases/cloud.firestore {"name":"projects/hours-tracker-505617/releases/cloud.firestore","rulesetName":"projects/hours-tracker-505617/rulesets/56cc83de-c67c-4241-afd3-e54531f855b1","createTime":"2026-08-17T00:10:11.110180Z","updateTime":"2026-08-22T03:41:12.113780Z"}
[debug] [2026-08-22T03:41:12.115Z] [rules] updated release projects/hours-tracker-505617/releases/cloud.firestore
[info] ✔  firestore: released rules firestore.rules to cloud.firestore 
[debug] [2026-08-22T03:41:12.115Z] [
  {
    "config": {
      "public": "firebase-dist",
      "ignore": [
        "firebase.json",
        "**/.*",
        "**/node_modules/**"
      ],
      "headers": [
        {
          "source": "/",
          "headers": [
            {
              "key": "Cache-Control",
              "value": "no-cache, no-store, must-revalidate"
            }
          ]
        },
        {
          "source": "**/*.html",
          "headers": [
            {
              "key": "Cache-Control",
              "value": "no-cache, no-store, must-revalidate"
            }
          ]
        },
        {
          "source": "assets/**",
          "headers": [
            {
              "key": "Cache-Control",
              "value": "no-cache, must-revalidate"
            }
          ]
        }
      ],
      "rewrites": [
        {
          "source": "**",
          "destination": "/index.html"
        }
      ],
      "site": "hours-tracker-505617"
    },
    "version": "projects/1053801277711/sites/hours-tracker-505617/versions/f2115cf9896e03c6"
  }
]
[info] i  hosting[hours-tracker-505617]: finalizing version... 
[debug] [2026-08-22T03:41:12.119Z] Checked if tokens are valid: true, expires at: 1787373665484
[debug] [2026-08-22T03:41:12.119Z] Checked if tokens are valid: true, expires at: 1787373665484
[debug] [2026-08-22T03:41:12.119Z] >>> [apiv2][query] PATCH https://firebasehosting.googleapis.com/v1beta1/projects/-/sites/hours-tracker-505617/versions/f2115cf9896e03c6 updateMask=status%2Cconfig
[debug] [2026-08-22T03:41:12.119Z] >>> [apiv2][body] PATCH https://firebasehosting.googleapis.com/v1beta1/projects/-/sites/hours-tracker-505617/versions/f2115cf9896e03c6 {"status":"FINALIZED","config":{"rewrites":[{"glob":"**","path":"/index.html"}],"headers":[{"glob":"/","headers":{"Cache-Control":"no-cache, no-store, must-revalidate"}},{"glob":"**/*.html","headers":{"Cache-Control":"no-cache, no-store, must-revalidate"}},{"glob":"assets/**","headers":{"Cache-Control":"no-cache, must-revalidate"}}]}}
[debug] [2026-08-22T03:41:12.498Z] <<< [apiv2][status] PATCH https://firebasehosting.googleapis.com/v1beta1/projects/-/sites/hours-tracker-505617/versions/f2115cf9896e03c6 200
[debug] [2026-08-22T03:41:12.499Z] <<< [apiv2][body] PATCH https://firebasehosting.googleapis.com/v1beta1/projects/-/sites/hours-tracker-505617/versions/f2115cf9896e03c6 {"name":"projects/1053801277711/sites/hours-tracker-505617/versions/f2115cf9896e03c6","status":"FINALIZED","config":{"headers":[{"headers":{"Cache-Control":"no-cache, no-store, must-revalidate"},"glob":"/"},{"headers":{"Cache-Control":"no-cache, no-store, must-revalidate"},"glob":"**/*.html"},{"headers":{"Cache-Control":"no-cache, must-revalidate"},"glob":"assets/**"}],"rewrites":[{"glob":"**","path":"/index.html"}]},"labels":{"deployment-tool":"cli-firebase"},"createTime":"2026-08-22T03:41:09.162070Z","createUser":{"email":"sandiepietz@gmail.com"},"finalizeTime":"2026-08-22T03:41:12.521852Z","finalizeUser":{"email":"sandiepietz@gmail.com"}}
[debug] [2026-08-22T03:41:12.499Z] [hosting] finalized version for hours-tracker-505617:[object Object]
[info] ✔  hosting[hours-tracker-505617]: version finalized 
[info] i  hosting[hours-tracker-505617]: releasing new version... 
[debug] [2026-08-22T03:41:12.499Z] Checked if tokens are valid: true, expires at: 1787373665484
[debug] [2026-08-22T03:41:12.500Z] Checked if tokens are valid: true, expires at: 1787373665484
[debug] [2026-08-22T03:41:12.500Z] >>> [apiv2][query] POST https://firebasehosting.googleapis.com/v1beta1/projects/-/sites/hours-tracker-505617/channels/live/releases versionName=projects%2F1053801277711%2Fsites%2Fhours-tracker-505617%2Fversions%2Ff2115cf9896e03c6
[debug] [2026-08-22T03:41:12.500Z] >>> [apiv2][body] POST https://firebasehosting.googleapis.com/v1beta1/projects/-/sites/hours-tracker-505617/channels/live/releases {}
[debug] [2026-08-22T03:41:12.829Z] <<< [apiv2][status] POST https://firebasehosting.googleapis.com/v1beta1/projects/-/sites/hours-tracker-505617/channels/live/releases 200
[debug] [2026-08-26T21:16:20.236Z] ----------------------------------------------------------------------
[debug] [2026-08-26T21:16:20.239Z] Command:       /usr/local/bin/node /usr/local/bin/firebase deploy --only hosting
[debug] [2026-08-26T21:16:20.239Z] CLI Version:   15.28.1
[debug] [2026-08-26T21:16:20.239Z] Platform:      darwin
[debug] [2026-08-26T21:16:20.239Z] Node Version:  v24.19.0
[debug] [2026-08-26T21:16:20.240Z] Detected Agent: codex_cli
[debug] [2026-08-26T21:16:20.240Z] Time:          Wed Aug 26 2026 14:16:20 GMT-0700 (Mountain Standard Time)
[debug] [2026-08-26T21:16:20.240Z] ----------------------------------------------------------------------
[debug] 
[debug] [2026-08-26T21:16:20.247Z] >>> [apiv2][query] GET https://firebase-public.firebaseio.com/cli.json [none]
[debug] [2026-08-26T21:16:20.707Z] > command requires scopes: ["email","openid","https://www.googleapis.com/auth/cloudplatformprojects.readonly","https://www.googleapis.com/auth/firebase","https://www.googleapis.com/auth/cloud-platform"]
[debug] [2026-08-26T21:16:20.707Z] > authorizing via signed-in user (sandiepietz@gmail.com)
[debug] [2026-08-26T21:16:20.707Z] [iam] checking project hours-tracker-505617 for permissions ["firebase.projects.get","firebasehosting.sites.update"]
[debug] [2026-08-26T21:16:20.708Z] Checked if tokens are valid: false, expires at: 1787373665484
[debug] [2026-08-26T21:16:20.708Z] Checked if tokens are valid: false, expires at: 1787373665484
[debug] [2026-08-26T21:16:20.708Z] > refreshing access token with scopes: []
[debug] [2026-08-26T21:16:20.713Z] >>> [apiv2][query] POST https://www.googleapis.com/oauth2/v3/token [none]
[debug] [2026-08-26T21:16:20.713Z] >>> [apiv2][body] POST https://www.googleapis.com/oauth2/v3/token [omitted]
[debug] [2026-08-26T21:16:20.889Z] <<< [apiv2][status] POST https://www.googleapis.com/oauth2/v3/token 200
[debug] [2026-08-26T21:16:20.889Z] <<< [apiv2][body] POST https://www.googleapis.com/oauth2/v3/token [omitted]
[debug] [2026-08-26T21:16:20.900Z] >>> [apiv2][query] POST https://cloudresourcemanager.googleapis.com/v1/projects/hours-tracker-505617:testIamPermissions [none]
[debug] [2026-08-26T21:16:20.901Z] >>> [apiv2][(partial)header] POST https://cloudresourcemanager.googleapis.com/v1/projects/hours-tracker-505617:testIamPermissions  x-goog-user-project=hours-tracker-505617
[debug] [2026-08-26T21:16:20.901Z] >>> [apiv2][body] POST https://cloudresourcemanager.googleapis.com/v1/projects/hours-tracker-505617:testIamPermissions {"permissions":["firebase.projects.get","firebasehosting.sites.update"]}
[debug] [2026-08-26T21:16:20.917Z] <<< [apiv2][status] GET https://firebase-public.firebaseio.com/cli.json 200
[debug] [2026-08-26T21:16:20.917Z] <<< [apiv2][body] GET https://firebase-public.firebaseio.com/cli.json {"cloudBuildErrorAfter":1594252800000,"cloudBuildWarnAfter":1590019200000,"defaultNode10After":1594252800000,"minVersion":"3.0.5","node8DeploysDisabledAfter":1613390400000,"node8RuntimeDisabledAfter":1615809600000,"node8WarnAfter":1600128000000}
[debug] [2026-08-26T21:16:21.260Z] <<< [apiv2][status] POST https://cloudresourcemanager.googleapis.com/v1/projects/hours-tracker-505617:testIamPermissions 200
[debug] [2026-08-26T21:16:21.260Z] <<< [apiv2][body] POST https://cloudresourcemanager.googleapis.com/v1/projects/hours-tracker-505617:testIamPermissions {"permissions":["firebase.projects.get","firebasehosting.sites.update"]}
[debug] [2026-08-26T21:16:21.260Z] Checked if tokens are valid: true, expires at: 1787782579889
[debug] [2026-08-26T21:16:21.260Z] Checked if tokens are valid: true, expires at: 1787782579889
[debug] [2026-08-26T21:16:21.260Z] >>> [apiv2][query] GET https://firebase.googleapis.com/v1beta1/projects/hours-tracker-505617 [none]
[debug] [2026-08-26T21:16:21.551Z] <<< [apiv2][status] GET https://firebase.googleapis.com/v1beta1/projects/hours-tracker-505617 200
[debug] [2026-08-26T21:16:21.551Z] <<< [apiv2][body] GET https://firebase.googleapis.com/v1beta1/projects/hours-tracker-505617 {"projectId":"hours-tracker-505617","projectNumber":"1053801277711","displayName":"Hours Tracker","name":"projects/hours-tracker-505617","resources":{"hostingSite":"hours-tracker-505617"},"state":"ACTIVE","labels":{"firebase":"enabled"},"etag":"1_9b67e5f4-0d64-458f-acc0-b5264089e54e"}
[info] 
[info] === Deploying to 'hours-tracker-505617'...
[info] 
[info] i  deploying hosting 
[debug] [2026-08-26T21:16:21.554Z] Checked if tokens are valid: true, expires at: 1787782579889
[debug] [2026-08-26T21:16:21.554Z] Checked if tokens are valid: true, expires at: 1787782579889
[debug] [2026-08-26T21:16:21.554Z] >>> [apiv2][query] GET https://firebasehosting.googleapis.com/v1beta1/projects/hours-tracker-505617/sites/hours-tracker-505617 [none]
[debug] [2026-08-26T21:16:21.981Z] <<< [apiv2][status] GET https://firebasehosting.googleapis.com/v1beta1/projects/hours-tracker-505617/sites/hours-tracker-505617 200
[debug] [2026-08-26T21:16:21.982Z] <<< [apiv2][body] GET https://firebasehosting.googleapis.com/v1beta1/projects/hours-tracker-505617/sites/hours-tracker-505617 {"name":"projects/hours-tracker-505617/sites/hours-tracker-505617","defaultUrl":"https://hours-tracker-505617.web.app","appId":"1:1053801277711:web:4ef9a62303536bf2bc367a","type":"DEFAULT_SITE"}
[debug] [2026-08-26T21:16:21.983Z] Checked if tokens are valid: true, expires at: 1787782579889
[debug] [2026-08-26T21:16:21.983Z] Checked if tokens are valid: true, expires at: 1787782579889
[debug] [2026-08-26T21:16:21.983Z] >>> [apiv2][query] POST https://firebasehosting.googleapis.com/v1beta1/projects/-/sites/hours-tracker-505617/versions [none]
[debug] [2026-08-26T21:16:21.983Z] >>> [apiv2][body] POST https://firebasehosting.googleapis.com/v1beta1/projects/-/sites/hours-tracker-505617/versions {"status":"CREATED","labels":{"deployment-tool":"cli-firebase"}}
[debug] [2026-08-26T21:16:22.555Z] <<< [apiv2][status] POST https://firebasehosting.googleapis.com/v1beta1/projects/-/sites/hours-tracker-505617/versions 200
[debug] [2026-08-26T21:16:22.555Z] <<< [apiv2][body] POST https://firebasehosting.googleapis.com/v1beta1/projects/-/sites/hours-tracker-505617/versions {"name":"projects/1053801277711/sites/hours-tracker-505617/versions/6b5811b20b53d02f","status":"CREATED","config":{},"labels":{"deployment-tool":"cli-firebase"}}
[info] i  hosting[hours-tracker-505617]: beginning deploy... 
[info] i  hosting[hours-tracker-505617]: found 7 files in firebase-dist 
[debug] [2026-08-26T21:16:22.568Z] [hosting] uploading with 200 concurrency
[debug] [2026-08-26T21:16:22.607Z] Checked if tokens are valid: true, expires at: 1787782579889
[debug] [2026-08-26T21:16:22.607Z] Checked if tokens are valid: true, expires at: 1787782579889
[debug] [2026-08-26T21:16:22.607Z] [hosting] hash cache [ZmlyZWJhc2UtZGlzdA] stored for 7 files
[debug] [2026-08-26T21:16:22.607Z] [hosting][hash queue][FINAL] {"max":38,"min":1,"avg":6.428571428571429,"active":0,"complete":7,"success":7,"errored":0,"retried":0,"total":7,"elapsed":38}
[debug] [2026-08-26T21:16:22.608Z] >>> [apiv2][query] POST https://firebasehosting.googleapis.com/v1beta1/projects/1053801277711/sites/hours-tracker-505617/versions/6b5811b20b53d02f:populateFiles [none]
[debug] [2026-08-26T21:16:22.608Z] >>> [apiv2][body] POST https://firebasehosting.googleapis.com/v1beta1/projects/1053801277711/sites/hours-tracker-505617/versions/6b5811b20b53d02f:populateFiles {"files":{"/window.svg":"32ea868a4067b3f236353dc7f0851952d02ecb0515826d1dd2590e61159b146a","/globe.svg":"a89af50fbe7023054a59f733eab7cc4c89605387c9decd9701536e081f5b607f","/file.svg":"0d4c6b6999e2d6106f033135f4b32598029367bd331608c34c4e4a072ea0b469","/favicon.svg":"f0fc09166d474aacd631f1d6cd9560d37843a8a233ad37eac785909c18823406","/assets/index-B3A5AJiX.css":"707ee213eb144c2ec8010b9b750383d3cc0d3d5797a2927e4777c11b12bd5393","/index.html":"29f5889bb0411a94b78c399e3840bd5982967a600b4a06f1a8b378fed181ba82","/assets/index-tT16tZ1S.js":"7c9bc1c7656fa9098bd80935b26500cdb04be75db426d8407f6ed30ca45dc0ab"}}
[debug] [2026-08-26T21:16:22.964Z] <<< [apiv2][status] POST https://firebasehosting.googleapis.com/v1beta1/projects/1053801277711/sites/hours-tracker-505617/versions/6b5811b20b53d02f:populateFiles 200
[debug] [2026-08-26T21:16:22.965Z] <<< [apiv2][body] POST https://firebasehosting.googleapis.com/v1beta1/projects/1053801277711/sites/hours-tracker-505617/versions/6b5811b20b53d02f:populateFiles {"uploadRequiredHashes":["29f5889bb0411a94b78c399e3840bd5982967a600b4a06f1a8b378fed181ba82","7c9bc1c7656fa9098bd80935b26500cdb04be75db426d8407f6ed30ca45dc0ab"],"uploadUrl":"https://upload-firebasehosting.googleapis.com/upload/sites/hours-tracker-505617/versions/6b5811b20b53d02f/files"}
[debug] [2026-08-26T21:16:22.965Z] Checked if tokens are valid: true, expires at: 1787782579889
[debug] [2026-08-26T21:16:22.966Z] Checked if tokens are valid: true, expires at: 1787782579889
[debug] [2026-08-26T21:16:22.966Z] Checked if tokens are valid: true, expires at: 1787782579889
[debug] [2026-08-26T21:16:22.966Z] Checked if tokens are valid: true, expires at: 1787782579889
[debug] [2026-08-26T21:16:22.967Z] >>> [apiv2][query] POST https://upload-firebasehosting.googleapis.com/upload/sites/hours-tracker-505617/versions/6b5811b20b53d02f/files/29f5889bb0411a94b78c399e3840bd5982967a600b4a06f1a8b378fed181ba82 [none]
[debug] [2026-08-26T21:16:22.967Z] >>> [apiv2][body] POST https://upload-firebasehosting.googleapis.com/upload/sites/hours-tracker-505617/versions/6b5811b20b53d02f/files/29f5889bb0411a94b78c399e3840bd5982967a600b4a06f1a8b378fed181ba82 [stream]
[debug] [2026-08-26T21:16:22.970Z] >>> [apiv2][query] POST https://upload-firebasehosting.googleapis.com/upload/sites/hours-tracker-505617/versions/6b5811b20b53d02f/files/7c9bc1c7656fa9098bd80935b26500cdb04be75db426d8407f6ed30ca45dc0ab [none]
[debug] [2026-08-26T21:16:22.970Z] >>> [apiv2][body] POST https://upload-firebasehosting.googleapis.com/upload/sites/hours-tracker-505617/versions/6b5811b20b53d02f/files/7c9bc1c7656fa9098bd80935b26500cdb04be75db426d8407f6ed30ca45dc0ab [stream]
[debug] [2026-08-26T21:16:22.972Z] [hosting][populate queue][FINAL] {"max":359,"min":359,"avg":359,"active":0,"complete":1,"success":1,"errored":0,"retried":0,"total":1,"elapsed":365}
[debug] [2026-08-26T21:16:22.972Z] [hosting] uploads queued: 2
[debug] [2026-08-26T21:16:24.069Z] <<< [apiv2][status] POST https://upload-firebasehosting.googleapis.com/upload/sites/hours-tracker-505617/versions/6b5811b20b53d02f/files/29f5889bb0411a94b78c399e3840bd5982967a600b4a06f1a8b378fed181ba82 200
[debug] [2026-08-26T21:16:24.069Z] <<< [apiv2][body] POST https://upload-firebasehosting.googleapis.com/upload/sites/hours-tracker-505617/versions/6b5811b20b53d02f/files/29f5889bb0411a94b78c399e3840bd5982967a600b4a06f1a8b378fed181ba82 [stream]
[debug] [2026-08-26T21:16:24.079Z] <<< [apiv2][status] POST https://upload-firebasehosting.googleapis.com/upload/sites/hours-tracker-505617/versions/6b5811b20b53d02f/files/7c9bc1c7656fa9098bd80935b26500cdb04be75db426d8407f6ed30ca45dc0ab 200
[debug] [2026-08-26T21:16:24.080Z] <<< [apiv2][body] POST https://upload-firebasehosting.googleapis.com/upload/sites/hours-tracker-505617/versions/6b5811b20b53d02f/files/7c9bc1c7656fa9098bd80935b26500cdb04be75db426d8407f6ed30ca45dc0ab [stream]
[debug] [2026-08-26T21:16:24.080Z] [hosting][upload queue][FINAL] {"max":1114,"min":1104,"avg":1109,"active":0,"complete":2,"success":2,"errored":0,"retried":0,"total":2,"elapsed":1115}
[info] i  hosting: upload complete 
[info] ✔  hosting[hours-tracker-505617]: file upload complete 
[debug] [2026-08-26T21:16:24.080Z] [hosting] deploy completed after 1522ms
[debug] [2026-08-26T21:16:24.081Z] [
  {
    "config": {
      "public": "firebase-dist",
      "ignore": [
        "firebase.json",
        "**/.*",
        "**/node_modules/**"
      ],
      "headers": [
        {
          "source": "/",
          "headers": [
            {
              "key": "Cache-Control",
              "value": "no-cache, no-store, must-revalidate"
            }
          ]
        },
        {
          "source": "**/*.html",
          "headers": [
            {
              "key": "Cache-Control",
              "value": "no-cache, no-store, must-revalidate"
            }
          ]
        },
        {
          "source": "assets/**",
          "headers": [
            {
              "key": "Cache-Control",
              "value": "no-cache, must-revalidate"
            }
          ]
        }
      ],
      "rewrites": [
        {
          "source": "**",
          "destination": "/index.html"
        }
      ],
      "site": "hours-tracker-505617"
    },
    "version": "projects/1053801277711/sites/hours-tracker-505617/versions/6b5811b20b53d02f"
  }
]
[info] i  hosting[hours-tracker-505617]: finalizing version... 
[debug] [2026-08-26T21:16:24.089Z] Checked if tokens are valid: true, expires at: 1787782579889
[debug] [2026-08-26T21:16:24.089Z] Checked if tokens are valid: true, expires at: 1787782579889
[debug] [2026-08-26T21:16:24.089Z] >>> [apiv2][query] PATCH https://firebasehosting.googleapis.com/v1beta1/projects/-/sites/hours-tracker-505617/versions/6b5811b20b53d02f updateMask=status%2Cconfig
[debug] [2026-08-26T21:16:24.089Z] >>> [apiv2][body] PATCH https://firebasehosting.googleapis.com/v1beta1/projects/-/sites/hours-tracker-505617/versions/6b5811b20b53d02f {"status":"FINALIZED","config":{"rewrites":[{"glob":"**","path":"/index.html"}],"headers":[{"glob":"/","headers":{"Cache-Control":"no-cache, no-store, must-revalidate"}},{"glob":"**/*.html","headers":{"Cache-Control":"no-cache, no-store, must-revalidate"}},{"glob":"assets/**","headers":{"Cache-Control":"no-cache, must-revalidate"}}]}}
[debug] [2026-08-26T21:16:24.788Z] <<< [apiv2][status] PATCH https://firebasehosting.googleapis.com/v1beta1/projects/-/sites/hours-tracker-505617/versions/6b5811b20b53d02f 200
[debug] [2026-08-26T21:16:24.788Z] <<< [apiv2][body] PATCH https://firebasehosting.googleapis.com/v1beta1/projects/-/sites/hours-tracker-505617/versions/6b5811b20b53d02f {"name":"projects/1053801277711/sites/hours-tracker-505617/versions/6b5811b20b53d02f","status":"FINALIZED","config":{"headers":[{"headers":{"Cache-Control":"no-cache, no-store, must-revalidate"},"glob":"/"},{"headers":{"Cache-Control":"no-cache, no-store, must-revalidate"},"glob":"**/*.html"},{"headers":{"Cache-Control":"no-cache, must-revalidate"},"glob":"assets/**"}],"rewrites":[{"glob":"**","path":"/index.html"}]},"labels":{"deployment-tool":"cli-firebase"},"createTime":"2026-08-26T21:16:22.277627Z","createUser":{"email":"sandiepietz@gmail.com"},"finalizeTime":"2026-08-26T21:16:24.708685Z","finalizeUser":{"email":"sandiepietz@gmail.com"}}
[debug] [2026-08-26T21:16:24.788Z] [hosting] finalized version for hours-tracker-505617:[object Object]
[info] ✔  hosting[hours-tracker-505617]: version finalized 
[info] i  hosting[hours-tracker-505617]: releasing new version... 
[debug] [2026-08-26T21:16:24.789Z] Checked if tokens are valid: true, expires at: 1787782579889
[debug] [2026-08-26T21:16:24.789Z] Checked if tokens are valid: true, expires at: 1787782579889
[debug] [2026-08-26T21:16:24.789Z] >>> [apiv2][query] POST https://firebasehosting.googleapis.com/v1beta1/projects/-/sites/hours-tracker-505617/channels/live/releases versionName=projects%2F1053801277711%2Fsites%2Fhours-tracker-505617%2Fversions%2F6b5811b20b53d02f
[debug] [2026-08-26T21:16:24.789Z] >>> [apiv2][body] POST https://firebasehosting.googleapis.com/v1beta1/projects/-/sites/hours-tracker-505617/channels/live/releases {}
[debug] [2026-08-26T21:16:25.120Z] <<< [apiv2][status] POST https://firebasehosting.googleapis.com/v1beta1/projects/-/sites/hours-tracker-505617/channels/live/releases 200
[debug] [2026-08-26T22:11:21.585Z] ----------------------------------------------------------------------
[debug] [2026-08-26T22:11:21.588Z] Command:       /usr/local/bin/node /usr/local/bin/firebase deploy --only hosting
[debug] [2026-08-26T22:11:21.588Z] CLI Version:   15.28.1
[debug] [2026-08-26T22:11:21.588Z] Platform:      darwin
[debug] [2026-08-26T22:11:21.588Z] Node Version:  v24.19.0
[debug] [2026-08-26T22:11:21.588Z] Detected Agent: codex_cli
[debug] [2026-08-26T22:11:21.588Z] Time:          Wed Aug 26 2026 15:11:21 GMT-0700 (Mountain Standard Time)
[debug] [2026-08-26T22:11:21.589Z] ----------------------------------------------------------------------
[debug] 
[debug] [2026-08-26T22:11:22.021Z] > command requires scopes: ["email","openid","https://www.googleapis.com/auth/cloudplatformprojects.readonly","https://www.googleapis.com/auth/firebase","https://www.googleapis.com/auth/cloud-platform"]
[debug] [2026-08-26T22:11:22.021Z] > authorizing via signed-in user (sandiepietz@gmail.com)
[debug] [2026-08-26T22:11:22.021Z] [iam] checking project hours-tracker-505617 for permissions ["firebase.projects.get","firebasehosting.sites.update"]
[debug] [2026-08-26T22:11:22.029Z] Checked if tokens are valid: false, expires at: 1787782579889
[debug] [2026-08-26T22:11:22.029Z] Checked if tokens are valid: false, expires at: 1787782579889
[debug] [2026-08-26T22:11:22.029Z] > refreshing access token with scopes: []
[debug] [2026-08-26T22:11:22.030Z] >>> [apiv2][query] POST https://www.googleapis.com/oauth2/v3/token [none]
[debug] [2026-08-26T22:11:22.030Z] >>> [apiv2][body] POST https://www.googleapis.com/oauth2/v3/token [omitted]
[debug] [2026-08-26T22:11:22.233Z] <<< [apiv2][status] POST https://www.googleapis.com/oauth2/v3/token 200
[debug] [2026-08-26T22:11:22.233Z] <<< [apiv2][body] POST https://www.googleapis.com/oauth2/v3/token [omitted]
[debug] [2026-08-26T22:11:22.245Z] >>> [apiv2][query] POST https://cloudresourcemanager.googleapis.com/v1/projects/hours-tracker-505617:testIamPermissions [none]
[debug] [2026-08-26T22:11:22.245Z] >>> [apiv2][(partial)header] POST https://cloudresourcemanager.googleapis.com/v1/projects/hours-tracker-505617:testIamPermissions  x-goog-user-project=hours-tracker-505617
[debug] [2026-08-26T22:11:22.245Z] >>> [apiv2][body] POST https://cloudresourcemanager.googleapis.com/v1/projects/hours-tracker-505617:testIamPermissions {"permissions":["firebase.projects.get","firebasehosting.sites.update"]}
[debug] [2026-08-26T22:11:22.437Z] <<< [apiv2][status] POST https://cloudresourcemanager.googleapis.com/v1/projects/hours-tracker-505617:testIamPermissions 200
[debug] [2026-08-26T22:11:22.437Z] <<< [apiv2][body] POST https://cloudresourcemanager.googleapis.com/v1/projects/hours-tracker-505617:testIamPermissions {"permissions":["firebase.projects.get","firebasehosting.sites.update"]}
[debug] [2026-08-26T22:11:22.438Z] Checked if tokens are valid: true, expires at: 1787785881233
[debug] [2026-08-26T22:11:22.438Z] Checked if tokens are valid: true, expires at: 1787785881233
[debug] [2026-08-26T22:11:22.438Z] >>> [apiv2][query] GET https://firebase.googleapis.com/v1beta1/projects/hours-tracker-505617 [none]
[debug] [2026-08-26T22:11:22.713Z] <<< [apiv2][status] GET https://firebase.googleapis.com/v1beta1/projects/hours-tracker-505617 200
[debug] [2026-08-26T22:11:22.714Z] <<< [apiv2][body] GET https://firebase.googleapis.com/v1beta1/projects/hours-tracker-505617 {"projectId":"hours-tracker-505617","projectNumber":"1053801277711","displayName":"Hours Tracker","name":"projects/hours-tracker-505617","resources":{"hostingSite":"hours-tracker-505617"},"state":"ACTIVE","labels":{"firebase":"enabled"},"etag":"1_9b67e5f4-0d64-458f-acc0-b5264089e54e"}
[info] 
[info] === Deploying to 'hours-tracker-505617'...
[info] 
[info] i  deploying hosting 
[debug] [2026-08-26T22:11:22.716Z] Checked if tokens are valid: true, expires at: 1787785881233
[debug] [2026-08-26T22:11:22.716Z] Checked if tokens are valid: true, expires at: 1787785881233
[debug] [2026-08-26T22:11:22.716Z] >>> [apiv2][query] GET https://firebasehosting.googleapis.com/v1beta1/projects/hours-tracker-505617/sites/hours-tracker-505617 [none]
[debug] [2026-08-26T22:11:23.497Z] <<< [apiv2][status] GET https://firebasehosting.googleapis.com/v1beta1/projects/hours-tracker-505617/sites/hours-tracker-505617 200
[debug] [2026-08-26T22:11:23.497Z] <<< [apiv2][body] GET https://firebasehosting.googleapis.com/v1beta1/projects/hours-tracker-505617/sites/hours-tracker-505617 {"name":"projects/hours-tracker-505617/sites/hours-tracker-505617","defaultUrl":"https://hours-tracker-505617.web.app","appId":"1:1053801277711:web:4ef9a62303536bf2bc367a","type":"DEFAULT_SITE"}
[debug] [2026-08-26T22:11:23.498Z] Checked if tokens are valid: true, expires at: 1787785881233
[debug] [2026-08-26T22:11:23.498Z] Checked if tokens are valid: true, expires at: 1787785881233
[debug] [2026-08-26T22:11:23.499Z] >>> [apiv2][query] POST https://firebasehosting.googleapis.com/v1beta1/projects/-/sites/hours-tracker-505617/versions [none]
[debug] [2026-08-26T22:11:23.499Z] >>> [apiv2][body] POST https://firebasehosting.googleapis.com/v1beta1/projects/-/sites/hours-tracker-505617/versions {"status":"CREATED","labels":{"deployment-tool":"cli-firebase"}}
[debug] [2026-08-26T22:11:24.008Z] <<< [apiv2][status] POST https://firebasehosting.googleapis.com/v1beta1/projects/-/sites/hours-tracker-505617/versions 200
[debug] [2026-08-26T22:11:24.009Z] <<< [apiv2][body] POST https://firebasehosting.googleapis.com/v1beta1/projects/-/sites/hours-tracker-505617/versions {"name":"projects/1053801277711/sites/hours-tracker-505617/versions/137ebd98583b2586","status":"CREATED","config":{},"labels":{"deployment-tool":"cli-firebase"}}
[info] i  hosting[hours-tracker-505617]: beginning deploy... 
[info] i  hosting[hours-tracker-505617]: found 7 files in firebase-dist 
[debug] [2026-08-26T22:11:24.022Z] [hosting] uploading with 200 concurrency
[debug] [2026-08-26T22:11:24.069Z] Checked if tokens are valid: true, expires at: 1787785881233
[debug] [2026-08-26T22:11:24.069Z] Checked if tokens are valid: true, expires at: 1787785881233
[debug] [2026-08-26T22:11:24.069Z] [hosting] hash cache [ZmlyZWJhc2UtZGlzdA] stored for 7 files
[debug] [2026-08-26T22:11:24.070Z] [hosting][hash queue][FINAL] {"max":45,"min":0,"avg":6.857142857142857,"active":0,"complete":7,"success":7,"errored":0,"retried":0,"total":7,"elapsed":47}
[debug] [2026-08-26T22:11:24.070Z] >>> [apiv2][query] POST https://firebasehosting.googleapis.com/v1beta1/projects/1053801277711/sites/hours-tracker-505617/versions/137ebd98583b2586:populateFiles [none]
[debug] [2026-08-26T22:11:24.070Z] >>> [apiv2][body] POST https://firebasehosting.googleapis.com/v1beta1/projects/1053801277711/sites/hours-tracker-505617/versions/137ebd98583b2586:populateFiles {"files":{"/window.svg":"32ea868a4067b3f236353dc7f0851952d02ecb0515826d1dd2590e61159b146a","/globe.svg":"a89af50fbe7023054a59f733eab7cc4c89605387c9decd9701536e081f5b607f","/file.svg":"0d4c6b6999e2d6106f033135f4b32598029367bd331608c34c4e4a072ea0b469","/favicon.svg":"f0fc09166d474aacd631f1d6cd9560d37843a8a233ad37eac785909c18823406","/assets/index-B3A5AJiX.css":"707ee213eb144c2ec8010b9b750383d3cc0d3d5797a2927e4777c11b12bd5393","/index.html":"ab5fa0491f4c40310ef96cf08cea98aa99c3b146526dd077509af83b575d36c1","/assets/index-tT16tZ1S.js":"fd4c2c86a5d0232084ff482000dbfa052b2f58601d32644276c1755d7654d9a3"}}
[debug] [2026-08-26T22:11:24.522Z] <<< [apiv2][status] POST https://firebasehosting.googleapis.com/v1beta1/projects/1053801277711/sites/hours-tracker-505617/versions/137ebd98583b2586:populateFiles 200
[debug] [2026-08-26T22:11:24.522Z] <<< [apiv2][body] POST https://firebasehosting.googleapis.com/v1beta1/projects/1053801277711/sites/hours-tracker-505617/versions/137ebd98583b2586:populateFiles {"uploadRequiredHashes":["ab5fa0491f4c40310ef96cf08cea98aa99c3b146526dd077509af83b575d36c1","fd4c2c86a5d0232084ff482000dbfa052b2f58601d32644276c1755d7654d9a3"],"uploadUrl":"https://upload-firebasehosting.googleapis.com/upload/sites/hours-tracker-505617/versions/137ebd98583b2586/files"}
[debug] [2026-08-26T22:11:24.523Z] Checked if tokens are valid: true, expires at: 1787785881233
[debug] [2026-08-26T22:11:24.523Z] Checked if tokens are valid: true, expires at: 1787785881233
[debug] [2026-08-26T22:11:24.523Z] Checked if tokens are valid: true, expires at: 1787785881233
[debug] [2026-08-26T22:11:24.523Z] Checked if tokens are valid: true, expires at: 1787785881233
[debug] [2026-08-26T22:11:24.524Z] >>> [apiv2][query] POST https://upload-firebasehosting.googleapis.com/upload/sites/hours-tracker-505617/versions/137ebd98583b2586/files/ab5fa0491f4c40310ef96cf08cea98aa99c3b146526dd077509af83b575d36c1 [none]
[debug] [2026-08-26T22:11:24.524Z] >>> [apiv2][body] POST https://upload-firebasehosting.googleapis.com/upload/sites/hours-tracker-505617/versions/137ebd98583b2586/files/ab5fa0491f4c40310ef96cf08cea98aa99c3b146526dd077509af83b575d36c1 [stream]
[debug] [2026-08-26T22:11:24.525Z] >>> [apiv2][query] POST https://upload-firebasehosting.googleapis.com/upload/sites/hours-tracker-505617/versions/137ebd98583b2586/files/fd4c2c86a5d0232084ff482000dbfa052b2f58601d32644276c1755d7654d9a3 [none]
[debug] [2026-08-26T22:11:24.526Z] >>> [apiv2][body] POST https://upload-firebasehosting.googleapis.com/upload/sites/hours-tracker-505617/versions/137ebd98583b2586/files/fd4c2c86a5d0232084ff482000dbfa052b2f58601d32644276c1755d7654d9a3 [stream]
[debug] [2026-08-26T22:11:24.528Z] [hosting][populate queue][FINAL] {"max":455,"min":455,"avg":455,"active":0,"complete":1,"success":1,"errored":0,"retried":0,"total":1,"elapsed":459}
[debug] [2026-08-26T22:11:24.528Z] [hosting] uploads queued: 2
[debug] [2026-08-26T22:11:25.854Z] <<< [apiv2][status] POST https://upload-firebasehosting.googleapis.com/upload/sites/hours-tracker-505617/versions/137ebd98583b2586/files/ab5fa0491f4c40310ef96cf08cea98aa99c3b146526dd077509af83b575d36c1 200
[debug] [2026-08-26T22:11:25.855Z] <<< [apiv2][body] POST https://upload-firebasehosting.googleapis.com/upload/sites/hours-tracker-505617/versions/137ebd98583b2586/files/ab5fa0491f4c40310ef96cf08cea98aa99c3b146526dd077509af83b575d36c1 [stream]
[debug] [2026-08-26T22:11:25.925Z] <<< [apiv2][status] POST https://upload-firebasehosting.googleapis.com/upload/sites/hours-tracker-505617/versions/137ebd98583b2586/files/fd4c2c86a5d0232084ff482000dbfa052b2f58601d32644276c1755d7654d9a3 200
[debug] [2026-08-26T22:11:25.925Z] <<< [apiv2][body] POST https://upload-firebasehosting.googleapis.com/upload/sites/hours-tracker-505617/versions/137ebd98583b2586/files/fd4c2c86a5d0232084ff482000dbfa052b2f58601d32644276c1755d7654d9a3 [stream]
[debug] [2026-08-26T22:11:25.926Z] [hosting][upload queue][FINAL] {"max":1403,"min":1333,"avg":1368,"active":0,"complete":2,"success":2,"errored":0,"retried":0,"total":2,"elapsed":1404}
[info] i  hosting: upload complete 
[info] ✔  hosting[hours-tracker-505617]: file upload complete 
[debug] [2026-08-26T22:11:25.926Z] [hosting] deploy completed after 1914ms
[debug] [2026-08-26T22:11:25.927Z] [
  {
    "config": {
      "public": "firebase-dist",
      "ignore": [
        "firebase.json",
        "**/.*",
        "**/node_modules/**"
      ],
      "headers": [
        {
          "source": "/",
          "headers": [
            {
              "key": "Cache-Control",
              "value": "no-cache, no-store, must-revalidate"
            }
          ]
        },
        {
          "source": "**/*.html",
          "headers": [
            {
              "key": "Cache-Control",
              "value": "no-cache, no-store, must-revalidate"
            }
          ]
        },
        {
          "source": "assets/**",
          "headers": [
            {
              "key": "Cache-Control",
              "value": "no-cache, must-revalidate"
            }
          ]
        }
      ],
      "rewrites": [
        {
          "source": "**",
          "destination": "/index.html"
        }
      ],
      "site": "hours-tracker-505617"
    },
    "version": "projects/1053801277711/sites/hours-tracker-505617/versions/137ebd98583b2586"
  }
]
[info] i  hosting[hours-tracker-505617]: finalizing version... 
[debug] [2026-08-26T22:11:25.928Z] Checked if tokens are valid: true, expires at: 1787785881233
[debug] [2026-08-26T22:11:25.928Z] Checked if tokens are valid: true, expires at: 1787785881233
[debug] [2026-08-26T22:11:25.929Z] >>> [apiv2][query] PATCH https://firebasehosting.googleapis.com/v1beta1/projects/-/sites/hours-tracker-505617/versions/137ebd98583b2586 updateMask=status%2Cconfig
[debug] [2026-08-26T22:11:25.929Z] >>> [apiv2][body] PATCH https://firebasehosting.googleapis.com/v1beta1/projects/-/sites/hours-tracker-505617/versions/137ebd98583b2586 {"status":"FINALIZED","config":{"rewrites":[{"glob":"**","path":"/index.html"}],"headers":[{"glob":"/","headers":{"Cache-Control":"no-cache, no-store, must-revalidate"}},{"glob":"**/*.html","headers":{"Cache-Control":"no-cache, no-store, must-revalidate"}},{"glob":"assets/**","headers":{"Cache-Control":"no-cache, must-revalidate"}}]}}
[debug] [2026-08-26T22:11:26.214Z] <<< [apiv2][status] PATCH https://firebasehosting.googleapis.com/v1beta1/projects/-/sites/hours-tracker-505617/versions/137ebd98583b2586 200
[debug] [2026-08-26T22:11:26.214Z] <<< [apiv2][body] PATCH https://firebasehosting.googleapis.com/v1beta1/projects/-/sites/hours-tracker-505617/versions/137ebd98583b2586 {"name":"projects/1053801277711/sites/hours-tracker-505617/versions/137ebd98583b2586","status":"FINALIZED","config":{"headers":[{"headers":{"Cache-Control":"no-cache, no-store, must-revalidate"},"glob":"/"},{"headers":{"Cache-Control":"no-cache, no-store, must-revalidate"},"glob":"**/*.html"},{"headers":{"Cache-Control":"no-cache, must-revalidate"},"glob":"assets/**"}],"rewrites":[{"glob":"**","path":"/index.html"}]},"labels":{"deployment-tool":"cli-firebase"},"createTime":"2026-08-26T22:11:23.651476Z","createUser":{"email":"sandiepietz@gmail.com"},"finalizeTime":"2026-08-26T22:11:26.176116Z","finalizeUser":{"email":"sandiepietz@gmail.com"}}
[debug] [2026-08-26T22:11:26.214Z] [hosting] finalized version for hours-tracker-505617:[object Object]
[info] ✔  hosting[hours-tracker-505617]: version finalized 
[info] i  hosting[hours-tracker-505617]: releasing new version... 
[debug] [2026-08-26T22:11:26.214Z] Checked if tokens are valid: true, expires at: 1787785881233
[debug] [2026-08-26T22:11:26.214Z] Checked if tokens are valid: true, expires at: 1787785881233
[debug] [2026-08-26T22:11:26.215Z] >>> [apiv2][query] POST https://firebasehosting.googleapis.com/v1beta1/projects/-/sites/hours-tracker-505617/channels/live/releases versionName=projects%2F1053801277711%2Fsites%2Fhours-tracker-505617%2Fversions%2F137ebd98583b2586
[debug] [2026-08-26T22:11:26.215Z] >>> [apiv2][body] POST https://firebasehosting.googleapis.com/v1beta1/projects/-/sites/hours-tracker-505617/channels/live/releases {}
[debug] [2026-08-26T22:11:26.592Z] <<< [apiv2][status] POST https://firebasehosting.googleapis.com/v1beta1/projects/-/sites/hours-tracker-505617/channels/live/releases 200
[debug] [2026-08-26T22:14:19.903Z] ----------------------------------------------------------------------
[debug] [2026-08-26T22:14:19.906Z] Command:       /usr/local/bin/node /usr/local/bin/firebase deploy --only hosting
[debug] [2026-08-26T22:14:19.906Z] CLI Version:   15.28.1
[debug] [2026-08-26T22:14:19.906Z] Platform:      darwin
[debug] [2026-08-26T22:14:19.907Z] Node Version:  v24.19.0
[debug] [2026-08-26T22:14:19.907Z] Detected Agent: codex_cli
[debug] [2026-08-26T22:14:19.907Z] Time:          Wed Aug 26 2026 15:14:19 GMT-0700 (Mountain Standard Time)
[debug] [2026-08-26T22:14:19.907Z] ----------------------------------------------------------------------
[debug] 
[debug] [2026-08-26T22:14:20.314Z] > command requires scopes: ["email","openid","https://www.googleapis.com/auth/cloudplatformprojects.readonly","https://www.googleapis.com/auth/firebase","https://www.googleapis.com/auth/cloud-platform"]
[debug] [2026-08-26T22:14:20.314Z] > authorizing via signed-in user (sandiepietz@gmail.com)
[debug] [2026-08-26T22:14:20.314Z] [iam] checking project hours-tracker-505617 for permissions ["firebase.projects.get","firebasehosting.sites.update"]
[debug] [2026-08-26T22:14:20.321Z] Checked if tokens are valid: true, expires at: 1787785881233
[debug] [2026-08-26T22:14:20.321Z] Checked if tokens are valid: true, expires at: 1787785881233
[debug] [2026-08-26T22:14:20.322Z] >>> [apiv2][query] POST https://cloudresourcemanager.googleapis.com/v1/projects/hours-tracker-505617:testIamPermissions [none]
[debug] [2026-08-26T22:14:20.322Z] >>> [apiv2][(partial)header] POST https://cloudresourcemanager.googleapis.com/v1/projects/hours-tracker-505617:testIamPermissions  x-goog-user-project=hours-tracker-505617
[debug] [2026-08-26T22:14:20.322Z] >>> [apiv2][body] POST https://cloudresourcemanager.googleapis.com/v1/projects/hours-tracker-505617:testIamPermissions {"permissions":["firebase.projects.get","firebasehosting.sites.update"]}
[debug] [2026-08-26T22:14:20.764Z] <<< [apiv2][status] POST https://cloudresourcemanager.googleapis.com/v1/projects/hours-tracker-505617:testIamPermissions 200
[debug] [2026-08-26T22:14:20.764Z] <<< [apiv2][body] POST https://cloudresourcemanager.googleapis.com/v1/projects/hours-tracker-505617:testIamPermissions {"permissions":["firebase.projects.get","firebasehosting.sites.update"]}
[debug] [2026-08-26T22:14:20.764Z] Checked if tokens are valid: true, expires at: 1787785881233
[debug] [2026-08-26T22:14:20.765Z] Checked if tokens are valid: true, expires at: 1787785881233
[debug] [2026-08-26T22:14:20.765Z] >>> [apiv2][query] GET https://firebase.googleapis.com/v1beta1/projects/hours-tracker-505617 [none]
[debug] [2026-08-26T22:14:21.027Z] <<< [apiv2][status] GET https://firebase.googleapis.com/v1beta1/projects/hours-tracker-505617 200
[debug] [2026-08-26T22:14:21.027Z] <<< [apiv2][body] GET https://firebase.googleapis.com/v1beta1/projects/hours-tracker-505617 {"projectId":"hours-tracker-505617","projectNumber":"1053801277711","displayName":"Hours Tracker","name":"projects/hours-tracker-505617","resources":{"hostingSite":"hours-tracker-505617"},"state":"ACTIVE","labels":{"firebase":"enabled"},"etag":"1_9b67e5f4-0d64-458f-acc0-b5264089e54e"}
[info] 
[info] === Deploying to 'hours-tracker-505617'...
[info] 
[info] i  deploying hosting 
[debug] [2026-08-26T22:14:21.029Z] Checked if tokens are valid: true, expires at: 1787785881233
[debug] [2026-08-26T22:14:21.029Z] Checked if tokens are valid: true, expires at: 1787785881233
[debug] [2026-08-26T22:14:21.030Z] >>> [apiv2][query] GET https://firebasehosting.googleapis.com/v1beta1/projects/hours-tracker-505617/sites/hours-tracker-505617 [none]
[debug] [2026-08-26T22:14:21.574Z] <<< [apiv2][status] GET https://firebasehosting.googleapis.com/v1beta1/projects/hours-tracker-505617/sites/hours-tracker-505617 200
[debug] [2026-08-26T22:14:21.574Z] <<< [apiv2][body] GET https://firebasehosting.googleapis.com/v1beta1/projects/hours-tracker-505617/sites/hours-tracker-505617 {"name":"projects/hours-tracker-505617/sites/hours-tracker-505617","defaultUrl":"https://hours-tracker-505617.web.app","appId":"1:1053801277711:web:4ef9a62303536bf2bc367a","type":"DEFAULT_SITE"}
[debug] [2026-08-26T22:14:21.576Z] Checked if tokens are valid: true, expires at: 1787785881233
[debug] [2026-08-26T22:14:21.576Z] Checked if tokens are valid: true, expires at: 1787785881233
[debug] [2026-08-26T22:14:21.576Z] >>> [apiv2][query] POST https://firebasehosting.googleapis.com/v1beta1/projects/-/sites/hours-tracker-505617/versions [none]
[debug] [2026-08-26T22:14:21.576Z] >>> [apiv2][body] POST https://firebasehosting.googleapis.com/v1beta1/projects/-/sites/hours-tracker-505617/versions {"status":"CREATED","labels":{"deployment-tool":"cli-firebase"}}
[debug] [2026-08-26T22:14:22.086Z] <<< [apiv2][status] POST https://firebasehosting.googleapis.com/v1beta1/projects/-/sites/hours-tracker-505617/versions 200
[debug] [2026-08-26T22:14:22.086Z] <<< [apiv2][body] POST https://firebasehosting.googleapis.com/v1beta1/projects/-/sites/hours-tracker-505617/versions {"name":"projects/1053801277711/sites/hours-tracker-505617/versions/539ccda2249d704b","status":"CREATED","config":{},"labels":{"deployment-tool":"cli-firebase"}}
[info] i  hosting[hours-tracker-505617]: beginning deploy... 
[info] i  hosting[hours-tracker-505617]: found 7 files in firebase-dist 
[debug] [2026-08-26T22:14:22.099Z] [hosting] uploading with 200 concurrency
[debug] [2026-08-26T22:14:22.145Z] Checked if tokens are valid: true, expires at: 1787785881233
[debug] [2026-08-26T22:14:22.145Z] Checked if tokens are valid: true, expires at: 1787785881233
[debug] [2026-08-26T22:14:22.146Z] [hosting] hash cache [ZmlyZWJhc2UtZGlzdA] stored for 7 files
[debug] [2026-08-26T22:14:22.146Z] [hosting][hash queue][FINAL] {"max":44,"min":0,"avg":6.714285714285714,"active":0,"complete":7,"success":7,"errored":0,"retried":0,"total":7,"elapsed":46}
[debug] [2026-08-26T22:14:22.146Z] >>> [apiv2][query] POST https://firebasehosting.googleapis.com/v1beta1/projects/1053801277711/sites/hours-tracker-505617/versions/539ccda2249d704b:populateFiles [none]
[debug] [2026-08-26T22:14:22.146Z] >>> [apiv2][body] POST https://firebasehosting.googleapis.com/v1beta1/projects/1053801277711/sites/hours-tracker-505617/versions/539ccda2249d704b:populateFiles {"files":{"/window.svg":"32ea868a4067b3f236353dc7f0851952d02ecb0515826d1dd2590e61159b146a","/globe.svg":"a89af50fbe7023054a59f733eab7cc4c89605387c9decd9701536e081f5b607f","/file.svg":"0d4c6b6999e2d6106f033135f4b32598029367bd331608c34c4e4a072ea0b469","/favicon.svg":"f0fc09166d474aacd631f1d6cd9560d37843a8a233ad37eac785909c18823406","/assets/index-B3A5AJiX.css":"707ee213eb144c2ec8010b9b750383d3cc0d3d5797a2927e4777c11b12bd5393","/index.html":"779fa4fa2fec7768359ae96741a977bc3cb07ff605cc428c9cd65f3cfdcd883c","/assets/index-tT16tZ1S.js":"8f80ad89ec8caa8039c5d86a3a6676ab5245a8c097a8e067ac67de6201fb0345"}}
[debug] [2026-08-26T22:14:22.700Z] <<< [apiv2][status] POST https://firebasehosting.googleapis.com/v1beta1/projects/1053801277711/sites/hours-tracker-505617/versions/539ccda2249d704b:populateFiles 200
[debug] [2026-08-26T22:14:22.700Z] <<< [apiv2][body] POST https://firebasehosting.googleapis.com/v1beta1/projects/1053801277711/sites/hours-tracker-505617/versions/539ccda2249d704b:populateFiles {"uploadRequiredHashes":["8f80ad89ec8caa8039c5d86a3a6676ab5245a8c097a8e067ac67de6201fb0345","779fa4fa2fec7768359ae96741a977bc3cb07ff605cc428c9cd65f3cfdcd883c"],"uploadUrl":"https://upload-firebasehosting.googleapis.com/upload/sites/hours-tracker-505617/versions/539ccda2249d704b/files"}
[debug] [2026-08-26T22:14:22.701Z] Checked if tokens are valid: true, expires at: 1787785881233
[debug] [2026-08-26T22:14:22.701Z] Checked if tokens are valid: true, expires at: 1787785881233
[debug] [2026-08-26T22:14:22.702Z] Checked if tokens are valid: true, expires at: 1787785881233
[debug] [2026-08-26T22:14:22.702Z] Checked if tokens are valid: true, expires at: 1787785881233
[debug] [2026-08-26T22:14:22.702Z] >>> [apiv2][query] POST https://upload-firebasehosting.googleapis.com/upload/sites/hours-tracker-505617/versions/539ccda2249d704b/files/8f80ad89ec8caa8039c5d86a3a6676ab5245a8c097a8e067ac67de6201fb0345 [none]
[debug] [2026-08-26T22:14:22.702Z] >>> [apiv2][body] POST https://upload-firebasehosting.googleapis.com/upload/sites/hours-tracker-505617/versions/539ccda2249d704b/files/8f80ad89ec8caa8039c5d86a3a6676ab5245a8c097a8e067ac67de6201fb0345 [stream]
[debug] [2026-08-26T22:14:22.703Z] >>> [apiv2][query] POST https://upload-firebasehosting.googleapis.com/upload/sites/hours-tracker-505617/versions/539ccda2249d704b/files/779fa4fa2fec7768359ae96741a977bc3cb07ff605cc428c9cd65f3cfdcd883c [none]
[debug] [2026-08-26T22:14:22.703Z] >>> [apiv2][body] POST https://upload-firebasehosting.googleapis.com/upload/sites/hours-tracker-505617/versions/539ccda2249d704b/files/779fa4fa2fec7768359ae96741a977bc3cb07ff605cc428c9cd65f3cfdcd883c [stream]
[debug] [2026-08-26T22:14:22.705Z] [hosting][populate queue][FINAL] {"max":557,"min":557,"avg":557,"active":0,"complete":1,"success":1,"errored":0,"retried":0,"total":1,"elapsed":560}
[debug] [2026-08-26T22:14:22.705Z] [hosting] uploads queued: 2
[debug] [2026-08-26T22:14:23.726Z] <<< [apiv2][status] POST https://upload-firebasehosting.googleapis.com/upload/sites/hours-tracker-505617/versions/539ccda2249d704b/files/779fa4fa2fec7768359ae96741a977bc3cb07ff605cc428c9cd65f3cfdcd883c 200
[debug] [2026-08-26T22:14:23.726Z] <<< [apiv2][body] POST https://upload-firebasehosting.googleapis.com/upload/sites/hours-tracker-505617/versions/539ccda2249d704b/files/779fa4fa2fec7768359ae96741a977bc3cb07ff605cc428c9cd65f3cfdcd883c [stream]
[debug] [2026-08-26T22:14:23.765Z] <<< [apiv2][status] POST https://upload-firebasehosting.googleapis.com/upload/sites/hours-tracker-505617/versions/539ccda2249d704b/files/8f80ad89ec8caa8039c5d86a3a6676ab5245a8c097a8e067ac67de6201fb0345 200
[debug] [2026-08-26T22:14:23.765Z] <<< [apiv2][body] POST https://upload-firebasehosting.googleapis.com/upload/sites/hours-tracker-505617/versions/539ccda2249d704b/files/8f80ad89ec8caa8039c5d86a3a6676ab5245a8c097a8e067ac67de6201fb0345 [stream]
[debug] [2026-08-26T22:14:23.766Z] [hosting][upload queue][FINAL] {"max":1065,"min":1025,"avg":1045,"active":0,"complete":2,"success":2,"errored":0,"retried":0,"total":2,"elapsed":1065}
[info] i  hosting: upload complete 
[info] ✔  hosting[hours-tracker-505617]: file upload complete 
[debug] [2026-08-26T22:14:23.766Z] [hosting] deploy completed after 1677ms
[debug] [2026-08-26T22:14:23.767Z] [
  {
    "config": {
      "public": "firebase-dist",
      "ignore": [
        "firebase.json",
        "**/.*",
        "**/node_modules/**"
      ],
      "headers": [
        {
          "source": "/",
          "headers": [
            {
              "key": "Cache-Control",
              "value": "no-cache, no-store, must-revalidate"
            }
          ]
        },
        {
          "source": "**/*.html",
          "headers": [
            {
              "key": "Cache-Control",
              "value": "no-cache, no-store, must-revalidate"
            }
          ]
        },
        {
          "source": "assets/**",
          "headers": [
            {
              "key": "Cache-Control",
              "value": "no-cache, must-revalidate"
            }
          ]
        }
      ],
      "rewrites": [
        {
          "source": "**",
          "destination": "/index.html"
        }
      ],
      "site": "hours-tracker-505617"
    },
    "version": "projects/1053801277711/sites/hours-tracker-505617/versions/539ccda2249d704b"
  }
]
[info] i  hosting[hours-tracker-505617]: finalizing version... 
[debug] [2026-08-26T22:14:23.778Z] Checked if tokens are valid: true, expires at: 1787785881233
[debug] [2026-08-26T22:14:23.781Z] Checked if tokens are valid: true, expires at: 1787785881233
[debug] [2026-08-26T22:14:23.781Z] >>> [apiv2][query] PATCH https://firebasehosting.googleapis.com/v1beta1/projects/-/sites/hours-tracker-505617/versions/539ccda2249d704b updateMask=status%2Cconfig
[debug] [2026-08-26T22:14:23.781Z] >>> [apiv2][body] PATCH https://firebasehosting.googleapis.com/v1beta1/projects/-/sites/hours-tracker-505617/versions/539ccda2249d704b {"status":"FINALIZED","config":{"rewrites":[{"glob":"**","path":"/index.html"}],"headers":[{"glob":"/","headers":{"Cache-Control":"no-cache, no-store, must-revalidate"}},{"glob":"**/*.html","headers":{"Cache-Control":"no-cache, no-store, must-revalidate"}},{"glob":"assets/**","headers":{"Cache-Control":"no-cache, must-revalidate"}}]}}
[debug] [2026-08-26T22:14:24.137Z] <<< [apiv2][status] PATCH https://firebasehosting.googleapis.com/v1beta1/projects/-/sites/hours-tracker-505617/versions/539ccda2249d704b 200
[debug] [2026-08-26T22:14:24.137Z] <<< [apiv2][body] PATCH https://firebasehosting.googleapis.com/v1beta1/projects/-/sites/hours-tracker-505617/versions/539ccda2249d704b {"name":"projects/1053801277711/sites/hours-tracker-505617/versions/539ccda2249d704b","status":"FINALIZED","config":{"headers":[{"headers":{"Cache-Control":"no-cache, no-store, must-revalidate"},"glob":"/"},{"headers":{"Cache-Control":"no-cache, no-store, must-revalidate"},"glob":"**/*.html"},{"headers":{"Cache-Control":"no-cache, must-revalidate"},"glob":"assets/**"}],"rewrites":[{"glob":"**","path":"/index.html"}]},"labels":{"deployment-tool":"cli-firebase"},"createTime":"2026-08-26T22:14:21.729755Z","createUser":{"email":"sandiepietz@gmail.com"},"finalizeTime":"2026-08-26T22:14:24.014589Z","finalizeUser":{"email":"sandiepietz@gmail.com"}}
[debug] [2026-08-26T22:14:24.137Z] [hosting] finalized version for hours-tracker-505617:[object Object]
[info] ✔  hosting[hours-tracker-505617]: version finalized 
[info] i  hosting[hours-tracker-505617]: releasing new version... 
[debug] [2026-08-26T22:14:24.137Z] Checked if tokens are valid: true, expires at: 1787785881233
[debug] [2026-08-26T22:14:24.137Z] Checked if tokens are valid: true, expires at: 1787785881233
[debug] [2026-08-26T22:14:24.138Z] >>> [apiv2][query] POST https://firebasehosting.googleapis.com/v1beta1/projects/-/sites/hours-tracker-505617/channels/live/releases versionName=projects%2F1053801277711%2Fsites%2Fhours-tracker-505617%2Fversions%2F539ccda2249d704b
[debug] [2026-08-26T22:14:24.138Z] >>> [apiv2][body] POST https://firebasehosting.googleapis.com/v1beta1/projects/-/sites/hours-tracker-505617/channels/live/releases {}
[debug] [2026-08-26T22:14:24.646Z] <<< [apiv2][status] POST https://firebasehosting.googleapis.com/v1beta1/projects/-/sites/hours-tracker-505617/channels/live/releases 200
[debug] [2026-08-26T22:23:37.355Z] ----------------------------------------------------------------------
[debug] [2026-08-26T22:23:37.359Z] Command:       /usr/local/bin/node /usr/local/bin/firebase deploy --only hosting
[debug] [2026-08-26T22:23:37.359Z] CLI Version:   15.28.1
[debug] [2026-08-26T22:23:37.359Z] Platform:      darwin
[debug] [2026-08-26T22:23:37.359Z] Node Version:  v24.19.0
[debug] [2026-08-26T22:23:37.359Z] Detected Agent: codex_cli
[debug] [2026-08-26T22:23:37.359Z] Time:          Wed Aug 26 2026 15:23:37 GMT-0700 (Mountain Standard Time)
[debug] [2026-08-26T22:23:37.359Z] ----------------------------------------------------------------------
[debug] 
[debug] [2026-08-26T22:23:37.789Z] > command requires scopes: ["email","openid","https://www.googleapis.com/auth/cloudplatformprojects.readonly","https://www.googleapis.com/auth/firebase","https://www.googleapis.com/auth/cloud-platform"]
[debug] [2026-08-26T22:23:37.789Z] > authorizing via signed-in user (sandiepietz@gmail.com)
[debug] [2026-08-26T22:23:37.789Z] [iam] checking project hours-tracker-505617 for permissions ["firebase.projects.get","firebasehosting.sites.update"]
[debug] [2026-08-26T22:23:37.798Z] Checked if tokens are valid: true, expires at: 1787785881233
[debug] [2026-08-26T22:23:37.798Z] Checked if tokens are valid: true, expires at: 1787785881233
[debug] [2026-08-26T22:23:37.798Z] >>> [apiv2][query] POST https://cloudresourcemanager.googleapis.com/v1/projects/hours-tracker-505617:testIamPermissions [none]
[debug] [2026-08-26T22:23:37.798Z] >>> [apiv2][(partial)header] POST https://cloudresourcemanager.googleapis.com/v1/projects/hours-tracker-505617:testIamPermissions  x-goog-user-project=hours-tracker-505617
[debug] [2026-08-26T22:23:37.798Z] >>> [apiv2][body] POST https://cloudresourcemanager.googleapis.com/v1/projects/hours-tracker-505617:testIamPermissions {"permissions":["firebase.projects.get","firebasehosting.sites.update"]}
[debug] [2026-08-26T22:23:38.011Z] <<< [apiv2][status] POST https://cloudresourcemanager.googleapis.com/v1/projects/hours-tracker-505617:testIamPermissions 200
[debug] [2026-08-26T22:23:38.011Z] <<< [apiv2][body] POST https://cloudresourcemanager.googleapis.com/v1/projects/hours-tracker-505617:testIamPermissions {"permissions":["firebase.projects.get","firebasehosting.sites.update"]}
[debug] [2026-08-26T22:23:38.012Z] Checked if tokens are valid: true, expires at: 1787785881233
[debug] [2026-08-26T22:23:38.012Z] Checked if tokens are valid: true, expires at: 1787785881233
[debug] [2026-08-26T22:23:38.012Z] >>> [apiv2][query] GET https://firebase.googleapis.com/v1beta1/projects/hours-tracker-505617 [none]
[debug] [2026-08-26T22:23:38.272Z] <<< [apiv2][status] GET https://firebase.googleapis.com/v1beta1/projects/hours-tracker-505617 200
[debug] [2026-08-26T22:23:38.272Z] <<< [apiv2][body] GET https://firebase.googleapis.com/v1beta1/projects/hours-tracker-505617 {"projectId":"hours-tracker-505617","projectNumber":"1053801277711","displayName":"Hours Tracker","name":"projects/hours-tracker-505617","resources":{"hostingSite":"hours-tracker-505617"},"state":"ACTIVE","labels":{"firebase":"enabled"},"etag":"1_9b67e5f4-0d64-458f-acc0-b5264089e54e"}
[info] 
[info] === Deploying to 'hours-tracker-505617'...
[info] 
[info] i  deploying hosting 
[debug] [2026-08-26T22:23:38.275Z] Checked if tokens are valid: true, expires at: 1787785881233
[debug] [2026-08-26T22:23:38.275Z] Checked if tokens are valid: true, expires at: 1787785881233
[debug] [2026-08-26T22:23:38.275Z] >>> [apiv2][query] GET https://firebasehosting.googleapis.com/v1beta1/projects/hours-tracker-505617/sites/hours-tracker-505617 [none]
[debug] [2026-08-26T22:23:38.781Z] <<< [apiv2][status] GET https://firebasehosting.googleapis.com/v1beta1/projects/hours-tracker-505617/sites/hours-tracker-505617 200
[debug] [2026-08-26T22:23:38.781Z] <<< [apiv2][body] GET https://firebasehosting.googleapis.com/v1beta1/projects/hours-tracker-505617/sites/hours-tracker-505617 {"name":"projects/hours-tracker-505617/sites/hours-tracker-505617","defaultUrl":"https://hours-tracker-505617.web.app","appId":"1:1053801277711:web:4ef9a62303536bf2bc367a","type":"DEFAULT_SITE"}
[debug] [2026-08-26T22:23:38.782Z] Checked if tokens are valid: true, expires at: 1787785881233
[debug] [2026-08-26T22:23:38.782Z] Checked if tokens are valid: true, expires at: 1787785881233
[debug] [2026-08-26T22:23:38.782Z] >>> [apiv2][query] POST https://firebasehosting.googleapis.com/v1beta1/projects/-/sites/hours-tracker-505617/versions [none]
[debug] [2026-08-26T22:23:38.782Z] >>> [apiv2][body] POST https://firebasehosting.googleapis.com/v1beta1/projects/-/sites/hours-tracker-505617/versions {"status":"CREATED","labels":{"deployment-tool":"cli-firebase"}}
[debug] [2026-08-26T22:23:39.279Z] <<< [apiv2][status] POST https://firebasehosting.googleapis.com/v1beta1/projects/-/sites/hours-tracker-505617/versions 200
[debug] [2026-08-26T22:23:39.280Z] <<< [apiv2][body] POST https://firebasehosting.googleapis.com/v1beta1/projects/-/sites/hours-tracker-505617/versions {"name":"projects/1053801277711/sites/hours-tracker-505617/versions/ed34603a6e80709a","status":"CREATED","config":{},"labels":{"deployment-tool":"cli-firebase"}}
[info] i  hosting[hours-tracker-505617]: beginning deploy... 
[info] i  hosting[hours-tracker-505617]: found 7 files in firebase-dist 
[debug] [2026-08-26T22:23:39.293Z] [hosting] uploading with 200 concurrency
[debug] [2026-08-26T22:23:39.340Z] Checked if tokens are valid: true, expires at: 1787785881233
[debug] [2026-08-26T22:23:39.340Z] Checked if tokens are valid: true, expires at: 1787785881233
[debug] [2026-08-26T22:23:39.341Z] [hosting] hash cache [ZmlyZWJhc2UtZGlzdA] stored for 7 files
[debug] [2026-08-26T22:23:39.341Z] [hosting][hash queue][FINAL] {"max":45,"min":0,"avg":6.857142857142857,"active":0,"complete":7,"success":7,"errored":0,"retried":0,"total":7,"elapsed":47}
[debug] [2026-08-26T22:23:39.341Z] >>> [apiv2][query] POST https://firebasehosting.googleapis.com/v1beta1/projects/1053801277711/sites/hours-tracker-505617/versions/ed34603a6e80709a:populateFiles [none]
[debug] [2026-08-26T22:23:39.341Z] >>> [apiv2][body] POST https://firebasehosting.googleapis.com/v1beta1/projects/1053801277711/sites/hours-tracker-505617/versions/ed34603a6e80709a:populateFiles {"files":{"/window.svg":"32ea868a4067b3f236353dc7f0851952d02ecb0515826d1dd2590e61159b146a","/globe.svg":"a89af50fbe7023054a59f733eab7cc4c89605387c9decd9701536e081f5b607f","/file.svg":"0d4c6b6999e2d6106f033135f4b32598029367bd331608c34c4e4a072ea0b469","/favicon.svg":"f0fc09166d474aacd631f1d6cd9560d37843a8a233ad37eac785909c18823406","/assets/index-B3A5AJiX.css":"707ee213eb144c2ec8010b9b750383d3cc0d3d5797a2927e4777c11b12bd5393","/index.html":"9fcb2e0194360a78f100ca885e0c44b02d2dc353d307395fb63635f78739a5df","/assets/index-tT16tZ1S.js":"fbc19d6b954dc24eeb12e63b1b1b05779c4854f4e4c81797d8d28fb9e862b30c"}}
[debug] [2026-08-26T22:23:39.688Z] <<< [apiv2][status] POST https://firebasehosting.googleapis.com/v1beta1/projects/1053801277711/sites/hours-tracker-505617/versions/ed34603a6e80709a:populateFiles 200
[debug] [2026-08-26T22:23:39.688Z] <<< [apiv2][body] POST https://firebasehosting.googleapis.com/v1beta1/projects/1053801277711/sites/hours-tracker-505617/versions/ed34603a6e80709a:populateFiles {"uploadRequiredHashes":["9fcb2e0194360a78f100ca885e0c44b02d2dc353d307395fb63635f78739a5df","fbc19d6b954dc24eeb12e63b1b1b05779c4854f4e4c81797d8d28fb9e862b30c"],"uploadUrl":"https://upload-firebasehosting.googleapis.com/upload/sites/hours-tracker-505617/versions/ed34603a6e80709a/files"}
[debug] [2026-08-26T22:23:39.689Z] Checked if tokens are valid: true, expires at: 1787785881233
[debug] [2026-08-26T22:23:39.689Z] Checked if tokens are valid: true, expires at: 1787785881233
[debug] [2026-08-26T22:23:39.690Z] Checked if tokens are valid: true, expires at: 1787785881233
[debug] [2026-08-26T22:23:39.690Z] Checked if tokens are valid: true, expires at: 1787785881233
[debug] [2026-08-26T22:23:39.690Z] >>> [apiv2][query] POST https://upload-firebasehosting.googleapis.com/upload/sites/hours-tracker-505617/versions/ed34603a6e80709a/files/9fcb2e0194360a78f100ca885e0c44b02d2dc353d307395fb63635f78739a5df [none]
[debug] [2026-08-26T22:23:39.690Z] >>> [apiv2][body] POST https://upload-firebasehosting.googleapis.com/upload/sites/hours-tracker-505617/versions/ed34603a6e80709a/files/9fcb2e0194360a78f100ca885e0c44b02d2dc353d307395fb63635f78739a5df [stream]
[debug] [2026-08-26T22:23:39.693Z] >>> [apiv2][query] POST https://upload-firebasehosting.googleapis.com/upload/sites/hours-tracker-505617/versions/ed34603a6e80709a/files/fbc19d6b954dc24eeb12e63b1b1b05779c4854f4e4c81797d8d28fb9e862b30c [none]
[debug] [2026-08-26T22:23:39.693Z] >>> [apiv2][body] POST https://upload-firebasehosting.googleapis.com/upload/sites/hours-tracker-505617/versions/ed34603a6e80709a/files/fbc19d6b954dc24eeb12e63b1b1b05779c4854f4e4c81797d8d28fb9e862b30c [stream]
[debug] [2026-08-26T22:23:39.697Z] [hosting][populate queue][FINAL] {"max":350,"min":350,"avg":350,"active":0,"complete":1,"success":1,"errored":0,"retried":0,"total":1,"elapsed":357}
[debug] [2026-08-26T22:23:39.697Z] [hosting] uploads queued: 2
[debug] [2026-08-26T22:23:40.997Z] <<< [apiv2][status] POST https://upload-firebasehosting.googleapis.com/upload/sites/hours-tracker-505617/versions/ed34603a6e80709a/files/fbc19d6b954dc24eeb12e63b1b1b05779c4854f4e4c81797d8d28fb9e862b30c 200
[debug] [2026-08-26T22:23:40.998Z] <<< [apiv2][body] POST https://upload-firebasehosting.googleapis.com/upload/sites/hours-tracker-505617/versions/ed34603a6e80709a/files/fbc19d6b954dc24eeb12e63b1b1b05779c4854f4e4c81797d8d28fb9e862b30c [stream]
[debug] [2026-08-26T22:23:41.099Z] <<< [apiv2][status] POST https://upload-firebasehosting.googleapis.com/upload/sites/hours-tracker-505617/versions/ed34603a6e80709a/files/9fcb2e0194360a78f100ca885e0c44b02d2dc353d307395fb63635f78739a5df 200
[debug] [2026-08-26T22:23:41.099Z] <<< [apiv2][body] POST https://upload-firebasehosting.googleapis.com/upload/sites/hours-tracker-505617/versions/ed34603a6e80709a/files/9fcb2e0194360a78f100ca885e0c44b02d2dc353d307395fb63635f78739a5df [stream]
[debug] [2026-08-26T22:23:41.100Z] [hosting][upload queue][FINAL] {"max":1410,"min":1308,"avg":1359,"active":0,"complete":2,"success":2,"errored":0,"retried":0,"total":2,"elapsed":1411}
[info] i  hosting: upload complete 
[info] ✔  hosting[hours-tracker-505617]: file upload complete 
[debug] [2026-08-26T22:23:41.100Z] [hosting] deploy completed after 1818ms
[debug] [2026-08-26T22:23:41.101Z] [
  {
    "config": {
      "public": "firebase-dist",
      "ignore": [
        "firebase.json",
        "**/.*",
        "**/node_modules/**"
      ],
      "headers": [
        {
          "source": "/",
          "headers": [
            {
              "key": "Cache-Control",
              "value": "no-cache, no-store, must-revalidate"
            }
          ]
        },
        {
          "source": "**/*.html",
          "headers": [
            {
              "key": "Cache-Control",
              "value": "no-cache, no-store, must-revalidate"
            }
          ]
        },
        {
          "source": "assets/**",
          "headers": [
            {
              "key": "Cache-Control",
              "value": "no-cache, must-revalidate"
            }
          ]
        }
      ],
      "rewrites": [
        {
          "source": "**",
          "destination": "/index.html"
        }
      ],
      "site": "hours-tracker-505617"
    },
    "version": "projects/1053801277711/sites/hours-tracker-505617/versions/ed34603a6e80709a"
  }
]
[info] i  hosting[hours-tracker-505617]: finalizing version... 
[debug] [2026-08-26T22:23:41.104Z] Checked if tokens are valid: true, expires at: 1787785881233
[debug] [2026-08-26T22:23:41.104Z] Checked if tokens are valid: true, expires at: 1787785881233
[debug] [2026-08-26T22:23:41.104Z] >>> [apiv2][query] PATCH https://firebasehosting.googleapis.com/v1beta1/projects/-/sites/hours-tracker-505617/versions/ed34603a6e80709a updateMask=status%2Cconfig
[debug] [2026-08-26T22:23:41.104Z] >>> [apiv2][body] PATCH https://firebasehosting.googleapis.com/v1beta1/projects/-/sites/hours-tracker-505617/versions/ed34603a6e80709a {"status":"FINALIZED","config":{"rewrites":[{"glob":"**","path":"/index.html"}],"headers":[{"glob":"/","headers":{"Cache-Control":"no-cache, no-store, must-revalidate"}},{"glob":"**/*.html","headers":{"Cache-Control":"no-cache, no-store, must-revalidate"}},{"glob":"assets/**","headers":{"Cache-Control":"no-cache, must-revalidate"}}]}}
[debug] [2026-08-26T22:23:41.510Z] <<< [apiv2][status] PATCH https://firebasehosting.googleapis.com/v1beta1/projects/-/sites/hours-tracker-505617/versions/ed34603a6e80709a 200
[debug] [2026-08-26T22:23:41.511Z] <<< [apiv2][body] PATCH https://firebasehosting.googleapis.com/v1beta1/projects/-/sites/hours-tracker-505617/versions/ed34603a6e80709a {"name":"projects/1053801277711/sites/hours-tracker-505617/versions/ed34603a6e80709a","status":"FINALIZED","config":{"headers":[{"headers":{"Cache-Control":"no-cache, no-store, must-revalidate"},"glob":"/"},{"headers":{"Cache-Control":"no-cache, no-store, must-revalidate"},"glob":"**/*.html"},{"headers":{"Cache-Control":"no-cache, must-revalidate"},"glob":"assets/**"}],"rewrites":[{"glob":"**","path":"/index.html"}]},"labels":{"deployment-tool":"cli-firebase"},"createTime":"2026-08-26T22:23:38.933533Z","createUser":{"email":"sandiepietz@gmail.com"},"finalizeTime":"2026-08-26T22:23:41.469207Z","finalizeUser":{"email":"sandiepietz@gmail.com"}}
[debug] [2026-08-26T22:23:41.511Z] [hosting] finalized version for hours-tracker-505617:[object Object]
[info] ✔  hosting[hours-tracker-505617]: version finalized 
[info] i  hosting[hours-tracker-505617]: releasing new version... 
[debug] [2026-08-26T22:23:41.511Z] Checked if tokens are valid: true, expires at: 1787785881233
[debug] [2026-08-26T22:23:41.512Z] Checked if tokens are valid: true, expires at: 1787785881233
[debug] [2026-08-26T22:23:41.512Z] >>> [apiv2][query] POST https://firebasehosting.googleapis.com/v1beta1/projects/-/sites/hours-tracker-505617/channels/live/releases versionName=projects%2F1053801277711%2Fsites%2Fhours-tracker-505617%2Fversions%2Fed34603a6e80709a
[debug] [2026-08-26T22:23:41.512Z] >>> [apiv2][body] POST https://firebasehosting.googleapis.com/v1beta1/projects/-/sites/hours-tracker-505617/channels/live/releases {}
[debug] [2026-08-26T22:23:41.918Z] <<< [apiv2][status] POST https://firebasehosting.googleapis.com/v1beta1/projects/-/sites/hours-tracker-505617/channels/live/releases 200
[debug] [2026-08-26T22:36:19.674Z] ----------------------------------------------------------------------
[debug] [2026-08-26T22:36:19.678Z] Command:       /usr/local/bin/node /usr/local/bin/firebase deploy --only hosting
[debug] [2026-08-26T22:36:19.678Z] CLI Version:   15.28.1
[debug] [2026-08-26T22:36:19.678Z] Platform:      darwin
[debug] [2026-08-26T22:36:19.678Z] Node Version:  v24.19.0
[debug] [2026-08-26T22:36:19.678Z] Detected Agent: codex_cli
[debug] [2026-08-26T22:36:19.678Z] Time:          Wed Aug 26 2026 15:36:19 GMT-0700 (Mountain Standard Time)
[debug] [2026-08-26T22:36:19.678Z] ----------------------------------------------------------------------
[debug] 
[debug] [2026-08-26T22:36:20.110Z] > command requires scopes: ["email","openid","https://www.googleapis.com/auth/cloudplatformprojects.readonly","https://www.googleapis.com/auth/firebase","https://www.googleapis.com/auth/cloud-platform"]
[debug] [2026-08-26T22:36:20.110Z] > authorizing via signed-in user (sandiepietz@gmail.com)
[debug] [2026-08-26T22:36:20.110Z] [iam] checking project hours-tracker-505617 for permissions ["firebase.projects.get","firebasehosting.sites.update"]
[debug] [2026-08-26T22:36:20.122Z] Checked if tokens are valid: true, expires at: 1787785881233
[debug] [2026-08-26T22:36:20.122Z] Checked if tokens are valid: true, expires at: 1787785881233
[debug] [2026-08-26T22:36:20.123Z] >>> [apiv2][query] POST https://cloudresourcemanager.googleapis.com/v1/projects/hours-tracker-505617:testIamPermissions [none]
[debug] [2026-08-26T22:36:20.123Z] >>> [apiv2][(partial)header] POST https://cloudresourcemanager.googleapis.com/v1/projects/hours-tracker-505617:testIamPermissions  x-goog-user-project=hours-tracker-505617
[debug] [2026-08-26T22:36:20.123Z] >>> [apiv2][body] POST https://cloudresourcemanager.googleapis.com/v1/projects/hours-tracker-505617:testIamPermissions {"permissions":["firebase.projects.get","firebasehosting.sites.update"]}
[debug] [2026-08-26T22:36:20.509Z] <<< [apiv2][status] POST https://cloudresourcemanager.googleapis.com/v1/projects/hours-tracker-505617:testIamPermissions 200
[debug] [2026-08-26T22:36:20.510Z] <<< [apiv2][body] POST https://cloudresourcemanager.googleapis.com/v1/projects/hours-tracker-505617:testIamPermissions {"permissions":["firebase.projects.get","firebasehosting.sites.update"]}
[debug] [2026-08-26T22:36:20.510Z] Checked if tokens are valid: true, expires at: 1787785881233
[debug] [2026-08-26T22:36:20.510Z] Checked if tokens are valid: true, expires at: 1787785881233
[debug] [2026-08-26T22:36:20.510Z] >>> [apiv2][query] GET https://firebase.googleapis.com/v1beta1/projects/hours-tracker-505617 [none]
[debug] [2026-08-26T22:36:20.825Z] <<< [apiv2][status] GET https://firebase.googleapis.com/v1beta1/projects/hours-tracker-505617 200
[debug] [2026-08-26T22:36:20.825Z] <<< [apiv2][body] GET https://firebase.googleapis.com/v1beta1/projects/hours-tracker-505617 {"projectId":"hours-tracker-505617","projectNumber":"1053801277711","displayName":"Hours Tracker","name":"projects/hours-tracker-505617","resources":{"hostingSite":"hours-tracker-505617"},"state":"ACTIVE","labels":{"firebase":"enabled"},"etag":"1_9b67e5f4-0d64-458f-acc0-b5264089e54e"}
[info] 
[info] === Deploying to 'hours-tracker-505617'...
[info] 
[info] i  deploying hosting 
[debug] [2026-08-26T22:36:20.828Z] Checked if tokens are valid: true, expires at: 1787785881233
[debug] [2026-08-26T22:36:20.829Z] Checked if tokens are valid: true, expires at: 1787785881233
[debug] [2026-08-26T22:36:20.829Z] >>> [apiv2][query] GET https://firebasehosting.googleapis.com/v1beta1/projects/hours-tracker-505617/sites/hours-tracker-505617 [none]
[debug] [2026-08-26T22:36:21.630Z] <<< [apiv2][status] GET https://firebasehosting.googleapis.com/v1beta1/projects/hours-tracker-505617/sites/hours-tracker-505617 200
[debug] [2026-08-26T22:36:21.631Z] <<< [apiv2][body] GET https://firebasehosting.googleapis.com/v1beta1/projects/hours-tracker-505617/sites/hours-tracker-505617 {"name":"projects/hours-tracker-505617/sites/hours-tracker-505617","defaultUrl":"https://hours-tracker-505617.web.app","appId":"1:1053801277711:web:4ef9a62303536bf2bc367a","type":"DEFAULT_SITE"}
[debug] [2026-08-26T22:36:21.632Z] Checked if tokens are valid: true, expires at: 1787785881233
[debug] [2026-08-26T22:36:21.632Z] Checked if tokens are valid: true, expires at: 1787785881233
[debug] [2026-08-26T22:36:21.632Z] >>> [apiv2][query] POST https://firebasehosting.googleapis.com/v1beta1/projects/-/sites/hours-tracker-505617/versions [none]
[debug] [2026-08-26T22:36:21.632Z] >>> [apiv2][body] POST https://firebasehosting.googleapis.com/v1beta1/projects/-/sites/hours-tracker-505617/versions {"status":"CREATED","labels":{"deployment-tool":"cli-firebase"}}
[debug] [2026-08-26T22:36:22.140Z] <<< [apiv2][status] POST https://firebasehosting.googleapis.com/v1beta1/projects/-/sites/hours-tracker-505617/versions 200
[debug] [2026-08-26T22:36:22.140Z] <<< [apiv2][body] POST https://firebasehosting.googleapis.com/v1beta1/projects/-/sites/hours-tracker-505617/versions {"name":"projects/1053801277711/sites/hours-tracker-505617/versions/54d4367d1425b1bf","status":"CREATED","config":{},"labels":{"deployment-tool":"cli-firebase"}}
[info] i  hosting[hours-tracker-505617]: beginning deploy... 
[info] i  hosting[hours-tracker-505617]: found 8 files in firebase-dist 
[debug] [2026-08-26T22:36:22.154Z] [hosting] uploading with 200 concurrency
[debug] [2026-08-26T22:36:22.201Z] Checked if tokens are valid: true, expires at: 1787785881233
[debug] [2026-08-26T22:36:22.201Z] Checked if tokens are valid: true, expires at: 1787785881233
[debug] [2026-08-26T22:36:22.201Z] [hosting] hash cache [ZmlyZWJhc2UtZGlzdA] stored for 8 files
[debug] [2026-08-26T22:36:22.201Z] [hosting][hash queue][FINAL] {"max":45,"min":1,"avg":10.75,"active":0,"complete":8,"success":8,"errored":0,"retried":0,"total":8,"elapsed":46}
[debug] [2026-08-26T22:36:22.202Z] >>> [apiv2][query] POST https://firebasehosting.googleapis.com/v1beta1/projects/1053801277711/sites/hours-tracker-505617/versions/54d4367d1425b1bf:populateFiles [none]
[debug] [2026-08-26T22:36:22.202Z] >>> [apiv2][body] POST https://firebasehosting.googleapis.com/v1beta1/projects/1053801277711/sites/hours-tracker-505617/versions/54d4367d1425b1bf:populateFiles {"files":{"/window.svg":"32ea868a4067b3f236353dc7f0851952d02ecb0515826d1dd2590e61159b146a","/globe.svg":"a89af50fbe7023054a59f733eab7cc4c89605387c9decd9701536e081f5b607f","/file.svg":"0d4c6b6999e2d6106f033135f4b32598029367bd331608c34c4e4a072ea0b469","/favicon.svg":"f0fc09166d474aacd631f1d6cd9560d37843a8a233ad37eac785909c18823406","/index.html":"7929deb83e811b71c2671907d0037cf30ec7d220ce219183dff723660b85b5a9","/assets/index-B3A5AJiX.css":"2ceae7d9109cc2ac1869c724b4bffbcc5c4787c7be744ed069523179d2f4ecad","/assets/fadap-clock-logo.png":"f036224ab593ba74c67c4eb5a09bd46dfdf50540037e9ffa0da1a49a18609ee6","/assets/index-tT16tZ1S.js":"d7fc2d4af97e0c121bff16c766892a8169ba3168a3af7edd9c81e26dfa7865e1"}}
[debug] [2026-08-26T22:36:22.754Z] <<< [apiv2][status] POST https://firebasehosting.googleapis.com/v1beta1/projects/1053801277711/sites/hours-tracker-505617/versions/54d4367d1425b1bf:populateFiles 200
[debug] [2026-08-26T22:36:22.754Z] <<< [apiv2][body] POST https://firebasehosting.googleapis.com/v1beta1/projects/1053801277711/sites/hours-tracker-505617/versions/54d4367d1425b1bf:populateFiles {"uploadRequiredHashes":["7929deb83e811b71c2671907d0037cf30ec7d220ce219183dff723660b85b5a9","2ceae7d9109cc2ac1869c724b4bffbcc5c4787c7be744ed069523179d2f4ecad","f036224ab593ba74c67c4eb5a09bd46dfdf50540037e9ffa0da1a49a18609ee6","d7fc2d4af97e0c121bff16c766892a8169ba3168a3af7edd9c81e26dfa7865e1"],"uploadUrl":"https://upload-firebasehosting.googleapis.com/upload/sites/hours-tracker-505617/versions/54d4367d1425b1bf/files"}
[debug] [2026-08-26T22:36:22.755Z] Checked if tokens are valid: true, expires at: 1787785881233
[debug] [2026-08-26T22:36:22.755Z] Checked if tokens are valid: true, expires at: 1787785881233
[debug] [2026-08-26T22:36:22.756Z] Checked if tokens are valid: true, expires at: 1787785881233
[debug] [2026-08-26T22:36:22.756Z] Checked if tokens are valid: true, expires at: 1787785881233
[debug] [2026-08-26T22:36:22.756Z] Checked if tokens are valid: true, expires at: 1787785881233
[debug] [2026-08-26T22:36:22.757Z] Checked if tokens are valid: true, expires at: 1787785881233
[debug] [2026-08-26T22:36:22.757Z] Checked if tokens are valid: true, expires at: 1787785881233
[debug] [2026-08-26T22:36:22.757Z] Checked if tokens are valid: true, expires at: 1787785881233
[debug] [2026-08-26T22:36:22.758Z] >>> [apiv2][query] POST https://upload-firebasehosting.googleapis.com/upload/sites/hours-tracker-505617/versions/54d4367d1425b1bf/files/7929deb83e811b71c2671907d0037cf30ec7d220ce219183dff723660b85b5a9 [none]
[debug] [2026-08-26T22:36:22.758Z] >>> [apiv2][body] POST https://upload-firebasehosting.googleapis.com/upload/sites/hours-tracker-505617/versions/54d4367d1425b1bf/files/7929deb83e811b71c2671907d0037cf30ec7d220ce219183dff723660b85b5a9 [stream]
[debug] [2026-08-26T22:36:22.760Z] >>> [apiv2][query] POST https://upload-firebasehosting.googleapis.com/upload/sites/hours-tracker-505617/versions/54d4367d1425b1bf/files/2ceae7d9109cc2ac1869c724b4bffbcc5c4787c7be744ed069523179d2f4ecad [none]
[debug] [2026-08-26T22:36:22.760Z] >>> [apiv2][body] POST https://upload-firebasehosting.googleapis.com/upload/sites/hours-tracker-505617/versions/54d4367d1425b1bf/files/2ceae7d9109cc2ac1869c724b4bffbcc5c4787c7be744ed069523179d2f4ecad [stream]
[debug] [2026-08-26T22:36:22.760Z] >>> [apiv2][query] POST https://upload-firebasehosting.googleapis.com/upload/sites/hours-tracker-505617/versions/54d4367d1425b1bf/files/f036224ab593ba74c67c4eb5a09bd46dfdf50540037e9ffa0da1a49a18609ee6 [none]
[debug] [2026-08-26T22:36:22.760Z] >>> [apiv2][body] POST https://upload-firebasehosting.googleapis.com/upload/sites/hours-tracker-505617/versions/54d4367d1425b1bf/files/f036224ab593ba74c67c4eb5a09bd46dfdf50540037e9ffa0da1a49a18609ee6 [stream]
[debug] [2026-08-26T22:36:22.761Z] >>> [apiv2][query] POST https://upload-firebasehosting.googleapis.com/upload/sites/hours-tracker-505617/versions/54d4367d1425b1bf/files/d7fc2d4af97e0c121bff16c766892a8169ba3168a3af7edd9c81e26dfa7865e1 [none]
[debug] [2026-08-26T22:36:22.761Z] >>> [apiv2][body] POST https://upload-firebasehosting.googleapis.com/upload/sites/hours-tracker-505617/versions/54d4367d1425b1bf/files/d7fc2d4af97e0c121bff16c766892a8169ba3168a3af7edd9c81e26dfa7865e1 [stream]
[debug] [2026-08-26T22:36:22.763Z] [hosting][populate queue][FINAL] {"max":557,"min":557,"avg":557,"active":0,"complete":1,"success":1,"errored":0,"retried":0,"total":1,"elapsed":562}
[debug] [2026-08-26T22:36:22.764Z] [hosting] uploads queued: 4
[debug] [2026-08-26T22:36:23.783Z] <<< [apiv2][status] POST https://upload-firebasehosting.googleapis.com/upload/sites/hours-tracker-505617/versions/54d4367d1425b1bf/files/2ceae7d9109cc2ac1869c724b4bffbcc5c4787c7be744ed069523179d2f4ecad 200
[debug] [2026-08-26T22:36:23.784Z] <<< [apiv2][body] POST https://upload-firebasehosting.googleapis.com/upload/sites/hours-tracker-505617/versions/54d4367d1425b1bf/files/2ceae7d9109cc2ac1869c724b4bffbcc5c4787c7be744ed069523179d2f4ecad [stream]
[debug] [2026-08-26T22:36:23.843Z] <<< [apiv2][status] POST https://upload-firebasehosting.googleapis.com/upload/sites/hours-tracker-505617/versions/54d4367d1425b1bf/files/f036224ab593ba74c67c4eb5a09bd46dfdf50540037e9ffa0da1a49a18609ee6 200
[debug] [2026-08-26T22:36:23.843Z] <<< [apiv2][body] POST https://upload-firebasehosting.googleapis.com/upload/sites/hours-tracker-505617/versions/54d4367d1425b1bf/files/f036224ab593ba74c67c4eb5a09bd46dfdf50540037e9ffa0da1a49a18609ee6 [stream]
[debug] [2026-08-26T22:36:23.843Z] <<< [apiv2][status] POST https://upload-firebasehosting.googleapis.com/upload/sites/hours-tracker-505617/versions/54d4367d1425b1bf/files/d7fc2d4af97e0c121bff16c766892a8169ba3168a3af7edd9c81e26dfa7865e1 200
[debug] [2026-08-26T22:36:23.843Z] <<< [apiv2][body] POST https://upload-firebasehosting.googleapis.com/upload/sites/hours-tracker-505617/versions/54d4367d1425b1bf/files/d7fc2d4af97e0c121bff16c766892a8169ba3168a3af7edd9c81e26dfa7865e1 [stream]
[debug] [2026-08-26T22:36:23.869Z] <<< [apiv2][status] POST https://upload-firebasehosting.googleapis.com/upload/sites/hours-tracker-505617/versions/54d4367d1425b1bf/files/7929deb83e811b71c2671907d0037cf30ec7d220ce219183dff723660b85b5a9 200
[debug] [2026-08-26T22:36:23.869Z] <<< [apiv2][body] POST https://upload-firebasehosting.googleapis.com/upload/sites/hours-tracker-505617/versions/54d4367d1425b1bf/files/7929deb83e811b71c2671907d0037cf30ec7d220ce219183dff723660b85b5a9 [stream]
[debug] [2026-08-26T22:36:23.869Z] [hosting][upload queue][FINAL] {"max":1114,"min":1029,"avg":1079,"active":0,"complete":4,"success":4,"errored":0,"retried":0,"total":4,"elapsed":1114}
[info] i  hosting: upload complete 
[info] ✔  hosting[hours-tracker-505617]: file upload complete 
[debug] [2026-08-26T22:36:23.870Z] [hosting] deploy completed after 1726ms
[debug] [2026-08-26T22:36:23.870Z] [
  {
    "config": {
      "public": "firebase-dist",
      "ignore": [
        "firebase.json",
        "**/.*",
        "**/node_modules/**"
      ],
      "headers": [
        {
          "source": "/",
          "headers": [
            {
              "key": "Cache-Control",
              "value": "no-cache, no-store, must-revalidate"
            }
          ]
        },
        {
          "source": "**/*.html",
          "headers": [
            {
              "key": "Cache-Control",
              "value": "no-cache, no-store, must-revalidate"
            }
          ]
        },
        {
          "source": "assets/**",
          "headers": [
            {
              "key": "Cache-Control",
              "value": "no-cache, must-revalidate"
            }
          ]
        }
      ],
      "rewrites": [
        {
          "source": "**",
          "destination": "/index.html"
        }
      ],
      "site": "hours-tracker-505617"
    },
    "version": "projects/1053801277711/sites/hours-tracker-505617/versions/54d4367d1425b1bf"
  }
]
[info] i  hosting[hours-tracker-505617]: finalizing version... 
[debug] [2026-08-26T22:36:23.874Z] Checked if tokens are valid: true, expires at: 1787785881233
[debug] [2026-08-26T22:36:23.874Z] Checked if tokens are valid: true, expires at: 1787785881233
[debug] [2026-08-26T22:36:23.875Z] >>> [apiv2][query] PATCH https://firebasehosting.googleapis.com/v1beta1/projects/-/sites/hours-tracker-505617/versions/54d4367d1425b1bf updateMask=status%2Cconfig
[debug] [2026-08-26T22:36:23.875Z] >>> [apiv2][body] PATCH https://firebasehosting.googleapis.com/v1beta1/projects/-/sites/hours-tracker-505617/versions/54d4367d1425b1bf {"status":"FINALIZED","config":{"rewrites":[{"glob":"**","path":"/index.html"}],"headers":[{"glob":"/","headers":{"Cache-Control":"no-cache, no-store, must-revalidate"}},{"glob":"**/*.html","headers":{"Cache-Control":"no-cache, no-store, must-revalidate"}},{"glob":"assets/**","headers":{"Cache-Control":"no-cache, must-revalidate"}}]}}
[debug] [2026-08-26T22:36:24.190Z] <<< [apiv2][status] PATCH https://firebasehosting.googleapis.com/v1beta1/projects/-/sites/hours-tracker-505617/versions/54d4367d1425b1bf 200
[debug] [2026-08-26T22:36:24.190Z] <<< [apiv2][body] PATCH https://firebasehosting.googleapis.com/v1beta1/projects/-/sites/hours-tracker-505617/versions/54d4367d1425b1bf {"name":"projects/1053801277711/sites/hours-tracker-505617/versions/54d4367d1425b1bf","status":"FINALIZED","config":{"headers":[{"headers":{"Cache-Control":"no-cache, no-store, must-revalidate"},"glob":"/"},{"headers":{"Cache-Control":"no-cache, no-store, must-revalidate"},"glob":"**/*.html"},{"headers":{"Cache-Control":"no-cache, must-revalidate"},"glob":"assets/**"}],"rewrites":[{"glob":"**","path":"/index.html"}]},"labels":{"deployment-tool":"cli-firebase"},"createTime":"2026-08-26T22:36:21.805070Z","createUser":{"email":"sandiepietz@gmail.com"},"finalizeTime":"2026-08-26T22:36:24.167314Z","finalizeUser":{"email":"sandiepietz@gmail.com"}}
[debug] [2026-08-26T22:36:24.190Z] [hosting] finalized version for hours-tracker-505617:[object Object]
[info] ✔  hosting[hours-tracker-505617]: version finalized 
[info] i  hosting[hours-tracker-505617]: releasing new version... 
[debug] [2026-08-26T22:36:24.190Z] Checked if tokens are valid: true, expires at: 1787785881233
[debug] [2026-08-26T22:36:24.190Z] Checked if tokens are valid: true, expires at: 1787785881233
[debug] [2026-08-26T22:36:24.190Z] >>> [apiv2][query] POST https://firebasehosting.googleapis.com/v1beta1/projects/-/sites/hours-tracker-505617/channels/live/releases versionName=projects%2F1053801277711%2Fsites%2Fhours-tracker-505617%2Fversions%2F54d4367d1425b1bf
[debug] [2026-08-26T22:36:24.190Z] >>> [apiv2][body] POST https://firebasehosting.googleapis.com/v1beta1/projects/-/sites/hours-tracker-505617/channels/live/releases {}
[debug] [2026-08-26T22:36:24.557Z] <<< [apiv2][status] POST https://firebasehosting.googleapis.com/v1beta1/projects/-/sites/hours-tracker-505617/channels/live/releases 200
